ISO-10303-21;
HEADER;
FILE_DESCRIPTION(('KiCad electronic assembly'),'2;1');
FILE_NAME('B-MLX90640-BRK_R1.0_Step.step','2025-11-28T13:36:06',(
    'Pcbnew'),('Kicad'),'Open CASCADE STEP processor 7.6',
  'KiCad to STEP converter','Unknown');
FILE_SCHEMA(('AUTOMOTIVE_DESIGN { 1 0 10303 214 1 1 1 1 }'));
ENDSEC;
DATA;
#1 = APPLICATION_PROTOCOL_DEFINITION('international standard',
  'automotive_design',2000,#2);
#2 = APPLICATION_CONTEXT(
  'core data for automotive mechanical design processes');
#3 = SHAPE_DEFINITION_REPRESENTATION(#4,#10);
#4 = PRODUCT_DEFINITION_SHAPE('','',#5);
#5 = PRODUCT_DEFINITION('design','',#6,#9);
#6 = PRODUCT_DEFINITION_FORMATION('','',#7);
#7 = PRODUCT('B-MLX90640-BRK_R1.0_Step 1','B-MLX90640-BRK_R1.0_Step 1',
  '',(#8));
#8 = PRODUCT_CONTEXT('',#2,'mechanical');
#9 = PRODUCT_DEFINITION_CONTEXT('part definition',#2,'design');
#10 = SHAPE_REPRESENTATION('',(#11,#15,#19,#23,#27,#31,#35,#39,#43,#47,
    #51,#55,#59),#63);
#11 = AXIS2_PLACEMENT_3D('',#12,#13,#14);
#12 = CARTESIAN_POINT('',(0.,0.,0.));
#13 = DIRECTION('',(0.,0.,1.));
#14 = DIRECTION('',(1.,0.,-0.));
#15 = AXIS2_PLACEMENT_3D('',#16,#17,#18);
#16 = CARTESIAN_POINT('',(150.2,-98.24,1.595));
#17 = DIRECTION('',(0.,0.,1.));
#18 = DIRECTION('',(-1.,1.224646799147E-16,0.));
#19 = AXIS2_PLACEMENT_3D('',#20,#21,#22);
#20 = CARTESIAN_POINT('',(146.25,-96.85,1.595));
#21 = DIRECTION('',(0.,0.,1.));
#22 = DIRECTION('',(1.,0.,0.));
#23 = AXIS2_PLACEMENT_3D('',#24,#25,#26);
#24 = CARTESIAN_POINT('',(146.602732,-106.461962,1.595));
#25 = DIRECTION('',(0.,0.,1.));
#26 = DIRECTION('',(1.,0.,0.));
#27 = AXIS2_PLACEMENT_3D('',#28,#29,#30);
#28 = CARTESIAN_POINT('',(154.82,-92.4,1.595));
#29 = DIRECTION('',(-0.,0.,1.));
#30 = DIRECTION('',(1.110223024625E-16,-1.,0.));
#31 = AXIS2_PLACEMENT_3D('',#32,#33,#34);
#32 = CARTESIAN_POINT('',(138.59,-97.55,1.595));
#33 = DIRECTION('',(0.,0.,1.));
#34 = DIRECTION('',(-1.,1.224646799147E-16,0.));
#35 = AXIS2_PLACEMENT_3D('',#36,#37,#38);
#36 = CARTESIAN_POINT('',(138.765,-100.46,1.595));
#37 = DIRECTION('',(-0.,0.,1.));
#38 = DIRECTION('',(1.110223024625E-16,-1.,0.));
#39 = AXIS2_PLACEMENT_3D('',#40,#41,#42);
#40 = CARTESIAN_POINT('',(142.35,-97.1,1.595));
#41 = DIRECTION('',(0.,0.,1.));
#42 = DIRECTION('',(1.,0.,0.));
#43 = AXIS2_PLACEMENT_3D('',#44,#45,#46);
#44 = CARTESIAN_POINT('',(154.82,-96.35,1.595));
#45 = DIRECTION('',(0.,-0.,1.));
#46 = DIRECTION('',(1.110223024625E-16,1.,0.));
#47 = AXIS2_PLACEMENT_3D('',#48,#49,#50);
#48 = CARTESIAN_POINT('',(150.2,-96.6,1.595));
#49 = DIRECTION('',(0.,0.,1.));
#50 = DIRECTION('',(-1.,1.224646799147E-16,0.));
#51 = AXIS2_PLACEMENT_3D('',#52,#53,#54);
#52 = CARTESIAN_POINT('',(138.94,-103.37,1.595));
#53 = DIRECTION('',(0.,0.,1.));
#54 = DIRECTION('',(-1.,1.224646799147E-16,0.));
#55 = AXIS2_PLACEMENT_3D('',#56,#57,#58);
#56 = CARTESIAN_POINT('',(146.260163,-102.070624,-8.5E-02));
#57 = DIRECTION('',(0.382683432365,-0.923879532511,-1.976179080861E-16)
  );
#58 = DIRECTION('',(-0.923879532511,-0.382683432365,8.659560562355E-17)
  );
#59 = AXIS2_PLACEMENT_3D('',#60,#61,#62);
#60 = CARTESIAN_POINT('',(0.,0.,0.));
#61 = DIRECTION('',(0.,0.,1.));
#62 = DIRECTION('',(1.,0.,-0.));
#63 = ( GEOMETRIC_REPRESENTATION_CONTEXT(3) 
GLOBAL_UNCERTAINTY_ASSIGNED_CONTEXT((#67)) GLOBAL_UNIT_ASSIGNED_CONTEXT(
(#64,#65,#66)) REPRESENTATION_CONTEXT('Context #1',
  '3D Context with UNIT and UNCERTAINTY') );
#64 = ( LENGTH_UNIT() NAMED_UNIT(*) SI_UNIT(.MILLI.,.METRE.) );
#65 = ( NAMED_UNIT(*) PLANE_ANGLE_UNIT() SI_UNIT($,.RADIAN.) );
#66 = ( NAMED_UNIT(*) SI_UNIT($,.STERADIAN.) SOLID_ANGLE_UNIT() );
#67 = UNCERTAINTY_MEASURE_WITH_UNIT(LENGTH_MEASURE(5.E-07),#64,
  'distance_accuracy_value','confusion accuracy');
#68 = PRODUCT_RELATED_PRODUCT_CATEGORY('part',$,(#7));
#69 = SHAPE_DEFINITION_REPRESENTATION(#70,#76);
#70 = PRODUCT_DEFINITION_SHAPE('','',#71);
#71 = PRODUCT_DEFINITION('design','',#72,#75);
#72 = PRODUCT_DEFINITION_FORMATION('','',#73);
#73 = PRODUCT('R_0603_1608Metric','R_0603_1608Metric','',(#74));
#74 = PRODUCT_CONTEXT('',#2,'mechanical');
#75 = PRODUCT_DEFINITION_CONTEXT('part definition',#2,'design');
#76 = ADVANCED_BREP_SHAPE_REPRESENTATION('',(#11,#77),#867);
#77 = MANIFOLD_SOLID_BREP('',#78);
#78 = CLOSED_SHELL('',(#79,#119,#202,#227,#252,#319,#336,#353,#402,#419,
    #436,#485,#502,#571,#602,#626,#695,#719,#736,#753,#770,#787,#804,
    #821,#838,#855));
#79 = ADVANCED_FACE('',(#80),#114,.F.);
#80 = FACE_BOUND('',#81,.F.);
#81 = EDGE_LOOP('',(#82,#92,#100,#108));
#82 = ORIENTED_EDGE('',*,*,#83,.F.);
#83 = EDGE_CURVE('',#84,#86,#88,.T.);
#84 = VERTEX_POINT('',#85);
#85 = CARTESIAN_POINT('',(-0.8,-0.4,4.5E-02));
#86 = VERTEX_POINT('',#87);
#87 = CARTESIAN_POINT('',(-0.8,-0.4,0.405));
#88 = LINE('',#89,#90);
#89 = CARTESIAN_POINT('',(-0.8,-0.4,0.));
#90 = VECTOR('',#91,1.);
#91 = DIRECTION('',(0.,0.,1.));
#92 = ORIENTED_EDGE('',*,*,#93,.T.);
#93 = EDGE_CURVE('',#84,#94,#96,.T.);
#94 = VERTEX_POINT('',#95);
#95 = CARTESIAN_POINT('',(-0.8,0.4,4.5E-02));
#96 = LINE('',#97,#98);
#97 = CARTESIAN_POINT('',(-0.8,-0.4,4.5E-02));
#98 = VECTOR('',#99,1.);
#99 = DIRECTION('',(0.,1.,0.));
#100 = ORIENTED_EDGE('',*,*,#101,.T.);
#101 = EDGE_CURVE('',#94,#102,#104,.T.);
#102 = VERTEX_POINT('',#103);
#103 = CARTESIAN_POINT('',(-0.8,0.4,0.405));
#104 = LINE('',#105,#106);
#105 = CARTESIAN_POINT('',(-0.8,0.4,0.));
#106 = VECTOR('',#107,1.);
#107 = DIRECTION('',(0.,0.,1.));
#108 = ORIENTED_EDGE('',*,*,#109,.F.);
#109 = EDGE_CURVE('',#86,#102,#110,.T.);
#110 = LINE('',#111,#112);
#111 = CARTESIAN_POINT('',(-0.8,-0.4,0.405));
#112 = VECTOR('',#113,1.);
#113 = DIRECTION('',(0.,1.,0.));
#114 = PLANE('',#115);
#115 = AXIS2_PLACEMENT_3D('',#116,#117,#118);
#116 = CARTESIAN_POINT('',(-0.8,-0.4,0.));
#117 = DIRECTION('',(1.,0.,0.));
#118 = DIRECTION('',(0.,0.,1.));
#119 = ADVANCED_FACE('',(#120),#197,.F.);
#120 = FACE_BOUND('',#121,.F.);
#121 = EDGE_LOOP('',(#122,#132,#139,#140,#149,#157,#166,#174,#182,#190)
  );
#122 = ORIENTED_EDGE('',*,*,#123,.F.);
#123 = EDGE_CURVE('',#124,#126,#128,.T.);
#124 = VERTEX_POINT('',#125);
#125 = CARTESIAN_POINT('',(-0.755,-0.4,-2.775557561563E-17));
#126 = VERTEX_POINT('',#127);
#127 = CARTESIAN_POINT('',(-0.545,-0.4,-2.775557561563E-17));
#128 = LINE('',#129,#130);
#129 = CARTESIAN_POINT('',(-0.8,-0.4,0.));
#130 = VECTOR('',#131,1.);
#131 = DIRECTION('',(1.,0.,0.));
#132 = ORIENTED_EDGE('',*,*,#133,.F.);
#133 = EDGE_CURVE('',#84,#124,#134,.T.);
#134 = CIRCLE('',#135,4.5E-02);
#135 = AXIS2_PLACEMENT_3D('',#136,#137,#138);
#136 = CARTESIAN_POINT('',(-0.755,-0.4,4.5E-02));
#137 = DIRECTION('',(0.,-1.,0.));
#138 = DIRECTION('',(0.,0.,1.));
#139 = ORIENTED_EDGE('',*,*,#83,.T.);
#140 = ORIENTED_EDGE('',*,*,#141,.T.);
#141 = EDGE_CURVE('',#86,#142,#144,.T.);
#142 = VERTEX_POINT('',#143);
#143 = CARTESIAN_POINT('',(-0.755,-0.4,0.45));
#144 = CIRCLE('',#145,4.5E-02);
#145 = AXIS2_PLACEMENT_3D('',#146,#147,#148);
#146 = CARTESIAN_POINT('',(-0.755,-0.4,0.405));
#147 = DIRECTION('',(0.,1.,0.));
#148 = DIRECTION('',(0.,-0.,1.));
#149 = ORIENTED_EDGE('',*,*,#150,.T.);
#150 = EDGE_CURVE('',#142,#151,#153,.T.);
#151 = VERTEX_POINT('',#152);
#152 = CARTESIAN_POINT('',(-0.545,-0.4,0.45));
#153 = LINE('',#154,#155);
#154 = CARTESIAN_POINT('',(-0.8,-0.4,0.45));
#155 = VECTOR('',#156,1.);
#156 = DIRECTION('',(1.,0.,0.));
#157 = ORIENTED_EDGE('',*,*,#158,.F.);
#158 = EDGE_CURVE('',#159,#151,#161,.T.);
#159 = VERTEX_POINT('',#160);
#160 = CARTESIAN_POINT('',(-0.5,-0.4,0.405));
#161 = CIRCLE('',#162,4.5E-02);
#162 = AXIS2_PLACEMENT_3D('',#163,#164,#165);
#163 = CARTESIAN_POINT('',(-0.545,-0.4,0.405));
#164 = DIRECTION('',(0.,-1.,0.));
#165 = DIRECTION('',(0.,0.,1.));
#166 = ORIENTED_EDGE('',*,*,#167,.F.);
#167 = EDGE_CURVE('',#168,#159,#170,.T.);
#168 = VERTEX_POINT('',#169);
#169 = CARTESIAN_POINT('',(-0.755,-0.4,0.405));
#170 = LINE('',#171,#172);
#171 = CARTESIAN_POINT('',(-0.755,-0.4,0.405));
#172 = VECTOR('',#173,1.);
#173 = DIRECTION('',(1.,0.,0.));
#174 = ORIENTED_EDGE('',*,*,#175,.F.);
#175 = EDGE_CURVE('',#176,#168,#178,.T.);
#176 = VERTEX_POINT('',#177);
#177 = CARTESIAN_POINT('',(-0.755,-0.4,4.5E-02));
#178 = LINE('',#179,#180);
#179 = CARTESIAN_POINT('',(-0.755,-0.4,4.5E-02));
#180 = VECTOR('',#181,1.);
#181 = DIRECTION('',(0.,0.,1.));
#182 = ORIENTED_EDGE('',*,*,#183,.T.);
#183 = EDGE_CURVE('',#176,#184,#186,.T.);
#184 = VERTEX_POINT('',#185);
#185 = CARTESIAN_POINT('',(-0.5,-0.4,4.5E-02));
#186 = LINE('',#187,#188);
#187 = CARTESIAN_POINT('',(-0.755,-0.4,4.5E-02));
#188 = VECTOR('',#189,1.);
#189 = DIRECTION('',(1.,0.,0.));
#190 = ORIENTED_EDGE('',*,*,#191,.T.);
#191 = EDGE_CURVE('',#184,#126,#192,.T.);
#192 = CIRCLE('',#193,4.5E-02);
#193 = AXIS2_PLACEMENT_3D('',#194,#195,#196);
#194 = CARTESIAN_POINT('',(-0.545,-0.4,4.5E-02));
#195 = DIRECTION('',(0.,1.,0.));
#196 = DIRECTION('',(0.,-0.,1.));
#197 = PLANE('',#198);
#198 = AXIS2_PLACEMENT_3D('',#199,#200,#201);
#199 = CARTESIAN_POINT('',(-0.8,-0.4,0.));
#200 = DIRECTION('',(0.,1.,0.));
#201 = DIRECTION('',(0.,-0.,1.));
#202 = ADVANCED_FACE('',(#203),#222,.T.);
#203 = FACE_BOUND('',#204,.T.);
#204 = EDGE_LOOP('',(#205,#206,#215,#221));
#205 = ORIENTED_EDGE('',*,*,#93,.T.);
#206 = ORIENTED_EDGE('',*,*,#207,.T.);
#207 = EDGE_CURVE('',#94,#208,#210,.T.);
#208 = VERTEX_POINT('',#209);
#209 = CARTESIAN_POINT('',(-0.755,0.4,-2.775557561563E-17));
#210 = CIRCLE('',#211,4.5E-02);
#211 = AXIS2_PLACEMENT_3D('',#212,#213,#214);
#212 = CARTESIAN_POINT('',(-0.755,0.4,4.5E-02));
#213 = DIRECTION('',(0.,-1.,0.));
#214 = DIRECTION('',(0.,0.,1.));
#215 = ORIENTED_EDGE('',*,*,#216,.F.);
#216 = EDGE_CURVE('',#124,#208,#217,.T.);
#217 = LINE('',#218,#219);
#218 = CARTESIAN_POINT('',(-0.755,-0.4,-2.775557561563E-17));
#219 = VECTOR('',#220,1.);
#220 = DIRECTION('',(0.,1.,0.));
#221 = ORIENTED_EDGE('',*,*,#133,.F.);
#222 = CYLINDRICAL_SURFACE('',#223,4.5E-02);
#223 = AXIS2_PLACEMENT_3D('',#224,#225,#226);
#224 = CARTESIAN_POINT('',(-0.755,-0.4,4.5E-02));
#225 = DIRECTION('',(0.,1.,0.));
#226 = DIRECTION('',(-1.,0.,0.));
#227 = ADVANCED_FACE('',(#228),#247,.T.);
#228 = FACE_BOUND('',#229,.T.);
#229 = EDGE_LOOP('',(#230,#231,#239,#246));
#230 = ORIENTED_EDGE('',*,*,#141,.T.);
#231 = ORIENTED_EDGE('',*,*,#232,.T.);
#232 = EDGE_CURVE('',#142,#233,#235,.T.);
#233 = VERTEX_POINT('',#234);
#234 = CARTESIAN_POINT('',(-0.755,0.4,0.45));
#235 = LINE('',#236,#237);
#236 = CARTESIAN_POINT('',(-0.755,-0.4,0.45));
#237 = VECTOR('',#238,1.);
#238 = DIRECTION('',(0.,1.,0.));
#239 = ORIENTED_EDGE('',*,*,#240,.F.);
#240 = EDGE_CURVE('',#102,#233,#241,.T.);
#241 = CIRCLE('',#242,4.5E-02);
#242 = AXIS2_PLACEMENT_3D('',#243,#244,#245);
#243 = CARTESIAN_POINT('',(-0.755,0.4,0.405));
#244 = DIRECTION('',(0.,1.,0.));
#245 = DIRECTION('',(0.,-0.,1.));
#246 = ORIENTED_EDGE('',*,*,#109,.F.);
#247 = CYLINDRICAL_SURFACE('',#248,4.5E-02);
#248 = AXIS2_PLACEMENT_3D('',#249,#250,#251);
#249 = CARTESIAN_POINT('',(-0.755,-0.4,0.405));
#250 = DIRECTION('',(0.,1.,0.));
#251 = DIRECTION('',(-1.,0.,0.));
#252 = ADVANCED_FACE('',(#253),#314,.T.);
#253 = FACE_BOUND('',#254,.T.);
#254 = EDGE_LOOP('',(#255,#263,#264,#265,#266,#274,#283,#291,#299,#307)
  );
#255 = ORIENTED_EDGE('',*,*,#256,.F.);
#256 = EDGE_CURVE('',#208,#257,#259,.T.);
#257 = VERTEX_POINT('',#258);
#258 = CARTESIAN_POINT('',(-0.545,0.4,-2.775557561563E-17));
#259 = LINE('',#260,#261);
#260 = CARTESIAN_POINT('',(-0.8,0.4,0.));
#261 = VECTOR('',#262,1.);
#262 = DIRECTION('',(1.,0.,0.));
#263 = ORIENTED_EDGE('',*,*,#207,.F.);
#264 = ORIENTED_EDGE('',*,*,#101,.T.);
#265 = ORIENTED_EDGE('',*,*,#240,.T.);
#266 = ORIENTED_EDGE('',*,*,#267,.T.);
#267 = EDGE_CURVE('',#233,#268,#270,.T.);
#268 = VERTEX_POINT('',#269);
#269 = CARTESIAN_POINT('',(-0.545,0.4,0.45));
#270 = LINE('',#271,#272);
#271 = CARTESIAN_POINT('',(-0.8,0.4,0.45));
#272 = VECTOR('',#273,1.);
#273 = DIRECTION('',(1.,0.,0.));
#274 = ORIENTED_EDGE('',*,*,#275,.F.);
#275 = EDGE_CURVE('',#276,#268,#278,.T.);
#276 = VERTEX_POINT('',#277);
#277 = CARTESIAN_POINT('',(-0.5,0.4,0.405));
#278 = CIRCLE('',#279,4.5E-02);
#279 = AXIS2_PLACEMENT_3D('',#280,#281,#282);
#280 = CARTESIAN_POINT('',(-0.545,0.4,0.405));
#281 = DIRECTION('',(0.,-1.,0.));
#282 = DIRECTION('',(0.,0.,1.));
#283 = ORIENTED_EDGE('',*,*,#284,.F.);
#284 = EDGE_CURVE('',#285,#276,#287,.T.);
#285 = VERTEX_POINT('',#286);
#286 = CARTESIAN_POINT('',(-0.755,0.4,0.405));
#287 = LINE('',#288,#289);
#288 = CARTESIAN_POINT('',(-0.755,0.4,0.405));
#289 = VECTOR('',#290,1.);
#290 = DIRECTION('',(1.,0.,0.));
#291 = ORIENTED_EDGE('',*,*,#292,.F.);
#292 = EDGE_CURVE('',#293,#285,#295,.T.);
#293 = VERTEX_POINT('',#294);
#294 = CARTESIAN_POINT('',(-0.755,0.4,4.5E-02));
#295 = LINE('',#296,#297);
#296 = CARTESIAN_POINT('',(-0.755,0.4,4.5E-02));
#297 = VECTOR('',#298,1.);
#298 = DIRECTION('',(0.,0.,1.));
#299 = ORIENTED_EDGE('',*,*,#300,.T.);
#300 = EDGE_CURVE('',#293,#301,#303,.T.);
#301 = VERTEX_POINT('',#302);
#302 = CARTESIAN_POINT('',(-0.5,0.4,4.5E-02));
#303 = LINE('',#304,#305);
#304 = CARTESIAN_POINT('',(-0.755,0.4,4.5E-02));
#305 = VECTOR('',#306,1.);
#306 = DIRECTION('',(1.,0.,0.));
#307 = ORIENTED_EDGE('',*,*,#308,.T.);
#308 = EDGE_CURVE('',#301,#257,#309,.T.);
#309 = CIRCLE('',#310,4.5E-02);
#310 = AXIS2_PLACEMENT_3D('',#311,#312,#313);
#311 = CARTESIAN_POINT('',(-0.545,0.4,4.5E-02));
#312 = DIRECTION('',(0.,1.,0.));
#313 = DIRECTION('',(0.,-0.,1.));
#314 = PLANE('',#315);
#315 = AXIS2_PLACEMENT_3D('',#316,#317,#318);
#316 = CARTESIAN_POINT('',(-0.8,0.4,0.));
#317 = DIRECTION('',(0.,1.,0.));
#318 = DIRECTION('',(0.,-0.,1.));
#319 = ADVANCED_FACE('',(#320),#331,.F.);
#320 = FACE_BOUND('',#321,.F.);
#321 = EDGE_LOOP('',(#322,#323,#324,#325));
#322 = ORIENTED_EDGE('',*,*,#256,.F.);
#323 = ORIENTED_EDGE('',*,*,#216,.F.);
#324 = ORIENTED_EDGE('',*,*,#123,.T.);
#325 = ORIENTED_EDGE('',*,*,#326,.T.);
#326 = EDGE_CURVE('',#126,#257,#327,.T.);
#327 = LINE('',#328,#329);
#328 = CARTESIAN_POINT('',(-0.545,-0.4,-2.775557561563E-17));
#329 = VECTOR('',#330,1.);
#330 = DIRECTION('',(0.,1.,0.));
#331 = PLANE('',#332);
#332 = AXIS2_PLACEMENT_3D('',#333,#334,#335);
#333 = CARTESIAN_POINT('',(-0.8,-0.4,0.));
#334 = DIRECTION('',(0.,0.,1.));
#335 = DIRECTION('',(1.,0.,-0.));
#336 = ADVANCED_FACE('',(#337),#348,.T.);
#337 = FACE_BOUND('',#338,.T.);
#338 = EDGE_LOOP('',(#339,#340,#341,#342));
#339 = ORIENTED_EDGE('',*,*,#191,.T.);
#340 = ORIENTED_EDGE('',*,*,#326,.T.);
#341 = ORIENTED_EDGE('',*,*,#308,.F.);
#342 = ORIENTED_EDGE('',*,*,#343,.F.);
#343 = EDGE_CURVE('',#184,#301,#344,.T.);
#344 = LINE('',#345,#346);
#345 = CARTESIAN_POINT('',(-0.5,-0.4,4.5E-02));
#346 = VECTOR('',#347,1.);
#347 = DIRECTION('',(0.,1.,0.));
#348 = CYLINDRICAL_SURFACE('',#349,4.5E-02);
#349 = AXIS2_PLACEMENT_3D('',#350,#351,#352);
#350 = CARTESIAN_POINT('',(-0.545,-0.4,4.5E-02));
#351 = DIRECTION('',(0.,1.,0.));
#352 = DIRECTION('',(1.,0.,0.));
#353 = ADVANCED_FACE('',(#354),#397,.F.);
#354 = FACE_BOUND('',#355,.F.);
#355 = EDGE_LOOP('',(#356,#357,#358,#359,#367,#375,#383,#391));
#356 = ORIENTED_EDGE('',*,*,#183,.F.);
#357 = ORIENTED_EDGE('',*,*,#175,.T.);
#358 = ORIENTED_EDGE('',*,*,#167,.T.);
#359 = ORIENTED_EDGE('',*,*,#360,.T.);
#360 = EDGE_CURVE('',#159,#361,#363,.T.);
#361 = VERTEX_POINT('',#362);
#362 = CARTESIAN_POINT('',(0.5,-0.4,0.405));
#363 = LINE('',#364,#365);
#364 = CARTESIAN_POINT('',(-0.5,-0.4,0.405));
#365 = VECTOR('',#366,1.);
#366 = DIRECTION('',(1.,0.,0.));
#367 = ORIENTED_EDGE('',*,*,#368,.T.);
#368 = EDGE_CURVE('',#361,#369,#371,.T.);
#369 = VERTEX_POINT('',#370);
#370 = CARTESIAN_POINT('',(0.755,-0.4,0.405));
#371 = LINE('',#372,#373);
#372 = CARTESIAN_POINT('',(-0.755,-0.4,0.405));
#373 = VECTOR('',#374,1.);
#374 = DIRECTION('',(1.,0.,0.));
#375 = ORIENTED_EDGE('',*,*,#376,.F.);
#376 = EDGE_CURVE('',#377,#369,#379,.T.);
#377 = VERTEX_POINT('',#378);
#378 = CARTESIAN_POINT('',(0.755,-0.4,4.5E-02));
#379 = LINE('',#380,#381);
#380 = CARTESIAN_POINT('',(0.755,-0.4,4.5E-02));
#381 = VECTOR('',#382,1.);
#382 = DIRECTION('',(0.,0.,1.));
#383 = ORIENTED_EDGE('',*,*,#384,.F.);
#384 = EDGE_CURVE('',#385,#377,#387,.T.);
#385 = VERTEX_POINT('',#386);
#386 = CARTESIAN_POINT('',(0.5,-0.4,4.5E-02));
#387 = LINE('',#388,#389);
#388 = CARTESIAN_POINT('',(-0.755,-0.4,4.5E-02));
#389 = VECTOR('',#390,1.);
#390 = DIRECTION('',(1.,0.,0.));
#391 = ORIENTED_EDGE('',*,*,#392,.F.);
#392 = EDGE_CURVE('',#184,#385,#393,.T.);
#393 = LINE('',#394,#395);
#394 = CARTESIAN_POINT('',(-0.755,-0.4,4.5E-02));
#395 = VECTOR('',#396,1.);
#396 = DIRECTION('',(1.,0.,0.));
#397 = PLANE('',#398);
#398 = AXIS2_PLACEMENT_3D('',#399,#400,#401);
#399 = CARTESIAN_POINT('',(-0.755,-0.4,4.5E-02));
#400 = DIRECTION('',(0.,1.,0.));
#401 = DIRECTION('',(0.,-0.,1.));
#402 = ADVANCED_FACE('',(#403),#414,.T.);
#403 = FACE_BOUND('',#404,.T.);
#404 = EDGE_LOOP('',(#405,#406,#407,#408));
#405 = ORIENTED_EDGE('',*,*,#267,.F.);
#406 = ORIENTED_EDGE('',*,*,#232,.F.);
#407 = ORIENTED_EDGE('',*,*,#150,.T.);
#408 = ORIENTED_EDGE('',*,*,#409,.T.);
#409 = EDGE_CURVE('',#151,#268,#410,.T.);
#410 = LINE('',#411,#412);
#411 = CARTESIAN_POINT('',(-0.545,-0.4,0.45));
#412 = VECTOR('',#413,1.);
#413 = DIRECTION('',(0.,1.,0.));
#414 = PLANE('',#415);
#415 = AXIS2_PLACEMENT_3D('',#416,#417,#418);
#416 = CARTESIAN_POINT('',(-0.8,-0.4,0.45));
#417 = DIRECTION('',(0.,0.,1.));
#418 = DIRECTION('',(1.,0.,-0.));
#419 = ADVANCED_FACE('',(#420),#431,.T.);
#420 = FACE_BOUND('',#421,.T.);
#421 = EDGE_LOOP('',(#422,#428,#429,#430));
#422 = ORIENTED_EDGE('',*,*,#423,.T.);
#423 = EDGE_CURVE('',#159,#276,#424,.T.);
#424 = LINE('',#425,#426);
#425 = CARTESIAN_POINT('',(-0.5,-0.4,0.405));
#426 = VECTOR('',#427,1.);
#427 = DIRECTION('',(0.,1.,0.));
#428 = ORIENTED_EDGE('',*,*,#275,.T.);
#429 = ORIENTED_EDGE('',*,*,#409,.F.);
#430 = ORIENTED_EDGE('',*,*,#158,.F.);
#431 = CYLINDRICAL_SURFACE('',#432,4.5E-02);
#432 = AXIS2_PLACEMENT_3D('',#433,#434,#435);
#433 = CARTESIAN_POINT('',(-0.545,-0.4,0.405));
#434 = DIRECTION('',(0.,1.,0.));
#435 = DIRECTION('',(1.,0.,0.));
#436 = ADVANCED_FACE('',(#437),#480,.T.);
#437 = FACE_BOUND('',#438,.T.);
#438 = EDGE_LOOP('',(#439,#440,#441,#442,#450,#458,#466,#474));
#439 = ORIENTED_EDGE('',*,*,#300,.F.);
#440 = ORIENTED_EDGE('',*,*,#292,.T.);
#441 = ORIENTED_EDGE('',*,*,#284,.T.);
#442 = ORIENTED_EDGE('',*,*,#443,.T.);
#443 = EDGE_CURVE('',#276,#444,#446,.T.);
#444 = VERTEX_POINT('',#445);
#445 = CARTESIAN_POINT('',(0.5,0.4,0.405));
#446 = LINE('',#447,#448);
#447 = CARTESIAN_POINT('',(-0.5,0.4,0.405));
#448 = VECTOR('',#449,1.);
#449 = DIRECTION('',(1.,0.,0.));
#450 = ORIENTED_EDGE('',*,*,#451,.T.);
#451 = EDGE_CURVE('',#444,#452,#454,.T.);
#452 = VERTEX_POINT('',#453);
#453 = CARTESIAN_POINT('',(0.755,0.4,0.405));
#454 = LINE('',#455,#456);
#455 = CARTESIAN_POINT('',(-0.755,0.4,0.405));
#456 = VECTOR('',#457,1.);
#457 = DIRECTION('',(1.,0.,0.));
#458 = ORIENTED_EDGE('',*,*,#459,.F.);
#459 = EDGE_CURVE('',#460,#452,#462,.T.);
#460 = VERTEX_POINT('',#461);
#461 = CARTESIAN_POINT('',(0.755,0.4,4.5E-02));
#462 = LINE('',#463,#464);
#463 = CARTESIAN_POINT('',(0.755,0.4,4.5E-02));
#464 = VECTOR('',#465,1.);
#465 = DIRECTION('',(0.,0.,1.));
#466 = ORIENTED_EDGE('',*,*,#467,.F.);
#467 = EDGE_CURVE('',#468,#460,#470,.T.);
#468 = VERTEX_POINT('',#469);
#469 = CARTESIAN_POINT('',(0.5,0.4,4.5E-02));
#470 = LINE('',#471,#472);
#471 = CARTESIAN_POINT('',(-0.755,0.4,4.5E-02));
#472 = VECTOR('',#473,1.);
#473 = DIRECTION('',(1.,0.,0.));
#474 = ORIENTED_EDGE('',*,*,#475,.F.);
#475 = EDGE_CURVE('',#301,#468,#476,.T.);
#476 = LINE('',#477,#478);
#477 = CARTESIAN_POINT('',(-0.755,0.4,4.5E-02));
#478 = VECTOR('',#479,1.);
#479 = DIRECTION('',(1.,0.,0.));
#480 = PLANE('',#481);
#481 = AXIS2_PLACEMENT_3D('',#482,#483,#484);
#482 = CARTESIAN_POINT('',(-0.755,0.4,4.5E-02));
#483 = DIRECTION('',(0.,1.,0.));
#484 = DIRECTION('',(0.,-0.,1.));
#485 = ADVANCED_FACE('',(#486),#497,.F.);
#486 = FACE_BOUND('',#487,.F.);
#487 = EDGE_LOOP('',(#488,#489,#490,#496));
#488 = ORIENTED_EDGE('',*,*,#343,.F.);
#489 = ORIENTED_EDGE('',*,*,#392,.T.);
#490 = ORIENTED_EDGE('',*,*,#491,.T.);
#491 = EDGE_CURVE('',#385,#468,#492,.T.);
#492 = LINE('',#493,#494);
#493 = CARTESIAN_POINT('',(0.5,-0.4,4.5E-02));
#494 = VECTOR('',#495,1.);
#495 = DIRECTION('',(0.,1.,0.));
#496 = ORIENTED_EDGE('',*,*,#475,.F.);
#497 = PLANE('',#498);
#498 = AXIS2_PLACEMENT_3D('',#499,#500,#501);
#499 = CARTESIAN_POINT('',(-0.755,-0.4,4.5E-02));
#500 = DIRECTION('',(0.,0.,1.));
#501 = DIRECTION('',(1.,0.,-0.));
#502 = ADVANCED_FACE('',(#503),#566,.F.);
#503 = FACE_BOUND('',#504,.F.);
#504 = EDGE_LOOP('',(#505,#515,#522,#523,#524,#525,#534,#542,#551,#559)
  );
#505 = ORIENTED_EDGE('',*,*,#506,.F.);
#506 = EDGE_CURVE('',#507,#509,#511,.T.);
#507 = VERTEX_POINT('',#508);
#508 = CARTESIAN_POINT('',(0.545,-0.4,-2.775557561563E-17));
#509 = VERTEX_POINT('',#510);
#510 = CARTESIAN_POINT('',(0.755,-0.4,-2.775557561563E-17));
#511 = LINE('',#512,#513);
#512 = CARTESIAN_POINT('',(0.5,-0.4,0.));
#513 = VECTOR('',#514,1.);
#514 = DIRECTION('',(1.,0.,0.));
#515 = ORIENTED_EDGE('',*,*,#516,.F.);
#516 = EDGE_CURVE('',#385,#507,#517,.T.);
#517 = CIRCLE('',#518,4.5E-02);
#518 = AXIS2_PLACEMENT_3D('',#519,#520,#521);
#519 = CARTESIAN_POINT('',(0.545,-0.4,4.5E-02));
#520 = DIRECTION('',(0.,-1.,0.));
#521 = DIRECTION('',(0.,0.,1.));
#522 = ORIENTED_EDGE('',*,*,#384,.T.);
#523 = ORIENTED_EDGE('',*,*,#376,.T.);
#524 = ORIENTED_EDGE('',*,*,#368,.F.);
#525 = ORIENTED_EDGE('',*,*,#526,.T.);
#526 = EDGE_CURVE('',#361,#527,#529,.T.);
#527 = VERTEX_POINT('',#528);
#528 = CARTESIAN_POINT('',(0.545,-0.4,0.45));
#529 = CIRCLE('',#530,4.5E-02);
#530 = AXIS2_PLACEMENT_3D('',#531,#532,#533);
#531 = CARTESIAN_POINT('',(0.545,-0.4,0.405));
#532 = DIRECTION('',(0.,1.,0.));
#533 = DIRECTION('',(0.,-0.,1.));
#534 = ORIENTED_EDGE('',*,*,#535,.T.);
#535 = EDGE_CURVE('',#527,#536,#538,.T.);
#536 = VERTEX_POINT('',#537);
#537 = CARTESIAN_POINT('',(0.755,-0.4,0.45));
#538 = LINE('',#539,#540);
#539 = CARTESIAN_POINT('',(0.5,-0.4,0.45));
#540 = VECTOR('',#541,1.);
#541 = DIRECTION('',(1.,0.,0.));
#542 = ORIENTED_EDGE('',*,*,#543,.F.);
#543 = EDGE_CURVE('',#544,#536,#546,.T.);
#544 = VERTEX_POINT('',#545);
#545 = CARTESIAN_POINT('',(0.8,-0.4,0.405));
#546 = CIRCLE('',#547,4.5E-02);
#547 = AXIS2_PLACEMENT_3D('',#548,#549,#550);
#548 = CARTESIAN_POINT('',(0.755,-0.4,0.405));
#549 = DIRECTION('',(0.,-1.,0.));
#550 = DIRECTION('',(0.,0.,1.));
#551 = ORIENTED_EDGE('',*,*,#552,.F.);
#552 = EDGE_CURVE('',#553,#544,#555,.T.);
#553 = VERTEX_POINT('',#554);
#554 = CARTESIAN_POINT('',(0.8,-0.4,4.5E-02));
#555 = LINE('',#556,#557);
#556 = CARTESIAN_POINT('',(0.8,-0.4,0.));
#557 = VECTOR('',#558,1.);
#558 = DIRECTION('',(0.,0.,1.));
#559 = ORIENTED_EDGE('',*,*,#560,.T.);
#560 = EDGE_CURVE('',#553,#509,#561,.T.);
#561 = CIRCLE('',#562,4.5E-02);
#562 = AXIS2_PLACEMENT_3D('',#563,#564,#565);
#563 = CARTESIAN_POINT('',(0.755,-0.4,4.5E-02));
#564 = DIRECTION('',(0.,1.,0.));
#565 = DIRECTION('',(0.,-0.,1.));
#566 = PLANE('',#567);
#567 = AXIS2_PLACEMENT_3D('',#568,#569,#570);
#568 = CARTESIAN_POINT('',(0.5,-0.4,0.));
#569 = DIRECTION('',(0.,1.,0.));
#570 = DIRECTION('',(0.,-0.,1.));
#571 = ADVANCED_FACE('',(#572),#597,.F.);
#572 = FACE_BOUND('',#573,.F.);
#573 = EDGE_LOOP('',(#574,#575,#583,#591));
#574 = ORIENTED_EDGE('',*,*,#360,.F.);
#575 = ORIENTED_EDGE('',*,*,#576,.T.);
#576 = EDGE_CURVE('',#159,#577,#579,.T.);
#577 = VERTEX_POINT('',#578);
#578 = CARTESIAN_POINT('',(-0.5,-0.4,0.45));
#579 = LINE('',#580,#581);
#580 = CARTESIAN_POINT('',(-0.5,-0.4,0.405));
#581 = VECTOR('',#582,1.);
#582 = DIRECTION('',(0.,0.,1.));
#583 = ORIENTED_EDGE('',*,*,#584,.T.);
#584 = EDGE_CURVE('',#577,#585,#587,.T.);
#585 = VERTEX_POINT('',#586);
#586 = CARTESIAN_POINT('',(0.5,-0.4,0.45));
#587 = LINE('',#588,#589);
#588 = CARTESIAN_POINT('',(-0.5,-0.4,0.45));
#589 = VECTOR('',#590,1.);
#590 = DIRECTION('',(1.,0.,0.));
#591 = ORIENTED_EDGE('',*,*,#592,.F.);
#592 = EDGE_CURVE('',#361,#585,#593,.T.);
#593 = LINE('',#594,#595);
#594 = CARTESIAN_POINT('',(0.5,-0.4,0.405));
#595 = VECTOR('',#596,1.);
#596 = DIRECTION('',(0.,0.,1.));
#597 = PLANE('',#598);
#598 = AXIS2_PLACEMENT_3D('',#599,#600,#601);
#599 = CARTESIAN_POINT('',(-0.5,-0.4,0.405));
#600 = DIRECTION('',(0.,1.,0.));
#601 = DIRECTION('',(0.,-0.,1.));
#602 = ADVANCED_FACE('',(#603),#621,.F.);
#603 = FACE_BOUND('',#604,.F.);
#604 = EDGE_LOOP('',(#605,#606,#607,#615));
#605 = ORIENTED_EDGE('',*,*,#576,.F.);
#606 = ORIENTED_EDGE('',*,*,#423,.T.);
#607 = ORIENTED_EDGE('',*,*,#608,.T.);
#608 = EDGE_CURVE('',#276,#609,#611,.T.);
#609 = VERTEX_POINT('',#610);
#610 = CARTESIAN_POINT('',(-0.5,0.4,0.45));
#611 = LINE('',#612,#613);
#612 = CARTESIAN_POINT('',(-0.5,0.4,0.405));
#613 = VECTOR('',#614,1.);
#614 = DIRECTION('',(0.,0.,1.));
#615 = ORIENTED_EDGE('',*,*,#616,.F.);
#616 = EDGE_CURVE('',#577,#609,#617,.T.);
#617 = LINE('',#618,#619);
#618 = CARTESIAN_POINT('',(-0.5,-0.4,0.45));
#619 = VECTOR('',#620,1.);
#620 = DIRECTION('',(0.,1.,0.));
#621 = PLANE('',#622);
#622 = AXIS2_PLACEMENT_3D('',#623,#624,#625);
#623 = CARTESIAN_POINT('',(-0.5,-0.4,0.405));
#624 = DIRECTION('',(1.,0.,0.));
#625 = DIRECTION('',(0.,0.,1.));
#626 = ADVANCED_FACE('',(#627),#690,.T.);
#627 = FACE_BOUND('',#628,.T.);
#628 = EDGE_LOOP('',(#629,#639,#646,#647,#648,#649,#658,#666,#675,#683)
  );
#629 = ORIENTED_EDGE('',*,*,#630,.F.);
#630 = EDGE_CURVE('',#631,#633,#635,.T.);
#631 = VERTEX_POINT('',#632);
#632 = CARTESIAN_POINT('',(0.545,0.4,-2.775557561563E-17));
#633 = VERTEX_POINT('',#634);
#634 = CARTESIAN_POINT('',(0.755,0.4,-2.775557561563E-17));
#635 = LINE('',#636,#637);
#636 = CARTESIAN_POINT('',(0.5,0.4,0.));
#637 = VECTOR('',#638,1.);
#638 = DIRECTION('',(1.,0.,0.));
#639 = ORIENTED_EDGE('',*,*,#640,.F.);
#640 = EDGE_CURVE('',#468,#631,#641,.T.);
#641 = CIRCLE('',#642,4.5E-02);
#642 = AXIS2_PLACEMENT_3D('',#643,#644,#645);
#643 = CARTESIAN_POINT('',(0.545,0.4,4.5E-02));
#644 = DIRECTION('',(0.,-1.,0.));
#645 = DIRECTION('',(0.,0.,1.));
#646 = ORIENTED_EDGE('',*,*,#467,.T.);
#647 = ORIENTED_EDGE('',*,*,#459,.T.);
#648 = ORIENTED_EDGE('',*,*,#451,.F.);
#649 = ORIENTED_EDGE('',*,*,#650,.T.);
#650 = EDGE_CURVE('',#444,#651,#653,.T.);
#651 = VERTEX_POINT('',#652);
#652 = CARTESIAN_POINT('',(0.545,0.4,0.45));
#653 = CIRCLE('',#654,4.5E-02);
#654 = AXIS2_PLACEMENT_3D('',#655,#656,#657);
#655 = CARTESIAN_POINT('',(0.545,0.4,0.405));
#656 = DIRECTION('',(0.,1.,0.));
#657 = DIRECTION('',(0.,-0.,1.));
#658 = ORIENTED_EDGE('',*,*,#659,.T.);
#659 = EDGE_CURVE('',#651,#660,#662,.T.);
#660 = VERTEX_POINT('',#661);
#661 = CARTESIAN_POINT('',(0.755,0.4,0.45));
#662 = LINE('',#663,#664);
#663 = CARTESIAN_POINT('',(0.5,0.4,0.45));
#664 = VECTOR('',#665,1.);
#665 = DIRECTION('',(1.,0.,0.));
#666 = ORIENTED_EDGE('',*,*,#667,.F.);
#667 = EDGE_CURVE('',#668,#660,#670,.T.);
#668 = VERTEX_POINT('',#669);
#669 = CARTESIAN_POINT('',(0.8,0.4,0.405));
#670 = CIRCLE('',#671,4.5E-02);
#671 = AXIS2_PLACEMENT_3D('',#672,#673,#674);
#672 = CARTESIAN_POINT('',(0.755,0.4,0.405));
#673 = DIRECTION('',(0.,-1.,0.));
#674 = DIRECTION('',(0.,0.,1.));
#675 = ORIENTED_EDGE('',*,*,#676,.F.);
#676 = EDGE_CURVE('',#677,#668,#679,.T.);
#677 = VERTEX_POINT('',#678);
#678 = CARTESIAN_POINT('',(0.8,0.4,4.5E-02));
#679 = LINE('',#680,#681);
#680 = CARTESIAN_POINT('',(0.8,0.4,0.));
#681 = VECTOR('',#682,1.);
#682 = DIRECTION('',(0.,0.,1.));
#683 = ORIENTED_EDGE('',*,*,#684,.T.);
#684 = EDGE_CURVE('',#677,#633,#685,.T.);
#685 = CIRCLE('',#686,4.5E-02);
#686 = AXIS2_PLACEMENT_3D('',#687,#688,#689);
#687 = CARTESIAN_POINT('',(0.755,0.4,4.5E-02));
#688 = DIRECTION('',(0.,1.,0.));
#689 = DIRECTION('',(0.,-0.,1.));
#690 = PLANE('',#691);
#691 = AXIS2_PLACEMENT_3D('',#692,#693,#694);
#692 = CARTESIAN_POINT('',(0.5,0.4,0.));
#693 = DIRECTION('',(0.,1.,0.));
#694 = DIRECTION('',(0.,-0.,1.));
#695 = ADVANCED_FACE('',(#696),#714,.T.);
#696 = FACE_BOUND('',#697,.T.);
#697 = EDGE_LOOP('',(#698,#699,#700,#708));
#698 = ORIENTED_EDGE('',*,*,#443,.F.);
#699 = ORIENTED_EDGE('',*,*,#608,.T.);
#700 = ORIENTED_EDGE('',*,*,#701,.T.);
#701 = EDGE_CURVE('',#609,#702,#704,.T.);
#702 = VERTEX_POINT('',#703);
#703 = CARTESIAN_POINT('',(0.5,0.4,0.45));
#704 = LINE('',#705,#706);
#705 = CARTESIAN_POINT('',(-0.5,0.4,0.45));
#706 = VECTOR('',#707,1.);
#707 = DIRECTION('',(1.,0.,0.));
#708 = ORIENTED_EDGE('',*,*,#709,.F.);
#709 = EDGE_CURVE('',#444,#702,#710,.T.);
#710 = LINE('',#711,#712);
#711 = CARTESIAN_POINT('',(0.5,0.4,0.405));
#712 = VECTOR('',#713,1.);
#713 = DIRECTION('',(0.,0.,1.));
#714 = PLANE('',#715);
#715 = AXIS2_PLACEMENT_3D('',#716,#717,#718);
#716 = CARTESIAN_POINT('',(-0.5,0.4,0.405));
#717 = DIRECTION('',(0.,1.,0.));
#718 = DIRECTION('',(0.,-0.,1.));
#719 = ADVANCED_FACE('',(#720),#731,.T.);
#720 = FACE_BOUND('',#721,.T.);
#721 = EDGE_LOOP('',(#722,#723,#724,#730));
#722 = ORIENTED_EDGE('',*,*,#491,.T.);
#723 = ORIENTED_EDGE('',*,*,#640,.T.);
#724 = ORIENTED_EDGE('',*,*,#725,.F.);
#725 = EDGE_CURVE('',#507,#631,#726,.T.);
#726 = LINE('',#727,#728);
#727 = CARTESIAN_POINT('',(0.545,-0.4,-2.775557561563E-17));
#728 = VECTOR('',#729,1.);
#729 = DIRECTION('',(0.,1.,0.));
#730 = ORIENTED_EDGE('',*,*,#516,.F.);
#731 = CYLINDRICAL_SURFACE('',#732,4.5E-02);
#732 = AXIS2_PLACEMENT_3D('',#733,#734,#735);
#733 = CARTESIAN_POINT('',(0.545,-0.4,4.5E-02));
#734 = DIRECTION('',(0.,1.,0.));
#735 = DIRECTION('',(-1.,0.,0.));
#736 = ADVANCED_FACE('',(#737),#748,.F.);
#737 = FACE_BOUND('',#738,.F.);
#738 = EDGE_LOOP('',(#739,#740,#741,#742));
#739 = ORIENTED_EDGE('',*,*,#630,.F.);
#740 = ORIENTED_EDGE('',*,*,#725,.F.);
#741 = ORIENTED_EDGE('',*,*,#506,.T.);
#742 = ORIENTED_EDGE('',*,*,#743,.T.);
#743 = EDGE_CURVE('',#509,#633,#744,.T.);
#744 = LINE('',#745,#746);
#745 = CARTESIAN_POINT('',(0.755,-0.4,-2.775557561563E-17));
#746 = VECTOR('',#747,1.);
#747 = DIRECTION('',(0.,1.,0.));
#748 = PLANE('',#749);
#749 = AXIS2_PLACEMENT_3D('',#750,#751,#752);
#750 = CARTESIAN_POINT('',(0.5,-0.4,0.));
#751 = DIRECTION('',(0.,0.,1.));
#752 = DIRECTION('',(1.,0.,-0.));
#753 = ADVANCED_FACE('',(#754),#765,.T.);
#754 = FACE_BOUND('',#755,.T.);
#755 = EDGE_LOOP('',(#756,#757,#758,#759));
#756 = ORIENTED_EDGE('',*,*,#560,.T.);
#757 = ORIENTED_EDGE('',*,*,#743,.T.);
#758 = ORIENTED_EDGE('',*,*,#684,.F.);
#759 = ORIENTED_EDGE('',*,*,#760,.F.);
#760 = EDGE_CURVE('',#553,#677,#761,.T.);
#761 = LINE('',#762,#763);
#762 = CARTESIAN_POINT('',(0.8,-0.4,4.5E-02));
#763 = VECTOR('',#764,1.);
#764 = DIRECTION('',(0.,1.,0.));
#765 = CYLINDRICAL_SURFACE('',#766,4.5E-02);
#766 = AXIS2_PLACEMENT_3D('',#767,#768,#769);
#767 = CARTESIAN_POINT('',(0.755,-0.4,4.5E-02));
#768 = DIRECTION('',(0.,1.,0.));
#769 = DIRECTION('',(1.,0.,0.));
#770 = ADVANCED_FACE('',(#771),#782,.T.);
#771 = FACE_BOUND('',#772,.T.);
#772 = EDGE_LOOP('',(#773,#774,#775,#776));
#773 = ORIENTED_EDGE('',*,*,#552,.F.);
#774 = ORIENTED_EDGE('',*,*,#760,.T.);
#775 = ORIENTED_EDGE('',*,*,#676,.T.);
#776 = ORIENTED_EDGE('',*,*,#777,.F.);
#777 = EDGE_CURVE('',#544,#668,#778,.T.);
#778 = LINE('',#779,#780);
#779 = CARTESIAN_POINT('',(0.8,-0.4,0.405));
#780 = VECTOR('',#781,1.);
#781 = DIRECTION('',(0.,1.,0.));
#782 = PLANE('',#783);
#783 = AXIS2_PLACEMENT_3D('',#784,#785,#786);
#784 = CARTESIAN_POINT('',(0.8,-0.4,0.));
#785 = DIRECTION('',(1.,0.,0.));
#786 = DIRECTION('',(0.,0.,1.));
#787 = ADVANCED_FACE('',(#788),#799,.T.);
#788 = FACE_BOUND('',#789,.T.);
#789 = EDGE_LOOP('',(#790,#791,#792,#798));
#790 = ORIENTED_EDGE('',*,*,#777,.T.);
#791 = ORIENTED_EDGE('',*,*,#667,.T.);
#792 = ORIENTED_EDGE('',*,*,#793,.F.);
#793 = EDGE_CURVE('',#536,#660,#794,.T.);
#794 = LINE('',#795,#796);
#795 = CARTESIAN_POINT('',(0.755,-0.4,0.45));
#796 = VECTOR('',#797,1.);
#797 = DIRECTION('',(0.,1.,0.));
#798 = ORIENTED_EDGE('',*,*,#543,.F.);
#799 = CYLINDRICAL_SURFACE('',#800,4.5E-02);
#800 = AXIS2_PLACEMENT_3D('',#801,#802,#803);
#801 = CARTESIAN_POINT('',(0.755,-0.4,0.405));
#802 = DIRECTION('',(0.,1.,0.));
#803 = DIRECTION('',(1.,0.,0.));
#804 = ADVANCED_FACE('',(#805),#816,.T.);
#805 = FACE_BOUND('',#806,.T.);
#806 = EDGE_LOOP('',(#807,#808,#814,#815));
#807 = ORIENTED_EDGE('',*,*,#659,.F.);
#808 = ORIENTED_EDGE('',*,*,#809,.F.);
#809 = EDGE_CURVE('',#527,#651,#810,.T.);
#810 = LINE('',#811,#812);
#811 = CARTESIAN_POINT('',(0.545,-0.4,0.45));
#812 = VECTOR('',#813,1.);
#813 = DIRECTION('',(0.,1.,0.));
#814 = ORIENTED_EDGE('',*,*,#535,.T.);
#815 = ORIENTED_EDGE('',*,*,#793,.T.);
#816 = PLANE('',#817);
#817 = AXIS2_PLACEMENT_3D('',#818,#819,#820);
#818 = CARTESIAN_POINT('',(0.5,-0.4,0.45));
#819 = DIRECTION('',(0.,0.,1.));
#820 = DIRECTION('',(1.,0.,-0.));
#821 = ADVANCED_FACE('',(#822),#833,.T.);
#822 = FACE_BOUND('',#823,.T.);
#823 = EDGE_LOOP('',(#824,#825,#826,#827));
#824 = ORIENTED_EDGE('',*,*,#526,.T.);
#825 = ORIENTED_EDGE('',*,*,#809,.T.);
#826 = ORIENTED_EDGE('',*,*,#650,.F.);
#827 = ORIENTED_EDGE('',*,*,#828,.F.);
#828 = EDGE_CURVE('',#361,#444,#829,.T.);
#829 = LINE('',#830,#831);
#830 = CARTESIAN_POINT('',(0.5,-0.4,0.405));
#831 = VECTOR('',#832,1.);
#832 = DIRECTION('',(0.,1.,0.));
#833 = CYLINDRICAL_SURFACE('',#834,4.5E-02);
#834 = AXIS2_PLACEMENT_3D('',#835,#836,#837);
#835 = CARTESIAN_POINT('',(0.545,-0.4,0.405));
#836 = DIRECTION('',(0.,1.,0.));
#837 = DIRECTION('',(-1.,0.,0.));
#838 = ADVANCED_FACE('',(#839),#850,.T.);
#839 = FACE_BOUND('',#840,.T.);
#840 = EDGE_LOOP('',(#841,#842,#843,#844));
#841 = ORIENTED_EDGE('',*,*,#592,.F.);
#842 = ORIENTED_EDGE('',*,*,#828,.T.);
#843 = ORIENTED_EDGE('',*,*,#709,.T.);
#844 = ORIENTED_EDGE('',*,*,#845,.F.);
#845 = EDGE_CURVE('',#585,#702,#846,.T.);
#846 = LINE('',#847,#848);
#847 = CARTESIAN_POINT('',(0.5,-0.4,0.45));
#848 = VECTOR('',#849,1.);
#849 = DIRECTION('',(0.,1.,0.));
#850 = PLANE('',#851);
#851 = AXIS2_PLACEMENT_3D('',#852,#853,#854);
#852 = CARTESIAN_POINT('',(0.5,-0.4,0.405));
#853 = DIRECTION('',(1.,0.,0.));
#854 = DIRECTION('',(0.,0.,1.));
#855 = ADVANCED_FACE('',(#856),#862,.T.);
#856 = FACE_BOUND('',#857,.T.);
#857 = EDGE_LOOP('',(#858,#859,#860,#861));
#858 = ORIENTED_EDGE('',*,*,#616,.F.);
#859 = ORIENTED_EDGE('',*,*,#584,.T.);
#860 = ORIENTED_EDGE('',*,*,#845,.T.);
#861 = ORIENTED_EDGE('',*,*,#701,.F.);
#862 = PLANE('',#863);
#863 = AXIS2_PLACEMENT_3D('',#864,#865,#866);
#864 = CARTESIAN_POINT('',(-0.5,-0.4,0.45));
#865 = DIRECTION('',(0.,0.,1.));
#866 = DIRECTION('',(1.,0.,-0.));
#867 = ( GEOMETRIC_REPRESENTATION_CONTEXT(3) 
GLOBAL_UNCERTAINTY_ASSIGNED_CONTEXT((#871)) GLOBAL_UNIT_ASSIGNED_CONTEXT
((#868,#869,#870)) REPRESENTATION_CONTEXT('Context #1',
  '3D Context with UNIT and UNCERTAINTY') );
#868 = ( LENGTH_UNIT() NAMED_UNIT(*) SI_UNIT(.MILLI.,.METRE.) );
#869 = ( NAMED_UNIT(*) PLANE_ANGLE_UNIT() SI_UNIT($,.RADIAN.) );
#870 = ( NAMED_UNIT(*) SI_UNIT($,.STERADIAN.) SOLID_ANGLE_UNIT() );
#871 = UNCERTAINTY_MEASURE_WITH_UNIT(LENGTH_MEASURE(1.E-07),#868,
  'distance_accuracy_value','confusion accuracy');
#872 = CONTEXT_DEPENDENT_SHAPE_REPRESENTATION(#873,#875);
#873 = ( REPRESENTATION_RELATIONSHIP('','',#76,#10) 
REPRESENTATION_RELATIONSHIP_WITH_TRANSFORMATION(#874) 
SHAPE_REPRESENTATION_RELATIONSHIP() );
#874 = ITEM_DEFINED_TRANSFORMATION('','',#11,#15);
#875 = PRODUCT_DEFINITION_SHAPE('Placement','Placement of an item',#876
  );
#876 = NEXT_ASSEMBLY_USAGE_OCCURRENCE('1','R1','',#5,#71,$);
#877 = PRODUCT_RELATED_PRODUCT_CATEGORY('part',$,(#73));
#878 = SHAPE_DEFINITION_REPRESENTATION(#879,#885);
#879 = PRODUCT_DEFINITION_SHAPE('','',#880);
#880 = PRODUCT_DEFINITION('design','',#881,#884);
#881 = PRODUCT_DEFINITION_FORMATION('','',#882);
#882 = PRODUCT('VSSOP-8_2.3x2mm_P0.5mm','VSSOP-8_2.3x2mm_P0.5mm','',(
    #883));
#883 = PRODUCT_CONTEXT('',#2,'mechanical');
#884 = PRODUCT_DEFINITION_CONTEXT('part definition',#2,'design');
#885 = ADVANCED_BREP_SHAPE_REPRESENTATION('',(#11,#886),#5354);
#886 = MANIFOLD_SOLID_BREP('',#887);
#887 = CLOSED_SHELL('',(#888,#926,#989,#1012,#1041,#1064,#1151,#1238,
    #1261,#1284,#1301,#1324,#1412,#1428,#1458,#1489,#1520,#1551,#1582,
    #1613,#1644,#1675,#1692,#1709,#1740,#1771,#1802,#1833,#1864,#1895,
    #1926,#1956,#1979,#2002,#2019,#2064,#2150,#2173,#2196,#2219,#2306,
    #2344,#2393,#2485,#2510,#2594,#2616,#2708,#2733,#2817,#2839,#2931,
    #2956,#3040,#3057,#3142,#3167,#3244,#3329,#3354,#3431,#3448,#3540,
    #3565,#3649,#3671,#3763,#3788,#3872,#3894,#3986,#4011,#4095,#4112,
    #4131,#4150,#4169,#4215,#4231,#4250,#4269,#4288,#4304,#4321,#4333,
    #4350,#4367,#4384,#4401,#4418,#4435,#4452,#4464,#4481,#4498,#4515,
    #4532,#4549,#4566,#4583,#4595,#4612,#4629,#4646,#4663,#4680,#4697,
    #4714,#4726,#4743,#4760,#4777,#4794,#4811,#4828,#4840,#4857,#4874,
    #4891,#4908,#4925,#4942,#4954,#4971,#4988,#5005,#5022,#5039,#5056,
    #5073,#5085,#5102,#5119,#5136,#5153,#5170,#5187,#5204,#5216,#5233,
    #5250,#5267,#5284,#5301,#5318,#5335,#5347));
#888 = ADVANCED_FACE('',(#889),#921,.F.);
#889 = FACE_BOUND('',#890,.F.);
#890 = EDGE_LOOP('',(#891,#901,#908,#916));
#891 = ORIENTED_EDGE('',*,*,#892,.T.);
#892 = EDGE_CURVE('',#893,#895,#897,.T.);
#893 = VERTEX_POINT('',#894);
#894 = CARTESIAN_POINT('',(-1.028116515749,0.936233031499,0.1));
#895 = VERTEX_POINT('',#896);
#896 = CARTESIAN_POINT('',(1.028116515749,0.936233031499,0.1));
#897 = LINE('',#898,#899);
#898 = CARTESIAN_POINT('',(-1.028116515749,0.936233031499,0.1));
#899 = VECTOR('',#900,1.);
#900 = DIRECTION('',(1.,1.110223024625E-16,0.));
#901 = ORIENTED_EDGE('',*,*,#902,.T.);
#902 = EDGE_CURVE('',#895,#903,#905,.T.);
#903 = VERTEX_POINT('',#904);
#904 = CARTESIAN_POINT('',(1.06,1.,0.4));
#905 = B_SPLINE_CURVE_WITH_KNOTS('',1,(#906,#907),.UNSPECIFIED.,.F.,.F.,
  (2,2),(0.,1.),.PIECEWISE_BEZIER_KNOTS.);
#906 = CARTESIAN_POINT('',(1.028116515749,0.936233031499,0.1));
#907 = CARTESIAN_POINT('',(1.06,1.,0.4));
#908 = ORIENTED_EDGE('',*,*,#909,.F.);
#909 = EDGE_CURVE('',#910,#903,#912,.T.);
#910 = VERTEX_POINT('',#911);
#911 = CARTESIAN_POINT('',(-1.06,1.,0.4));
#912 = LINE('',#913,#914);
#913 = CARTESIAN_POINT('',(-1.06,1.,0.4));
#914 = VECTOR('',#915,1.);
#915 = DIRECTION('',(1.,1.110223024625E-16,0.));
#916 = ORIENTED_EDGE('',*,*,#917,.F.);
#917 = EDGE_CURVE('',#893,#910,#918,.T.);
#918 = B_SPLINE_CURVE_WITH_KNOTS('',1,(#919,#920),.UNSPECIFIED.,.F.,.F.,
  (2,2),(0.,1.),.PIECEWISE_BEZIER_KNOTS.);
#919 = CARTESIAN_POINT('',(-1.028116515749,0.936233031499,0.1));
#920 = CARTESIAN_POINT('',(-1.06,1.,0.4));
#921 = B_SPLINE_SURFACE_WITH_KNOTS('',1,1,(
    (#922,#923)
    ,(#924,#925
    )),.UNSPECIFIED.,.F.,.F.,.F.,(2,2),(2,2),(0.,2.12),(0.,1.),
  .PIECEWISE_BEZIER_KNOTS.);
#922 = CARTESIAN_POINT('',(-1.028116515749,0.936233031499,0.1));
#923 = CARTESIAN_POINT('',(-1.06,1.,0.4));
#924 = CARTESIAN_POINT('',(1.028116515749,0.936233031499,0.1));
#925 = CARTESIAN_POINT('',(1.06,1.,0.4));
#926 = ADVANCED_FACE('',(#927),#984,.T.);
#927 = FACE_BOUND('',#928,.T.);
#928 = EDGE_LOOP('',(#929,#930,#938,#946,#954,#962,#970,#978));
#929 = ORIENTED_EDGE('',*,*,#892,.T.);
#930 = ORIENTED_EDGE('',*,*,#931,.T.);
#931 = EDGE_CURVE('',#895,#932,#934,.T.);
#932 = VERTEX_POINT('',#933);
#933 = CARTESIAN_POINT('',(1.086233031499,0.878116515749,0.1));
#934 = LINE('',#935,#936);
#935 = CARTESIAN_POINT('',(1.028116515749,0.936233031499,0.1));
#936 = VECTOR('',#937,1.);
#937 = DIRECTION('',(0.707106781187,-0.707106781187,0.));
#938 = ORIENTED_EDGE('',*,*,#939,.T.);
#939 = EDGE_CURVE('',#932,#940,#942,.T.);
#940 = VERTEX_POINT('',#941);
#941 = CARTESIAN_POINT('',(1.086233031499,-0.878116515749,0.1));
#942 = LINE('',#943,#944);
#943 = CARTESIAN_POINT('',(1.086233031499,0.878116515749,0.1));
#944 = VECTOR('',#945,1.);
#945 = DIRECTION('',(1.110223024625E-16,-1.,0.));
#946 = ORIENTED_EDGE('',*,*,#947,.T.);
#947 = EDGE_CURVE('',#940,#948,#950,.T.);
#948 = VERTEX_POINT('',#949);
#949 = CARTESIAN_POINT('',(1.028116515749,-0.936233031499,0.1));
#950 = LINE('',#951,#952);
#951 = CARTESIAN_POINT('',(1.086233031499,-0.878116515749,0.1));
#952 = VECTOR('',#953,1.);
#953 = DIRECTION('',(-0.707106781187,-0.707106781187,0.));
#954 = ORIENTED_EDGE('',*,*,#955,.T.);
#955 = EDGE_CURVE('',#948,#956,#958,.T.);
#956 = VERTEX_POINT('',#957);
#957 = CARTESIAN_POINT('',(-1.028116515749,-0.936233031499,0.1));
#958 = LINE('',#959,#960);
#959 = CARTESIAN_POINT('',(1.028116515749,-0.936233031499,0.1));
#960 = VECTOR('',#961,1.);
#961 = DIRECTION('',(-1.,-1.110223024625E-16,0.));
#962 = ORIENTED_EDGE('',*,*,#963,.T.);
#963 = EDGE_CURVE('',#956,#964,#966,.T.);
#964 = VERTEX_POINT('',#965);
#965 = CARTESIAN_POINT('',(-1.086233031499,-0.878116515749,0.1));
#966 = LINE('',#967,#968);
#967 = CARTESIAN_POINT('',(-1.028116515749,-0.936233031499,0.1));
#968 = VECTOR('',#969,1.);
#969 = DIRECTION('',(-0.707106781187,0.707106781187,0.));
#970 = ORIENTED_EDGE('',*,*,#971,.T.);
#971 = EDGE_CURVE('',#964,#972,#974,.T.);
#972 = VERTEX_POINT('',#973);
#973 = CARTESIAN_POINT('',(-1.086233031499,0.878116515749,0.1));
#974 = LINE('',#975,#976);
#975 = CARTESIAN_POINT('',(-1.086233031499,-0.878116515749,0.1));
#976 = VECTOR('',#977,1.);
#977 = DIRECTION('',(-1.110223024625E-16,1.,0.));
#978 = ORIENTED_EDGE('',*,*,#979,.T.);
#979 = EDGE_CURVE('',#972,#893,#980,.T.);
#980 = LINE('',#981,#982);
#981 = CARTESIAN_POINT('',(-1.086233031499,0.878116515749,0.1));
#982 = VECTOR('',#983,1.);
#983 = DIRECTION('',(0.707106781187,0.707106781187,0.));
#984 = PLANE('',#985);
#985 = AXIS2_PLACEMENT_3D('',#986,#987,#988);
#986 = CARTESIAN_POINT('',(-1.028116515749,0.936233031499,0.1));
#987 = DIRECTION('',(0.,0.,-1.));
#988 = DIRECTION('',(0.758892925443,-0.651215423429,0.));
#989 = ADVANCED_FACE('',(#990),#1007,.F.);
#990 = FACE_BOUND('',#991,.F.);
#991 = EDGE_LOOP('',(#992,#993,#1000,#1006));
#992 = ORIENTED_EDGE('',*,*,#931,.T.);
#993 = ORIENTED_EDGE('',*,*,#994,.T.);
#994 = EDGE_CURVE('',#932,#995,#997,.T.);
#995 = VERTEX_POINT('',#996);
#996 = CARTESIAN_POINT('',(1.15,0.91,0.4));
#997 = B_SPLINE_CURVE_WITH_KNOTS('',1,(#998,#999),.UNSPECIFIED.,.F.,.F.,
  (2,2),(0.,1.),.PIECEWISE_BEZIER_KNOTS.);
#998 = CARTESIAN_POINT('',(1.086233031499,0.878116515749,0.1));
#999 = CARTESIAN_POINT('',(1.15,0.91,0.4));
#1000 = ORIENTED_EDGE('',*,*,#1001,.F.);
#1001 = EDGE_CURVE('',#903,#995,#1002,.T.);
#1002 = LINE('',#1003,#1004);
#1003 = CARTESIAN_POINT('',(1.06,1.,0.4));
#1004 = VECTOR('',#1005,1.);
#1005 = DIRECTION('',(0.707106781187,-0.707106781187,0.));
#1006 = ORIENTED_EDGE('',*,*,#902,.F.);
#1007 = B_SPLINE_SURFACE_WITH_KNOTS('',1,1,(
    (#1008,#1009)
    ,(#1010,#1011
    )),.UNSPECIFIED.,.F.,.F.,.F.,(2,2),(2,2),(0.,0.127279220614),(0.,1.)
  ,.PIECEWISE_BEZIER_KNOTS.);
#1008 = CARTESIAN_POINT('',(1.028116515749,0.936233031499,0.1));
#1009 = CARTESIAN_POINT('',(1.06,1.,0.4));
#1010 = CARTESIAN_POINT('',(1.086233031499,0.878116515749,0.1));
#1011 = CARTESIAN_POINT('',(1.15,0.91,0.4));
#1012 = ADVANCED_FACE('',(#1013),#1036,.F.);
#1013 = FACE_BOUND('',#1014,.F.);
#1014 = EDGE_LOOP('',(#1015,#1016,#1023,#1031));
#1015 = ORIENTED_EDGE('',*,*,#909,.T.);
#1016 = ORIENTED_EDGE('',*,*,#1017,.T.);
#1017 = EDGE_CURVE('',#903,#1018,#1020,.T.);
#1018 = VERTEX_POINT('',#1019);
#1019 = CARTESIAN_POINT('',(1.06,1.,0.55));
#1020 = B_SPLINE_CURVE_WITH_KNOTS('',1,(#1021,#1022),.UNSPECIFIED.,.F.,
  .F.,(2,2),(0.,1.),.PIECEWISE_BEZIER_KNOTS.);
#1021 = CARTESIAN_POINT('',(1.06,1.,0.4));
#1022 = CARTESIAN_POINT('',(1.06,1.,0.55));
#1023 = ORIENTED_EDGE('',*,*,#1024,.F.);
#1024 = EDGE_CURVE('',#1025,#1018,#1027,.T.);
#1025 = VERTEX_POINT('',#1026);
#1026 = CARTESIAN_POINT('',(-1.06,1.,0.55));
#1027 = LINE('',#1028,#1029);
#1028 = CARTESIAN_POINT('',(-1.06,1.,0.55));
#1029 = VECTOR('',#1030,1.);
#1030 = DIRECTION('',(1.,1.110223024625E-16,0.));
#1031 = ORIENTED_EDGE('',*,*,#1032,.F.);
#1032 = EDGE_CURVE('',#910,#1025,#1033,.T.);
#1033 = B_SPLINE_CURVE_WITH_KNOTS('',1,(#1034,#1035),.UNSPECIFIED.,.F.,
  .F.,(2,2),(0.,1.),.PIECEWISE_BEZIER_KNOTS.);
#1034 = CARTESIAN_POINT('',(-1.06,1.,0.4));
#1035 = CARTESIAN_POINT('',(-1.06,1.,0.55));
#1036 = PLANE('',#1037);
#1037 = AXIS2_PLACEMENT_3D('',#1038,#1039,#1040);
#1038 = CARTESIAN_POINT('',(-1.06,1.,0.55));
#1039 = DIRECTION('',(1.110223024625E-16,-1.,0.));
#1040 = DIRECTION('',(1.,1.110223024625E-16,0.));
#1041 = ADVANCED_FACE('',(#1042),#1059,.F.);
#1042 = FACE_BOUND('',#1043,.F.);
#1043 = EDGE_LOOP('',(#1044,#1045,#1046,#1054));
#1044 = ORIENTED_EDGE('',*,*,#979,.T.);
#1045 = ORIENTED_EDGE('',*,*,#917,.T.);
#1046 = ORIENTED_EDGE('',*,*,#1047,.F.);
#1047 = EDGE_CURVE('',#1048,#910,#1050,.T.);
#1048 = VERTEX_POINT('',#1049);
#1049 = CARTESIAN_POINT('',(-1.15,0.91,0.4));
#1050 = LINE('',#1051,#1052);
#1051 = CARTESIAN_POINT('',(-1.15,0.91,0.4));
#1052 = VECTOR('',#1053,1.);
#1053 = DIRECTION('',(0.707106781187,0.707106781187,0.));
#1054 = ORIENTED_EDGE('',*,*,#1055,.F.);
#1055 = EDGE_CURVE('',#972,#1048,#1056,.T.);
#1056 = B_SPLINE_CURVE_WITH_KNOTS('',1,(#1057,#1058),.UNSPECIFIED.,.F.,
  .F.,(2,2),(0.,1.),.PIECEWISE_BEZIER_KNOTS.);
#1057 = CARTESIAN_POINT('',(-1.086233031499,0.878116515749,0.1));
#1058 = CARTESIAN_POINT('',(-1.15,0.91,0.4));
#1059 = B_SPLINE_SURFACE_WITH_KNOTS('',1,1,(
    (#1060,#1061)
    ,(#1062,#1063
    )),.UNSPECIFIED.,.F.,.F.,.F.,(2,2),(2,2),(0.,0.127279220614),(0.,1.)
  ,.PIECEWISE_BEZIER_KNOTS.);
#1060 = CARTESIAN_POINT('',(-1.086233031499,0.878116515749,0.1));
#1061 = CARTESIAN_POINT('',(-1.15,0.91,0.4));
#1062 = CARTESIAN_POINT('',(-1.028116515749,0.936233031499,0.1));
#1063 = CARTESIAN_POINT('',(-1.06,1.,0.4));
#1064 = ADVANCED_FACE('',(#1065),#1146,.F.);
#1065 = FACE_BOUND('',#1066,.F.);
#1066 = EDGE_LOOP('',(#1067,#1068,#1069,#1077,#1085,#1093,#1101,#1109,
    #1117,#1125,#1133,#1141));
#1067 = ORIENTED_EDGE('',*,*,#971,.T.);
#1068 = ORIENTED_EDGE('',*,*,#1055,.T.);
#1069 = ORIENTED_EDGE('',*,*,#1070,.F.);
#1070 = EDGE_CURVE('',#1071,#1048,#1073,.T.);
#1071 = VERTEX_POINT('',#1072);
#1072 = CARTESIAN_POINT('',(-1.15,0.86,0.4));
#1073 = LINE('',#1074,#1075);
#1074 = CARTESIAN_POINT('',(-1.15,-0.91,0.4));
#1075 = VECTOR('',#1076,1.);
#1076 = DIRECTION('',(-1.110223024625E-16,1.,0.));
#1077 = ORIENTED_EDGE('',*,*,#1078,.F.);
#1078 = EDGE_CURVE('',#1079,#1071,#1081,.T.);
#1079 = VERTEX_POINT('',#1080);
#1080 = CARTESIAN_POINT('',(-1.15,0.64,0.4));
#1081 = LINE('',#1082,#1083);
#1082 = CARTESIAN_POINT('',(-1.15,-0.91,0.4));
#1083 = VECTOR('',#1084,1.);
#1084 = DIRECTION('',(-1.110223024625E-16,1.,0.));
#1085 = ORIENTED_EDGE('',*,*,#1086,.F.);
#1086 = EDGE_CURVE('',#1087,#1079,#1089,.T.);
#1087 = VERTEX_POINT('',#1088);
#1088 = CARTESIAN_POINT('',(-1.15,0.36,0.4));
#1089 = LINE('',#1090,#1091);
#1090 = CARTESIAN_POINT('',(-1.15,-0.91,0.4));
#1091 = VECTOR('',#1092,1.);
#1092 = DIRECTION('',(-1.110223024625E-16,1.,0.));
#1093 = ORIENTED_EDGE('',*,*,#1094,.F.);
#1094 = EDGE_CURVE('',#1095,#1087,#1097,.T.);
#1095 = VERTEX_POINT('',#1096);
#1096 = CARTESIAN_POINT('',(-1.15,0.14,0.4));
#1097 = LINE('',#1098,#1099);
#1098 = CARTESIAN_POINT('',(-1.15,-0.91,0.4));
#1099 = VECTOR('',#1100,1.);
#1100 = DIRECTION('',(-1.110223024625E-16,1.,0.));
#1101 = ORIENTED_EDGE('',*,*,#1102,.F.);
#1102 = EDGE_CURVE('',#1103,#1095,#1105,.T.);
#1103 = VERTEX_POINT('',#1104);
#1104 = CARTESIAN_POINT('',(-1.15,-0.14,0.4));
#1105 = LINE('',#1106,#1107);
#1106 = CARTESIAN_POINT('',(-1.15,-0.91,0.4));
#1107 = VECTOR('',#1108,1.);
#1108 = DIRECTION('',(-1.110223024625E-16,1.,0.));
#1109 = ORIENTED_EDGE('',*,*,#1110,.F.);
#1110 = EDGE_CURVE('',#1111,#1103,#1113,.T.);
#1111 = VERTEX_POINT('',#1112);
#1112 = CARTESIAN_POINT('',(-1.15,-0.36,0.4));
#1113 = LINE('',#1114,#1115);
#1114 = CARTESIAN_POINT('',(-1.15,-0.91,0.4));
#1115 = VECTOR('',#1116,1.);
#1116 = DIRECTION('',(-1.110223024625E-16,1.,0.));
#1117 = ORIENTED_EDGE('',*,*,#1118,.F.);
#1118 = EDGE_CURVE('',#1119,#1111,#1121,.T.);
#1119 = VERTEX_POINT('',#1120);
#1120 = CARTESIAN_POINT('',(-1.15,-0.64,0.4));
#1121 = LINE('',#1122,#1123);
#1122 = CARTESIAN_POINT('',(-1.15,-0.91,0.4));
#1123 = VECTOR('',#1124,1.);
#1124 = DIRECTION('',(-1.110223024625E-16,1.,0.));
#1125 = ORIENTED_EDGE('',*,*,#1126,.F.);
#1126 = EDGE_CURVE('',#1127,#1119,#1129,.T.);
#1127 = VERTEX_POINT('',#1128);
#1128 = CARTESIAN_POINT('',(-1.15,-0.86,0.4));
#1129 = LINE('',#1130,#1131);
#1130 = CARTESIAN_POINT('',(-1.15,-0.91,0.4));
#1131 = VECTOR('',#1132,1.);
#1132 = DIRECTION('',(-1.110223024625E-16,1.,0.));
#1133 = ORIENTED_EDGE('',*,*,#1134,.F.);
#1134 = EDGE_CURVE('',#1135,#1127,#1137,.T.);
#1135 = VERTEX_POINT('',#1136);
#1136 = CARTESIAN_POINT('',(-1.15,-0.91,0.4));
#1137 = LINE('',#1138,#1139);
#1138 = CARTESIAN_POINT('',(-1.15,-0.91,0.4));
#1139 = VECTOR('',#1140,1.);
#1140 = DIRECTION('',(-1.110223024625E-16,1.,0.));
#1141 = ORIENTED_EDGE('',*,*,#1142,.F.);
#1142 = EDGE_CURVE('',#964,#1135,#1143,.T.);
#1143 = B_SPLINE_CURVE_WITH_KNOTS('',1,(#1144,#1145),.UNSPECIFIED.,.F.,
  .F.,(2,2),(0.,1.),.PIECEWISE_BEZIER_KNOTS.);
#1144 = CARTESIAN_POINT('',(-1.086233031499,-0.878116515749,0.1));
#1145 = CARTESIAN_POINT('',(-1.15,-0.91,0.4));
#1146 = B_SPLINE_SURFACE_WITH_KNOTS('',1,1,(
    (#1147,#1148)
    ,(#1149,#1150
    )),.UNSPECIFIED.,.F.,.F.,.F.,(2,2),(2,2),(0.,1.82),(0.,1.),
  .PIECEWISE_BEZIER_KNOTS.);
#1147 = CARTESIAN_POINT('',(-1.086233031499,-0.878116515749,0.1));
#1148 = CARTESIAN_POINT('',(-1.15,-0.91,0.4));
#1149 = CARTESIAN_POINT('',(-1.086233031499,0.878116515749,0.1));
#1150 = CARTESIAN_POINT('',(-1.15,0.91,0.4));
#1151 = ADVANCED_FACE('',(#1152),#1233,.F.);
#1152 = FACE_BOUND('',#1153,.F.);
#1153 = EDGE_LOOP('',(#1154,#1155,#1162,#1170,#1178,#1186,#1194,#1202,
    #1210,#1218,#1226,#1232));
#1154 = ORIENTED_EDGE('',*,*,#939,.T.);
#1155 = ORIENTED_EDGE('',*,*,#1156,.T.);
#1156 = EDGE_CURVE('',#940,#1157,#1159,.T.);
#1157 = VERTEX_POINT('',#1158);
#1158 = CARTESIAN_POINT('',(1.15,-0.91,0.4));
#1159 = B_SPLINE_CURVE_WITH_KNOTS('',1,(#1160,#1161),.UNSPECIFIED.,.F.,
  .F.,(2,2),(0.,1.),.PIECEWISE_BEZIER_KNOTS.);
#1160 = CARTESIAN_POINT('',(1.086233031499,-0.878116515749,0.1));
#1161 = CARTESIAN_POINT('',(1.15,-0.91,0.4));
#1162 = ORIENTED_EDGE('',*,*,#1163,.F.);
#1163 = EDGE_CURVE('',#1164,#1157,#1166,.T.);
#1164 = VERTEX_POINT('',#1165);
#1165 = CARTESIAN_POINT('',(1.15,-0.86,0.4));
#1166 = LINE('',#1167,#1168);
#1167 = CARTESIAN_POINT('',(1.15,0.91,0.4));
#1168 = VECTOR('',#1169,1.);
#1169 = DIRECTION('',(1.110223024625E-16,-1.,0.));
#1170 = ORIENTED_EDGE('',*,*,#1171,.F.);
#1171 = EDGE_CURVE('',#1172,#1164,#1174,.T.);
#1172 = VERTEX_POINT('',#1173);
#1173 = CARTESIAN_POINT('',(1.15,-0.64,0.4));
#1174 = LINE('',#1175,#1176);
#1175 = CARTESIAN_POINT('',(1.15,0.91,0.4));
#1176 = VECTOR('',#1177,1.);
#1177 = DIRECTION('',(1.110223024625E-16,-1.,0.));
#1178 = ORIENTED_EDGE('',*,*,#1179,.F.);
#1179 = EDGE_CURVE('',#1180,#1172,#1182,.T.);
#1180 = VERTEX_POINT('',#1181);
#1181 = CARTESIAN_POINT('',(1.15,-0.36,0.4));
#1182 = LINE('',#1183,#1184);
#1183 = CARTESIAN_POINT('',(1.15,0.91,0.4));
#1184 = VECTOR('',#1185,1.);
#1185 = DIRECTION('',(1.110223024625E-16,-1.,0.));
#1186 = ORIENTED_EDGE('',*,*,#1187,.F.);
#1187 = EDGE_CURVE('',#1188,#1180,#1190,.T.);
#1188 = VERTEX_POINT('',#1189);
#1189 = CARTESIAN_POINT('',(1.15,-0.14,0.4));
#1190 = LINE('',#1191,#1192);
#1191 = CARTESIAN_POINT('',(1.15,0.91,0.4));
#1192 = VECTOR('',#1193,1.);
#1193 = DIRECTION('',(1.110223024625E-16,-1.,0.));
#1194 = ORIENTED_EDGE('',*,*,#1195,.F.);
#1195 = EDGE_CURVE('',#1196,#1188,#1198,.T.);
#1196 = VERTEX_POINT('',#1197);
#1197 = CARTESIAN_POINT('',(1.15,0.14,0.4));
#1198 = LINE('',#1199,#1200);
#1199 = CARTESIAN_POINT('',(1.15,0.91,0.4));
#1200 = VECTOR('',#1201,1.);
#1201 = DIRECTION('',(1.110223024625E-16,-1.,0.));
#1202 = ORIENTED_EDGE('',*,*,#1203,.F.);
#1203 = EDGE_CURVE('',#1204,#1196,#1206,.T.);
#1204 = VERTEX_POINT('',#1205);
#1205 = CARTESIAN_POINT('',(1.15,0.36,0.4));
#1206 = LINE('',#1207,#1208);
#1207 = CARTESIAN_POINT('',(1.15,0.91,0.4));
#1208 = VECTOR('',#1209,1.);
#1209 = DIRECTION('',(1.110223024625E-16,-1.,0.));
#1210 = ORIENTED_EDGE('',*,*,#1211,.F.);
#1211 = EDGE_CURVE('',#1212,#1204,#1214,.T.);
#1212 = VERTEX_POINT('',#1213);
#1213 = CARTESIAN_POINT('',(1.15,0.64,0.4));
#1214 = LINE('',#1215,#1216);
#1215 = CARTESIAN_POINT('',(1.15,0.91,0.4));
#1216 = VECTOR('',#1217,1.);
#1217 = DIRECTION('',(1.110223024625E-16,-1.,0.));
#1218 = ORIENTED_EDGE('',*,*,#1219,.F.);
#1219 = EDGE_CURVE('',#1220,#1212,#1222,.T.);
#1220 = VERTEX_POINT('',#1221);
#1221 = CARTESIAN_POINT('',(1.15,0.86,0.4));
#1222 = LINE('',#1223,#1224);
#1223 = CARTESIAN_POINT('',(1.15,0.91,0.4));
#1224 = VECTOR('',#1225,1.);
#1225 = DIRECTION('',(1.110223024625E-16,-1.,0.));
#1226 = ORIENTED_EDGE('',*,*,#1227,.F.);
#1227 = EDGE_CURVE('',#995,#1220,#1228,.T.);
#1228 = LINE('',#1229,#1230);
#1229 = CARTESIAN_POINT('',(1.15,0.91,0.4));
#1230 = VECTOR('',#1231,1.);
#1231 = DIRECTION('',(1.110223024625E-16,-1.,0.));
#1232 = ORIENTED_EDGE('',*,*,#994,.F.);
#1233 = B_SPLINE_SURFACE_WITH_KNOTS('',1,1,(
    (#1234,#1235)
    ,(#1236,#1237
    )),.UNSPECIFIED.,.F.,.F.,.F.,(2,2),(2,2),(0.,1.82),(0.,1.),
  .PIECEWISE_BEZIER_KNOTS.);
#1234 = CARTESIAN_POINT('',(1.086233031499,0.878116515749,0.1));
#1235 = CARTESIAN_POINT('',(1.15,0.91,0.4));
#1236 = CARTESIAN_POINT('',(1.086233031499,-0.878116515749,0.1));
#1237 = CARTESIAN_POINT('',(1.15,-0.91,0.4));
#1238 = ADVANCED_FACE('',(#1239),#1256,.F.);
#1239 = FACE_BOUND('',#1240,.F.);
#1240 = EDGE_LOOP('',(#1241,#1242,#1243,#1251));
#1241 = ORIENTED_EDGE('',*,*,#963,.T.);
#1242 = ORIENTED_EDGE('',*,*,#1142,.T.);
#1243 = ORIENTED_EDGE('',*,*,#1244,.F.);
#1244 = EDGE_CURVE('',#1245,#1135,#1247,.T.);
#1245 = VERTEX_POINT('',#1246);
#1246 = CARTESIAN_POINT('',(-1.06,-1.,0.4));
#1247 = LINE('',#1248,#1249);
#1248 = CARTESIAN_POINT('',(-1.06,-1.,0.4));
#1249 = VECTOR('',#1250,1.);
#1250 = DIRECTION('',(-0.707106781187,0.707106781187,0.));
#1251 = ORIENTED_EDGE('',*,*,#1252,.F.);
#1252 = EDGE_CURVE('',#956,#1245,#1253,.T.);
#1253 = B_SPLINE_CURVE_WITH_KNOTS('',1,(#1254,#1255),.UNSPECIFIED.,.F.,
  .F.,(2,2),(0.,1.),.PIECEWISE_BEZIER_KNOTS.);
#1254 = CARTESIAN_POINT('',(-1.028116515749,-0.936233031499,0.1));
#1255 = CARTESIAN_POINT('',(-1.06,-1.,0.4));
#1256 = B_SPLINE_SURFACE_WITH_KNOTS('',1,1,(
    (#1257,#1258)
    ,(#1259,#1260
    )),.UNSPECIFIED.,.F.,.F.,.F.,(2,2),(2,2),(0.,0.127279220614),(0.,1.)
  ,.PIECEWISE_BEZIER_KNOTS.);
#1257 = CARTESIAN_POINT('',(-1.028116515749,-0.936233031499,0.1));
#1258 = CARTESIAN_POINT('',(-1.06,-1.,0.4));
#1259 = CARTESIAN_POINT('',(-1.086233031499,-0.878116515749,0.1));
#1260 = CARTESIAN_POINT('',(-1.15,-0.91,0.4));
#1261 = ADVANCED_FACE('',(#1262),#1279,.F.);
#1262 = FACE_BOUND('',#1263,.F.);
#1263 = EDGE_LOOP('',(#1264,#1265,#1272,#1278));
#1264 = ORIENTED_EDGE('',*,*,#947,.T.);
#1265 = ORIENTED_EDGE('',*,*,#1266,.T.);
#1266 = EDGE_CURVE('',#948,#1267,#1269,.T.);
#1267 = VERTEX_POINT('',#1268);
#1268 = CARTESIAN_POINT('',(1.06,-1.,0.4));
#1269 = B_SPLINE_CURVE_WITH_KNOTS('',1,(#1270,#1271),.UNSPECIFIED.,.F.,
  .F.,(2,2),(0.,1.),.PIECEWISE_BEZIER_KNOTS.);
#1270 = CARTESIAN_POINT('',(1.028116515749,-0.936233031499,0.1));
#1271 = CARTESIAN_POINT('',(1.06,-1.,0.4));
#1272 = ORIENTED_EDGE('',*,*,#1273,.F.);
#1273 = EDGE_CURVE('',#1157,#1267,#1274,.T.);
#1274 = LINE('',#1275,#1276);
#1275 = CARTESIAN_POINT('',(1.15,-0.91,0.4));
#1276 = VECTOR('',#1277,1.);
#1277 = DIRECTION('',(-0.707106781187,-0.707106781187,0.));
#1278 = ORIENTED_EDGE('',*,*,#1156,.F.);
#1279 = B_SPLINE_SURFACE_WITH_KNOTS('',1,1,(
    (#1280,#1281)
    ,(#1282,#1283
    )),.UNSPECIFIED.,.F.,.F.,.F.,(2,2),(2,2),(0.,0.127279220614),(0.,1.)
  ,.PIECEWISE_BEZIER_KNOTS.);
#1280 = CARTESIAN_POINT('',(1.086233031499,-0.878116515749,0.1));
#1281 = CARTESIAN_POINT('',(1.15,-0.91,0.4));
#1282 = CARTESIAN_POINT('',(1.028116515749,-0.936233031499,0.1));
#1283 = CARTESIAN_POINT('',(1.06,-1.,0.4));
#1284 = ADVANCED_FACE('',(#1285),#1296,.F.);
#1285 = FACE_BOUND('',#1286,.F.);
#1286 = EDGE_LOOP('',(#1287,#1288,#1289,#1295));
#1287 = ORIENTED_EDGE('',*,*,#955,.T.);
#1288 = ORIENTED_EDGE('',*,*,#1252,.T.);
#1289 = ORIENTED_EDGE('',*,*,#1290,.F.);
#1290 = EDGE_CURVE('',#1267,#1245,#1291,.T.);
#1291 = LINE('',#1292,#1293);
#1292 = CARTESIAN_POINT('',(1.06,-1.,0.4));
#1293 = VECTOR('',#1294,1.);
#1294 = DIRECTION('',(-1.,-1.110223024625E-16,0.));
#1295 = ORIENTED_EDGE('',*,*,#1266,.F.);
#1296 = B_SPLINE_SURFACE_WITH_KNOTS('',1,1,(
    (#1297,#1298)
    ,(#1299,#1300
    )),.UNSPECIFIED.,.F.,.F.,.F.,(2,2),(2,2),(0.,2.12),(0.,1.),
  .PIECEWISE_BEZIER_KNOTS.);
#1297 = CARTESIAN_POINT('',(1.028116515749,-0.936233031499,0.1));
#1298 = CARTESIAN_POINT('',(1.06,-1.,0.4));
#1299 = CARTESIAN_POINT('',(-1.028116515749,-0.936233031499,0.1));
#1300 = CARTESIAN_POINT('',(-1.06,-1.,0.4));
#1301 = ADVANCED_FACE('',(#1302),#1319,.F.);
#1302 = FACE_BOUND('',#1303,.F.);
#1303 = EDGE_LOOP('',(#1304,#1305,#1312,#1318));
#1304 = ORIENTED_EDGE('',*,*,#1001,.T.);
#1305 = ORIENTED_EDGE('',*,*,#1306,.T.);
#1306 = EDGE_CURVE('',#995,#1307,#1309,.T.);
#1307 = VERTEX_POINT('',#1308);
#1308 = CARTESIAN_POINT('',(1.15,0.91,0.55));
#1309 = B_SPLINE_CURVE_WITH_KNOTS('',1,(#1310,#1311),.UNSPECIFIED.,.F.,
  .F.,(2,2),(0.,1.),.PIECEWISE_BEZIER_KNOTS.);
#1310 = CARTESIAN_POINT('',(1.15,0.91,0.4));
#1311 = CARTESIAN_POINT('',(1.15,0.91,0.55));
#1312 = ORIENTED_EDGE('',*,*,#1313,.F.);
#1313 = EDGE_CURVE('',#1018,#1307,#1314,.T.);
#1314 = LINE('',#1315,#1316);
#1315 = CARTESIAN_POINT('',(1.06,1.,0.55));
#1316 = VECTOR('',#1317,1.);
#1317 = DIRECTION('',(0.707106781187,-0.707106781187,0.));
#1318 = ORIENTED_EDGE('',*,*,#1017,.F.);
#1319 = PLANE('',#1320);
#1320 = AXIS2_PLACEMENT_3D('',#1321,#1322,#1323);
#1321 = CARTESIAN_POINT('',(1.06,1.,0.55));
#1322 = DIRECTION('',(-0.707106781187,-0.707106781187,0.));
#1323 = DIRECTION('',(0.707106781187,-0.707106781187,0.));
#1324 = ADVANCED_FACE('',(#1325),#1407,.F.);
#1325 = FACE_BOUND('',#1326,.F.);
#1326 = EDGE_LOOP('',(#1327,#1335,#1336,#1337,#1345,#1353,#1361,#1369,
    #1377,#1385,#1393,#1401));
#1327 = ORIENTED_EDGE('',*,*,#1328,.T.);
#1328 = EDGE_CURVE('',#1329,#1025,#1331,.T.);
#1329 = VERTEX_POINT('',#1330);
#1330 = CARTESIAN_POINT('',(-1.15,0.91,0.55));
#1331 = LINE('',#1332,#1333);
#1332 = CARTESIAN_POINT('',(-1.15,0.91,0.55));
#1333 = VECTOR('',#1334,1.);
#1334 = DIRECTION('',(0.707106781187,0.707106781187,0.));
#1335 = ORIENTED_EDGE('',*,*,#1024,.T.);
#1336 = ORIENTED_EDGE('',*,*,#1313,.T.);
#1337 = ORIENTED_EDGE('',*,*,#1338,.T.);
#1338 = EDGE_CURVE('',#1307,#1339,#1341,.T.);
#1339 = VERTEX_POINT('',#1340);
#1340 = CARTESIAN_POINT('',(1.15,0.86,0.55));
#1341 = LINE('',#1342,#1343);
#1342 = CARTESIAN_POINT('',(1.15,0.91,0.55));
#1343 = VECTOR('',#1344,1.);
#1344 = DIRECTION('',(1.110223024625E-16,-1.,0.));
#1345 = ORIENTED_EDGE('',*,*,#1346,.T.);
#1346 = EDGE_CURVE('',#1339,#1347,#1349,.T.);
#1347 = VERTEX_POINT('',#1348);
#1348 = CARTESIAN_POINT('',(1.1,0.86,0.55));
#1349 = LINE('',#1350,#1351);
#1350 = CARTESIAN_POINT('',(1.2,0.86,0.55));
#1351 = VECTOR('',#1352,1.);
#1352 = DIRECTION('',(-1.,-1.110223024625E-16,0.));
#1353 = ORIENTED_EDGE('',*,*,#1354,.F.);
#1354 = EDGE_CURVE('',#1355,#1347,#1357,.T.);
#1355 = VERTEX_POINT('',#1356);
#1356 = CARTESIAN_POINT('',(1.1,0.885,0.55));
#1357 = LINE('',#1358,#1359);
#1358 = CARTESIAN_POINT('',(1.1,0.885,0.55));
#1359 = VECTOR('',#1360,1.);
#1360 = DIRECTION('',(1.110223024625E-16,-1.,0.));
#1361 = ORIENTED_EDGE('',*,*,#1362,.F.);
#1362 = EDGE_CURVE('',#1363,#1355,#1365,.T.);
#1363 = VERTEX_POINT('',#1364);
#1364 = CARTESIAN_POINT('',(1.035,0.95,0.55));
#1365 = LINE('',#1366,#1367);
#1366 = CARTESIAN_POINT('',(1.035,0.95,0.55));
#1367 = VECTOR('',#1368,1.);
#1368 = DIRECTION('',(0.707106781187,-0.707106781187,0.));
#1369 = ORIENTED_EDGE('',*,*,#1370,.F.);
#1370 = EDGE_CURVE('',#1371,#1363,#1373,.T.);
#1371 = VERTEX_POINT('',#1372);
#1372 = CARTESIAN_POINT('',(-1.035,0.95,0.55));
#1373 = LINE('',#1374,#1375);
#1374 = CARTESIAN_POINT('',(-1.035,0.95,0.55));
#1375 = VECTOR('',#1376,1.);
#1376 = DIRECTION('',(1.,1.110223024625E-16,0.));
#1377 = ORIENTED_EDGE('',*,*,#1378,.F.);
#1378 = EDGE_CURVE('',#1379,#1371,#1381,.T.);
#1379 = VERTEX_POINT('',#1380);
#1380 = CARTESIAN_POINT('',(-1.1,0.885,0.55));
#1381 = LINE('',#1382,#1383);
#1382 = CARTESIAN_POINT('',(-1.1,0.885,0.55));
#1383 = VECTOR('',#1384,1.);
#1384 = DIRECTION('',(0.707106781187,0.707106781187,0.));
#1385 = ORIENTED_EDGE('',*,*,#1386,.F.);
#1386 = EDGE_CURVE('',#1387,#1379,#1389,.T.);
#1387 = VERTEX_POINT('',#1388);
#1388 = CARTESIAN_POINT('',(-1.1,0.86,0.55));
#1389 = LINE('',#1390,#1391);
#1390 = CARTESIAN_POINT('',(-1.1,-0.885,0.55));
#1391 = VECTOR('',#1392,1.);
#1392 = DIRECTION('',(-1.110223024625E-16,1.,0.));
#1393 = ORIENTED_EDGE('',*,*,#1394,.F.);
#1394 = EDGE_CURVE('',#1395,#1387,#1397,.T.);
#1395 = VERTEX_POINT('',#1396);
#1396 = CARTESIAN_POINT('',(-1.15,0.86,0.55));
#1397 = LINE('',#1398,#1399);
#1398 = CARTESIAN_POINT('',(-1.2,0.86,0.55));
#1399 = VECTOR('',#1400,1.);
#1400 = DIRECTION('',(1.,-1.144237745222E-17,0.));
#1401 = ORIENTED_EDGE('',*,*,#1402,.T.);
#1402 = EDGE_CURVE('',#1395,#1329,#1403,.T.);
#1403 = LINE('',#1404,#1405);
#1404 = CARTESIAN_POINT('',(-1.15,-0.91,0.55));
#1405 = VECTOR('',#1406,1.);
#1406 = DIRECTION('',(-1.110223024625E-16,1.,0.));
#1407 = PLANE('',#1408);
#1408 = AXIS2_PLACEMENT_3D('',#1409,#1410,#1411);
#1409 = CARTESIAN_POINT('',(-5.319436351458E-17,0.975,0.55));
#1410 = DIRECTION('',(-1.336794903956E-31,1.084683744679E-27,-1.));
#1411 = DIRECTION('',(1.,1.11414478245E-16,-1.336794903955E-31));
#1412 = ADVANCED_FACE('',(#1413),#1423,.F.);
#1413 = FACE_BOUND('',#1414,.F.);
#1414 = EDGE_LOOP('',(#1415,#1416,#1417,#1418));
#1415 = ORIENTED_EDGE('',*,*,#1047,.T.);
#1416 = ORIENTED_EDGE('',*,*,#1032,.T.);
#1417 = ORIENTED_EDGE('',*,*,#1328,.F.);
#1418 = ORIENTED_EDGE('',*,*,#1419,.F.);
#1419 = EDGE_CURVE('',#1048,#1329,#1420,.T.);
#1420 = B_SPLINE_CURVE_WITH_KNOTS('',1,(#1421,#1422),.UNSPECIFIED.,.F.,
  .F.,(2,2),(0.,1.),.PIECEWISE_BEZIER_KNOTS.);
#1421 = CARTESIAN_POINT('',(-1.15,0.91,0.4));
#1422 = CARTESIAN_POINT('',(-1.15,0.91,0.55));
#1423 = PLANE('',#1424);
#1424 = AXIS2_PLACEMENT_3D('',#1425,#1426,#1427);
#1425 = CARTESIAN_POINT('',(-1.15,0.91,0.55));
#1426 = DIRECTION('',(0.707106781187,-0.707106781187,0.));
#1427 = DIRECTION('',(0.707106781187,0.707106781187,0.));
#1428 = ADVANCED_FACE('',(#1429),#1453,.F.);
#1429 = FACE_BOUND('',#1430,.F.);
#1430 = EDGE_LOOP('',(#1431,#1438,#1439,#1447));
#1431 = ORIENTED_EDGE('',*,*,#1432,.F.);
#1432 = EDGE_CURVE('',#1135,#1433,#1435,.T.);
#1433 = VERTEX_POINT('',#1434);
#1434 = CARTESIAN_POINT('',(-1.15,-0.91,0.55));
#1435 = B_SPLINE_CURVE_WITH_KNOTS('',1,(#1436,#1437),.UNSPECIFIED.,.F.,
  .F.,(2,2),(0.,1.),.PIECEWISE_BEZIER_KNOTS.);
#1436 = CARTESIAN_POINT('',(-1.15,-0.91,0.4));
#1437 = CARTESIAN_POINT('',(-1.15,-0.91,0.55));
#1438 = ORIENTED_EDGE('',*,*,#1134,.T.);
#1439 = ORIENTED_EDGE('',*,*,#1440,.T.);
#1440 = EDGE_CURVE('',#1127,#1441,#1443,.T.);
#1441 = VERTEX_POINT('',#1442);
#1442 = CARTESIAN_POINT('',(-1.15,-0.86,0.55));
#1443 = LINE('',#1444,#1445);
#1444 = CARTESIAN_POINT('',(-1.15,-0.86,0.420852917708));
#1445 = VECTOR('',#1446,1.);
#1446 = DIRECTION('',(0.,0.,1.));
#1447 = ORIENTED_EDGE('',*,*,#1448,.F.);
#1448 = EDGE_CURVE('',#1433,#1441,#1449,.T.);
#1449 = LINE('',#1450,#1451);
#1450 = CARTESIAN_POINT('',(-1.15,-0.91,0.55));
#1451 = VECTOR('',#1452,1.);
#1452 = DIRECTION('',(-1.110223024625E-16,1.,0.));
#1453 = PLANE('',#1454);
#1454 = AXIS2_PLACEMENT_3D('',#1455,#1456,#1457);
#1455 = CARTESIAN_POINT('',(-1.15,-0.91,0.55));
#1456 = DIRECTION('',(1.,1.110223024625E-16,0.));
#1457 = DIRECTION('',(-1.110223024625E-16,1.,0.));
#1458 = ADVANCED_FACE('',(#1459),#1484,.F.);
#1459 = FACE_BOUND('',#1460,.F.);
#1460 = EDGE_LOOP('',(#1461,#1469,#1470,#1478));
#1461 = ORIENTED_EDGE('',*,*,#1462,.F.);
#1462 = EDGE_CURVE('',#1127,#1463,#1465,.T.);
#1463 = VERTEX_POINT('',#1464);
#1464 = CARTESIAN_POINT('',(-1.2,-0.86,0.4));
#1465 = LINE('',#1466,#1467);
#1466 = CARTESIAN_POINT('',(-1.05,-0.86,0.4));
#1467 = VECTOR('',#1468,1.);
#1468 = DIRECTION('',(-1.,1.144237745222E-17,0.));
#1469 = ORIENTED_EDGE('',*,*,#1126,.T.);
#1470 = ORIENTED_EDGE('',*,*,#1471,.T.);
#1471 = EDGE_CURVE('',#1119,#1472,#1474,.T.);
#1472 = VERTEX_POINT('',#1473);
#1473 = CARTESIAN_POINT('',(-1.2,-0.64,0.4));
#1474 = LINE('',#1475,#1476);
#1475 = CARTESIAN_POINT('',(-1.05,-0.64,0.4));
#1476 = VECTOR('',#1477,1.);
#1477 = DIRECTION('',(-1.,1.144237745222E-17,0.));
#1478 = ORIENTED_EDGE('',*,*,#1479,.F.);
#1479 = EDGE_CURVE('',#1463,#1472,#1480,.T.);
#1480 = LINE('',#1481,#1482);
#1481 = CARTESIAN_POINT('',(-1.2,-0.86,0.4));
#1482 = VECTOR('',#1483,1.);
#1483 = DIRECTION('',(1.144237745222E-17,1.,0.));
#1484 = PLANE('',#1485);
#1485 = AXIS2_PLACEMENT_3D('',#1486,#1487,#1488);
#1486 = CARTESIAN_POINT('',(-1.05,-0.86,0.4));
#1487 = DIRECTION('',(0.,0.,1.));
#1488 = DIRECTION('',(-1.,1.144237745222E-17,0.));
#1489 = ADVANCED_FACE('',(#1490),#1515,.F.);
#1490 = FACE_BOUND('',#1491,.F.);
#1491 = EDGE_LOOP('',(#1492,#1500,#1501,#1509));
#1492 = ORIENTED_EDGE('',*,*,#1493,.F.);
#1493 = EDGE_CURVE('',#1119,#1494,#1496,.T.);
#1494 = VERTEX_POINT('',#1495);
#1495 = CARTESIAN_POINT('',(-1.15,-0.64,0.55));
#1496 = LINE('',#1497,#1498);
#1497 = CARTESIAN_POINT('',(-1.15,-0.64,0.420852917708));
#1498 = VECTOR('',#1499,1.);
#1499 = DIRECTION('',(0.,0.,1.));
#1500 = ORIENTED_EDGE('',*,*,#1118,.T.);
#1501 = ORIENTED_EDGE('',*,*,#1502,.T.);
#1502 = EDGE_CURVE('',#1111,#1503,#1505,.T.);
#1503 = VERTEX_POINT('',#1504);
#1504 = CARTESIAN_POINT('',(-1.15,-0.36,0.55));
#1505 = LINE('',#1506,#1507);
#1506 = CARTESIAN_POINT('',(-1.15,-0.36,0.420852917708));
#1507 = VECTOR('',#1508,1.);
#1508 = DIRECTION('',(0.,0.,1.));
#1509 = ORIENTED_EDGE('',*,*,#1510,.F.);
#1510 = EDGE_CURVE('',#1494,#1503,#1511,.T.);
#1511 = LINE('',#1512,#1513);
#1512 = CARTESIAN_POINT('',(-1.15,-0.91,0.55));
#1513 = VECTOR('',#1514,1.);
#1514 = DIRECTION('',(-1.110223024625E-16,1.,0.));
#1515 = PLANE('',#1516);
#1516 = AXIS2_PLACEMENT_3D('',#1517,#1518,#1519);
#1517 = CARTESIAN_POINT('',(-1.15,-0.91,0.55));
#1518 = DIRECTION('',(1.,1.110223024625E-16,0.));
#1519 = DIRECTION('',(-1.110223024625E-16,1.,0.));
#1520 = ADVANCED_FACE('',(#1521),#1546,.F.);
#1521 = FACE_BOUND('',#1522,.F.);
#1522 = EDGE_LOOP('',(#1523,#1531,#1532,#1540));
#1523 = ORIENTED_EDGE('',*,*,#1524,.F.);
#1524 = EDGE_CURVE('',#1111,#1525,#1527,.T.);
#1525 = VERTEX_POINT('',#1526);
#1526 = CARTESIAN_POINT('',(-1.2,-0.36,0.4));
#1527 = LINE('',#1528,#1529);
#1528 = CARTESIAN_POINT('',(-1.05,-0.36,0.4));
#1529 = VECTOR('',#1530,1.);
#1530 = DIRECTION('',(-1.,1.144237745222E-17,0.));
#1531 = ORIENTED_EDGE('',*,*,#1110,.T.);
#1532 = ORIENTED_EDGE('',*,*,#1533,.T.);
#1533 = EDGE_CURVE('',#1103,#1534,#1536,.T.);
#1534 = VERTEX_POINT('',#1535);
#1535 = CARTESIAN_POINT('',(-1.2,-0.14,0.4));
#1536 = LINE('',#1537,#1538);
#1537 = CARTESIAN_POINT('',(-1.05,-0.14,0.4));
#1538 = VECTOR('',#1539,1.);
#1539 = DIRECTION('',(-1.,1.144237745222E-17,0.));
#1540 = ORIENTED_EDGE('',*,*,#1541,.F.);
#1541 = EDGE_CURVE('',#1525,#1534,#1542,.T.);
#1542 = LINE('',#1543,#1544);
#1543 = CARTESIAN_POINT('',(-1.2,-0.36,0.4));
#1544 = VECTOR('',#1545,1.);
#1545 = DIRECTION('',(1.144237745222E-17,1.,0.));
#1546 = PLANE('',#1547);
#1547 = AXIS2_PLACEMENT_3D('',#1548,#1549,#1550);
#1548 = CARTESIAN_POINT('',(-1.05,-0.36,0.4));
#1549 = DIRECTION('',(0.,0.,1.));
#1550 = DIRECTION('',(-1.,1.144237745222E-17,0.));
#1551 = ADVANCED_FACE('',(#1552),#1577,.F.);
#1552 = FACE_BOUND('',#1553,.F.);
#1553 = EDGE_LOOP('',(#1554,#1562,#1563,#1571));
#1554 = ORIENTED_EDGE('',*,*,#1555,.F.);
#1555 = EDGE_CURVE('',#1103,#1556,#1558,.T.);
#1556 = VERTEX_POINT('',#1557);
#1557 = CARTESIAN_POINT('',(-1.15,-0.14,0.55));
#1558 = LINE('',#1559,#1560);
#1559 = CARTESIAN_POINT('',(-1.15,-0.14,0.420852917708));
#1560 = VECTOR('',#1561,1.);
#1561 = DIRECTION('',(0.,0.,1.));
#1562 = ORIENTED_EDGE('',*,*,#1102,.T.);
#1563 = ORIENTED_EDGE('',*,*,#1564,.T.);
#1564 = EDGE_CURVE('',#1095,#1565,#1567,.T.);
#1565 = VERTEX_POINT('',#1566);
#1566 = CARTESIAN_POINT('',(-1.15,0.14,0.55));
#1567 = LINE('',#1568,#1569);
#1568 = CARTESIAN_POINT('',(-1.15,0.14,0.420852917708));
#1569 = VECTOR('',#1570,1.);
#1570 = DIRECTION('',(0.,0.,1.));
#1571 = ORIENTED_EDGE('',*,*,#1572,.F.);
#1572 = EDGE_CURVE('',#1556,#1565,#1573,.T.);
#1573 = LINE('',#1574,#1575);
#1574 = CARTESIAN_POINT('',(-1.15,-0.91,0.55));
#1575 = VECTOR('',#1576,1.);
#1576 = DIRECTION('',(-1.110223024625E-16,1.,0.));
#1577 = PLANE('',#1578);
#1578 = AXIS2_PLACEMENT_3D('',#1579,#1580,#1581);
#1579 = CARTESIAN_POINT('',(-1.15,-0.91,0.55));
#1580 = DIRECTION('',(1.,1.110223024625E-16,0.));
#1581 = DIRECTION('',(-1.110223024625E-16,1.,0.));
#1582 = ADVANCED_FACE('',(#1583),#1608,.F.);
#1583 = FACE_BOUND('',#1584,.F.);
#1584 = EDGE_LOOP('',(#1585,#1593,#1594,#1602));
#1585 = ORIENTED_EDGE('',*,*,#1586,.F.);
#1586 = EDGE_CURVE('',#1095,#1587,#1589,.T.);
#1587 = VERTEX_POINT('',#1588);
#1588 = CARTESIAN_POINT('',(-1.2,0.14,0.4));
#1589 = LINE('',#1590,#1591);
#1590 = CARTESIAN_POINT('',(-1.05,0.14,0.4));
#1591 = VECTOR('',#1592,1.);
#1592 = DIRECTION('',(-1.,1.144237745222E-17,0.));
#1593 = ORIENTED_EDGE('',*,*,#1094,.T.);
#1594 = ORIENTED_EDGE('',*,*,#1595,.T.);
#1595 = EDGE_CURVE('',#1087,#1596,#1598,.T.);
#1596 = VERTEX_POINT('',#1597);
#1597 = CARTESIAN_POINT('',(-1.2,0.36,0.4));
#1598 = LINE('',#1599,#1600);
#1599 = CARTESIAN_POINT('',(-1.05,0.36,0.4));
#1600 = VECTOR('',#1601,1.);
#1601 = DIRECTION('',(-1.,1.144237745222E-17,0.));
#1602 = ORIENTED_EDGE('',*,*,#1603,.F.);
#1603 = EDGE_CURVE('',#1587,#1596,#1604,.T.);
#1604 = LINE('',#1605,#1606);
#1605 = CARTESIAN_POINT('',(-1.2,0.14,0.4));
#1606 = VECTOR('',#1607,1.);
#1607 = DIRECTION('',(1.144237745222E-17,1.,0.));
#1608 = PLANE('',#1609);
#1609 = AXIS2_PLACEMENT_3D('',#1610,#1611,#1612);
#1610 = CARTESIAN_POINT('',(-1.05,0.14,0.4));
#1611 = DIRECTION('',(0.,0.,1.));
#1612 = DIRECTION('',(-1.,1.144237745222E-17,0.));
#1613 = ADVANCED_FACE('',(#1614),#1639,.F.);
#1614 = FACE_BOUND('',#1615,.F.);
#1615 = EDGE_LOOP('',(#1616,#1624,#1625,#1633));
#1616 = ORIENTED_EDGE('',*,*,#1617,.F.);
#1617 = EDGE_CURVE('',#1087,#1618,#1620,.T.);
#1618 = VERTEX_POINT('',#1619);
#1619 = CARTESIAN_POINT('',(-1.15,0.36,0.55));
#1620 = LINE('',#1621,#1622);
#1621 = CARTESIAN_POINT('',(-1.15,0.36,0.420852917708));
#1622 = VECTOR('',#1623,1.);
#1623 = DIRECTION('',(0.,0.,1.));
#1624 = ORIENTED_EDGE('',*,*,#1086,.T.);
#1625 = ORIENTED_EDGE('',*,*,#1626,.T.);
#1626 = EDGE_CURVE('',#1079,#1627,#1629,.T.);
#1627 = VERTEX_POINT('',#1628);
#1628 = CARTESIAN_POINT('',(-1.15,0.64,0.55));
#1629 = LINE('',#1630,#1631);
#1630 = CARTESIAN_POINT('',(-1.15,0.64,0.420852917708));
#1631 = VECTOR('',#1632,1.);
#1632 = DIRECTION('',(0.,0.,1.));
#1633 = ORIENTED_EDGE('',*,*,#1634,.F.);
#1634 = EDGE_CURVE('',#1618,#1627,#1635,.T.);
#1635 = LINE('',#1636,#1637);
#1636 = CARTESIAN_POINT('',(-1.15,-0.91,0.55));
#1637 = VECTOR('',#1638,1.);
#1638 = DIRECTION('',(-1.110223024625E-16,1.,0.));
#1639 = PLANE('',#1640);
#1640 = AXIS2_PLACEMENT_3D('',#1641,#1642,#1643);
#1641 = CARTESIAN_POINT('',(-1.15,-0.91,0.55));
#1642 = DIRECTION('',(1.,1.110223024625E-16,0.));
#1643 = DIRECTION('',(-1.110223024625E-16,1.,0.));
#1644 = ADVANCED_FACE('',(#1645),#1670,.F.);
#1645 = FACE_BOUND('',#1646,.F.);
#1646 = EDGE_LOOP('',(#1647,#1655,#1656,#1664));
#1647 = ORIENTED_EDGE('',*,*,#1648,.F.);
#1648 = EDGE_CURVE('',#1079,#1649,#1651,.T.);
#1649 = VERTEX_POINT('',#1650);
#1650 = CARTESIAN_POINT('',(-1.2,0.64,0.4));
#1651 = LINE('',#1652,#1653);
#1652 = CARTESIAN_POINT('',(-1.05,0.64,0.4));
#1653 = VECTOR('',#1654,1.);
#1654 = DIRECTION('',(-1.,1.144237745222E-17,0.));
#1655 = ORIENTED_EDGE('',*,*,#1078,.T.);
#1656 = ORIENTED_EDGE('',*,*,#1657,.T.);
#1657 = EDGE_CURVE('',#1071,#1658,#1660,.T.);
#1658 = VERTEX_POINT('',#1659);
#1659 = CARTESIAN_POINT('',(-1.2,0.86,0.4));
#1660 = LINE('',#1661,#1662);
#1661 = CARTESIAN_POINT('',(-1.05,0.86,0.4));
#1662 = VECTOR('',#1663,1.);
#1663 = DIRECTION('',(-1.,1.144237745222E-17,0.));
#1664 = ORIENTED_EDGE('',*,*,#1665,.F.);
#1665 = EDGE_CURVE('',#1649,#1658,#1666,.T.);
#1666 = LINE('',#1667,#1668);
#1667 = CARTESIAN_POINT('',(-1.2,0.64,0.4));
#1668 = VECTOR('',#1669,1.);
#1669 = DIRECTION('',(1.144237745222E-17,1.,0.));
#1670 = PLANE('',#1671);
#1671 = AXIS2_PLACEMENT_3D('',#1672,#1673,#1674);
#1672 = CARTESIAN_POINT('',(-1.05,0.64,0.4));
#1673 = DIRECTION('',(0.,0.,1.));
#1674 = DIRECTION('',(-1.,1.144237745222E-17,0.));
#1675 = ADVANCED_FACE('',(#1676),#1687,.F.);
#1676 = FACE_BOUND('',#1677,.F.);
#1677 = EDGE_LOOP('',(#1678,#1684,#1685,#1686));
#1678 = ORIENTED_EDGE('',*,*,#1679,.F.);
#1679 = EDGE_CURVE('',#1071,#1395,#1680,.T.);
#1680 = LINE('',#1681,#1682);
#1681 = CARTESIAN_POINT('',(-1.15,0.86,0.420852917708));
#1682 = VECTOR('',#1683,1.);
#1683 = DIRECTION('',(0.,0.,1.));
#1684 = ORIENTED_EDGE('',*,*,#1070,.T.);
#1685 = ORIENTED_EDGE('',*,*,#1419,.T.);
#1686 = ORIENTED_EDGE('',*,*,#1402,.F.);
#1687 = PLANE('',#1688);
#1688 = AXIS2_PLACEMENT_3D('',#1689,#1690,#1691);
#1689 = CARTESIAN_POINT('',(-1.15,-0.91,0.55));
#1690 = DIRECTION('',(1.,1.110223024625E-16,0.));
#1691 = DIRECTION('',(-1.110223024625E-16,1.,0.));
#1692 = ADVANCED_FACE('',(#1693),#1704,.F.);
#1693 = FACE_BOUND('',#1694,.F.);
#1694 = EDGE_LOOP('',(#1695,#1696,#1697,#1703));
#1695 = ORIENTED_EDGE('',*,*,#1306,.F.);
#1696 = ORIENTED_EDGE('',*,*,#1227,.T.);
#1697 = ORIENTED_EDGE('',*,*,#1698,.T.);
#1698 = EDGE_CURVE('',#1220,#1339,#1699,.T.);
#1699 = LINE('',#1700,#1701);
#1700 = CARTESIAN_POINT('',(1.15,0.86,0.420852917708));
#1701 = VECTOR('',#1702,1.);
#1702 = DIRECTION('',(0.,0.,1.));
#1703 = ORIENTED_EDGE('',*,*,#1338,.F.);
#1704 = PLANE('',#1705);
#1705 = AXIS2_PLACEMENT_3D('',#1706,#1707,#1708);
#1706 = CARTESIAN_POINT('',(1.15,0.91,0.55));
#1707 = DIRECTION('',(-1.,-1.110223024625E-16,0.));
#1708 = DIRECTION('',(1.110223024625E-16,-1.,0.));
#1709 = ADVANCED_FACE('',(#1710),#1735,.F.);
#1710 = FACE_BOUND('',#1711,.F.);
#1711 = EDGE_LOOP('',(#1712,#1720,#1721,#1729));
#1712 = ORIENTED_EDGE('',*,*,#1713,.F.);
#1713 = EDGE_CURVE('',#1220,#1714,#1716,.T.);
#1714 = VERTEX_POINT('',#1715);
#1715 = CARTESIAN_POINT('',(1.2,0.86,0.4));
#1716 = LINE('',#1717,#1718);
#1717 = CARTESIAN_POINT('',(1.05,0.86,0.4));
#1718 = VECTOR('',#1719,1.);
#1719 = DIRECTION('',(1.,1.110223024625E-16,0.));
#1720 = ORIENTED_EDGE('',*,*,#1219,.T.);
#1721 = ORIENTED_EDGE('',*,*,#1722,.T.);
#1722 = EDGE_CURVE('',#1212,#1723,#1725,.T.);
#1723 = VERTEX_POINT('',#1724);
#1724 = CARTESIAN_POINT('',(1.2,0.64,0.4));
#1725 = LINE('',#1726,#1727);
#1726 = CARTESIAN_POINT('',(1.05,0.64,0.4));
#1727 = VECTOR('',#1728,1.);
#1728 = DIRECTION('',(1.,1.110223024625E-16,0.));
#1729 = ORIENTED_EDGE('',*,*,#1730,.F.);
#1730 = EDGE_CURVE('',#1714,#1723,#1731,.T.);
#1731 = LINE('',#1732,#1733);
#1732 = CARTESIAN_POINT('',(1.2,0.86,0.4));
#1733 = VECTOR('',#1734,1.);
#1734 = DIRECTION('',(1.110223024625E-16,-1.,0.));
#1735 = PLANE('',#1736);
#1736 = AXIS2_PLACEMENT_3D('',#1737,#1738,#1739);
#1737 = CARTESIAN_POINT('',(1.05,0.86,0.4));
#1738 = DIRECTION('',(0.,0.,1.));
#1739 = DIRECTION('',(1.,1.110223024625E-16,-0.));
#1740 = ADVANCED_FACE('',(#1741),#1766,.F.);
#1741 = FACE_BOUND('',#1742,.F.);
#1742 = EDGE_LOOP('',(#1743,#1751,#1752,#1760));
#1743 = ORIENTED_EDGE('',*,*,#1744,.F.);
#1744 = EDGE_CURVE('',#1212,#1745,#1747,.T.);
#1745 = VERTEX_POINT('',#1746);
#1746 = CARTESIAN_POINT('',(1.15,0.64,0.55));
#1747 = LINE('',#1748,#1749);
#1748 = CARTESIAN_POINT('',(1.15,0.64,0.420852917708));
#1749 = VECTOR('',#1750,1.);
#1750 = DIRECTION('',(0.,0.,1.));
#1751 = ORIENTED_EDGE('',*,*,#1211,.T.);
#1752 = ORIENTED_EDGE('',*,*,#1753,.T.);
#1753 = EDGE_CURVE('',#1204,#1754,#1756,.T.);
#1754 = VERTEX_POINT('',#1755);
#1755 = CARTESIAN_POINT('',(1.15,0.36,0.55));
#1756 = LINE('',#1757,#1758);
#1757 = CARTESIAN_POINT('',(1.15,0.36,0.420852917708));
#1758 = VECTOR('',#1759,1.);
#1759 = DIRECTION('',(0.,0.,1.));
#1760 = ORIENTED_EDGE('',*,*,#1761,.F.);
#1761 = EDGE_CURVE('',#1745,#1754,#1762,.T.);
#1762 = LINE('',#1763,#1764);
#1763 = CARTESIAN_POINT('',(1.15,0.91,0.55));
#1764 = VECTOR('',#1765,1.);
#1765 = DIRECTION('',(1.110223024625E-16,-1.,0.));
#1766 = PLANE('',#1767);
#1767 = AXIS2_PLACEMENT_3D('',#1768,#1769,#1770);
#1768 = CARTESIAN_POINT('',(1.15,0.91,0.55));
#1769 = DIRECTION('',(-1.,-1.110223024625E-16,0.));
#1770 = DIRECTION('',(1.110223024625E-16,-1.,0.));
#1771 = ADVANCED_FACE('',(#1772),#1797,.F.);
#1772 = FACE_BOUND('',#1773,.F.);
#1773 = EDGE_LOOP('',(#1774,#1782,#1783,#1791));
#1774 = ORIENTED_EDGE('',*,*,#1775,.F.);
#1775 = EDGE_CURVE('',#1204,#1776,#1778,.T.);
#1776 = VERTEX_POINT('',#1777);
#1777 = CARTESIAN_POINT('',(1.2,0.36,0.4));
#1778 = LINE('',#1779,#1780);
#1779 = CARTESIAN_POINT('',(1.05,0.36,0.4));
#1780 = VECTOR('',#1781,1.);
#1781 = DIRECTION('',(1.,1.110223024625E-16,0.));
#1782 = ORIENTED_EDGE('',*,*,#1203,.T.);
#1783 = ORIENTED_EDGE('',*,*,#1784,.T.);
#1784 = EDGE_CURVE('',#1196,#1785,#1787,.T.);
#1785 = VERTEX_POINT('',#1786);
#1786 = CARTESIAN_POINT('',(1.2,0.14,0.4));
#1787 = LINE('',#1788,#1789);
#1788 = CARTESIAN_POINT('',(1.05,0.14,0.4));
#1789 = VECTOR('',#1790,1.);
#1790 = DIRECTION('',(1.,1.110223024625E-16,0.));
#1791 = ORIENTED_EDGE('',*,*,#1792,.F.);
#1792 = EDGE_CURVE('',#1776,#1785,#1793,.T.);
#1793 = LINE('',#1794,#1795);
#1794 = CARTESIAN_POINT('',(1.2,0.36,0.4));
#1795 = VECTOR('',#1796,1.);
#1796 = DIRECTION('',(1.110223024625E-16,-1.,0.));
#1797 = PLANE('',#1798);
#1798 = AXIS2_PLACEMENT_3D('',#1799,#1800,#1801);
#1799 = CARTESIAN_POINT('',(1.05,0.36,0.4));
#1800 = DIRECTION('',(0.,0.,1.));
#1801 = DIRECTION('',(1.,1.110223024625E-16,-0.));
#1802 = ADVANCED_FACE('',(#1803),#1828,.F.);
#1803 = FACE_BOUND('',#1804,.F.);
#1804 = EDGE_LOOP('',(#1805,#1813,#1814,#1822));
#1805 = ORIENTED_EDGE('',*,*,#1806,.F.);
#1806 = EDGE_CURVE('',#1196,#1807,#1809,.T.);
#1807 = VERTEX_POINT('',#1808);
#1808 = CARTESIAN_POINT('',(1.15,0.14,0.55));
#1809 = LINE('',#1810,#1811);
#1810 = CARTESIAN_POINT('',(1.15,0.14,0.420852917708));
#1811 = VECTOR('',#1812,1.);
#1812 = DIRECTION('',(0.,0.,1.));
#1813 = ORIENTED_EDGE('',*,*,#1195,.T.);
#1814 = ORIENTED_EDGE('',*,*,#1815,.T.);
#1815 = EDGE_CURVE('',#1188,#1816,#1818,.T.);
#1816 = VERTEX_POINT('',#1817);
#1817 = CARTESIAN_POINT('',(1.15,-0.14,0.55));
#1818 = LINE('',#1819,#1820);
#1819 = CARTESIAN_POINT('',(1.15,-0.14,0.420852917708));
#1820 = VECTOR('',#1821,1.);
#1821 = DIRECTION('',(0.,0.,1.));
#1822 = ORIENTED_EDGE('',*,*,#1823,.F.);
#1823 = EDGE_CURVE('',#1807,#1816,#1824,.T.);
#1824 = LINE('',#1825,#1826);
#1825 = CARTESIAN_POINT('',(1.15,0.91,0.55));
#1826 = VECTOR('',#1827,1.);
#1827 = DIRECTION('',(1.110223024625E-16,-1.,0.));
#1828 = PLANE('',#1829);
#1829 = AXIS2_PLACEMENT_3D('',#1830,#1831,#1832);
#1830 = CARTESIAN_POINT('',(1.15,0.91,0.55));
#1831 = DIRECTION('',(-1.,-1.110223024625E-16,0.));
#1832 = DIRECTION('',(1.110223024625E-16,-1.,0.));
#1833 = ADVANCED_FACE('',(#1834),#1859,.F.);
#1834 = FACE_BOUND('',#1835,.F.);
#1835 = EDGE_LOOP('',(#1836,#1844,#1845,#1853));
#1836 = ORIENTED_EDGE('',*,*,#1837,.F.);
#1837 = EDGE_CURVE('',#1188,#1838,#1840,.T.);
#1838 = VERTEX_POINT('',#1839);
#1839 = CARTESIAN_POINT('',(1.2,-0.14,0.4));
#1840 = LINE('',#1841,#1842);
#1841 = CARTESIAN_POINT('',(1.05,-0.14,0.4));
#1842 = VECTOR('',#1843,1.);
#1843 = DIRECTION('',(1.,1.110223024625E-16,0.));
#1844 = ORIENTED_EDGE('',*,*,#1187,.T.);
#1845 = ORIENTED_EDGE('',*,*,#1846,.T.);
#1846 = EDGE_CURVE('',#1180,#1847,#1849,.T.);
#1847 = VERTEX_POINT('',#1848);
#1848 = CARTESIAN_POINT('',(1.2,-0.36,0.4));
#1849 = LINE('',#1850,#1851);
#1850 = CARTESIAN_POINT('',(1.05,-0.36,0.4));
#1851 = VECTOR('',#1852,1.);
#1852 = DIRECTION('',(1.,1.110223024625E-16,0.));
#1853 = ORIENTED_EDGE('',*,*,#1854,.F.);
#1854 = EDGE_CURVE('',#1838,#1847,#1855,.T.);
#1855 = LINE('',#1856,#1857);
#1856 = CARTESIAN_POINT('',(1.2,-0.14,0.4));
#1857 = VECTOR('',#1858,1.);
#1858 = DIRECTION('',(1.110223024625E-16,-1.,0.));
#1859 = PLANE('',#1860);
#1860 = AXIS2_PLACEMENT_3D('',#1861,#1862,#1863);
#1861 = CARTESIAN_POINT('',(1.05,-0.14,0.4));
#1862 = DIRECTION('',(0.,0.,1.));
#1863 = DIRECTION('',(1.,1.110223024625E-16,-0.));
#1864 = ADVANCED_FACE('',(#1865),#1890,.F.);
#1865 = FACE_BOUND('',#1866,.F.);
#1866 = EDGE_LOOP('',(#1867,#1875,#1876,#1884));
#1867 = ORIENTED_EDGE('',*,*,#1868,.F.);
#1868 = EDGE_CURVE('',#1180,#1869,#1871,.T.);
#1869 = VERTEX_POINT('',#1870);
#1870 = CARTESIAN_POINT('',(1.15,-0.36,0.55));
#1871 = LINE('',#1872,#1873);
#1872 = CARTESIAN_POINT('',(1.15,-0.36,0.420852917708));
#1873 = VECTOR('',#1874,1.);
#1874 = DIRECTION('',(0.,0.,1.));
#1875 = ORIENTED_EDGE('',*,*,#1179,.T.);
#1876 = ORIENTED_EDGE('',*,*,#1877,.T.);
#1877 = EDGE_CURVE('',#1172,#1878,#1880,.T.);
#1878 = VERTEX_POINT('',#1879);
#1879 = CARTESIAN_POINT('',(1.15,-0.64,0.55));
#1880 = LINE('',#1881,#1882);
#1881 = CARTESIAN_POINT('',(1.15,-0.64,0.420852917708));
#1882 = VECTOR('',#1883,1.);
#1883 = DIRECTION('',(0.,0.,1.));
#1884 = ORIENTED_EDGE('',*,*,#1885,.F.);
#1885 = EDGE_CURVE('',#1869,#1878,#1886,.T.);
#1886 = LINE('',#1887,#1888);
#1887 = CARTESIAN_POINT('',(1.15,0.91,0.55));
#1888 = VECTOR('',#1889,1.);
#1889 = DIRECTION('',(1.110223024625E-16,-1.,0.));
#1890 = PLANE('',#1891);
#1891 = AXIS2_PLACEMENT_3D('',#1892,#1893,#1894);
#1892 = CARTESIAN_POINT('',(1.15,0.91,0.55));
#1893 = DIRECTION('',(-1.,-1.110223024625E-16,0.));
#1894 = DIRECTION('',(1.110223024625E-16,-1.,0.));
#1895 = ADVANCED_FACE('',(#1896),#1921,.F.);
#1896 = FACE_BOUND('',#1897,.F.);
#1897 = EDGE_LOOP('',(#1898,#1906,#1907,#1915));
#1898 = ORIENTED_EDGE('',*,*,#1899,.F.);
#1899 = EDGE_CURVE('',#1172,#1900,#1902,.T.);
#1900 = VERTEX_POINT('',#1901);
#1901 = CARTESIAN_POINT('',(1.2,-0.64,0.4));
#1902 = LINE('',#1903,#1904);
#1903 = CARTESIAN_POINT('',(1.05,-0.64,0.4));
#1904 = VECTOR('',#1905,1.);
#1905 = DIRECTION('',(1.,1.110223024625E-16,0.));
#1906 = ORIENTED_EDGE('',*,*,#1171,.T.);
#1907 = ORIENTED_EDGE('',*,*,#1908,.T.);
#1908 = EDGE_CURVE('',#1164,#1909,#1911,.T.);
#1909 = VERTEX_POINT('',#1910);
#1910 = CARTESIAN_POINT('',(1.2,-0.86,0.4));
#1911 = LINE('',#1912,#1913);
#1912 = CARTESIAN_POINT('',(1.05,-0.86,0.4));
#1913 = VECTOR('',#1914,1.);
#1914 = DIRECTION('',(1.,1.110223024625E-16,0.));
#1915 = ORIENTED_EDGE('',*,*,#1916,.F.);
#1916 = EDGE_CURVE('',#1900,#1909,#1917,.T.);
#1917 = LINE('',#1918,#1919);
#1918 = CARTESIAN_POINT('',(1.2,-0.64,0.4));
#1919 = VECTOR('',#1920,1.);
#1920 = DIRECTION('',(1.110223024625E-16,-1.,0.));
#1921 = PLANE('',#1922);
#1922 = AXIS2_PLACEMENT_3D('',#1923,#1924,#1925);
#1923 = CARTESIAN_POINT('',(1.05,-0.64,0.4));
#1924 = DIRECTION('',(0.,0.,1.));
#1925 = DIRECTION('',(1.,1.110223024625E-16,-0.));
#1926 = ADVANCED_FACE('',(#1927),#1951,.F.);
#1927 = FACE_BOUND('',#1928,.F.);
#1928 = EDGE_LOOP('',(#1929,#1937,#1938,#1945));
#1929 = ORIENTED_EDGE('',*,*,#1930,.F.);
#1930 = EDGE_CURVE('',#1164,#1931,#1933,.T.);
#1931 = VERTEX_POINT('',#1932);
#1932 = CARTESIAN_POINT('',(1.15,-0.86,0.55));
#1933 = LINE('',#1934,#1935);
#1934 = CARTESIAN_POINT('',(1.15,-0.86,0.420852917708));
#1935 = VECTOR('',#1936,1.);
#1936 = DIRECTION('',(0.,0.,1.));
#1937 = ORIENTED_EDGE('',*,*,#1163,.T.);
#1938 = ORIENTED_EDGE('',*,*,#1939,.T.);
#1939 = EDGE_CURVE('',#1157,#1940,#1942,.T.);
#1940 = VERTEX_POINT('',#1941);
#1941 = CARTESIAN_POINT('',(1.15,-0.91,0.55));
#1942 = B_SPLINE_CURVE_WITH_KNOTS('',1,(#1943,#1944),.UNSPECIFIED.,.F.,
  .F.,(2,2),(0.,1.),.PIECEWISE_BEZIER_KNOTS.);
#1943 = CARTESIAN_POINT('',(1.15,-0.91,0.4));
#1944 = CARTESIAN_POINT('',(1.15,-0.91,0.55));
#1945 = ORIENTED_EDGE('',*,*,#1946,.F.);
#1946 = EDGE_CURVE('',#1931,#1940,#1947,.T.);
#1947 = LINE('',#1948,#1949);
#1948 = CARTESIAN_POINT('',(1.15,0.91,0.55));
#1949 = VECTOR('',#1950,1.);
#1950 = DIRECTION('',(1.110223024625E-16,-1.,0.));
#1951 = PLANE('',#1952);
#1952 = AXIS2_PLACEMENT_3D('',#1953,#1954,#1955);
#1953 = CARTESIAN_POINT('',(1.15,0.91,0.55));
#1954 = DIRECTION('',(-1.,-1.110223024625E-16,0.));
#1955 = DIRECTION('',(1.110223024625E-16,-1.,0.));
#1956 = ADVANCED_FACE('',(#1957),#1974,.F.);
#1957 = FACE_BOUND('',#1958,.F.);
#1958 = EDGE_LOOP('',(#1959,#1960,#1961,#1969));
#1959 = ORIENTED_EDGE('',*,*,#1244,.T.);
#1960 = ORIENTED_EDGE('',*,*,#1432,.T.);
#1961 = ORIENTED_EDGE('',*,*,#1962,.F.);
#1962 = EDGE_CURVE('',#1963,#1433,#1965,.T.);
#1963 = VERTEX_POINT('',#1964);
#1964 = CARTESIAN_POINT('',(-1.06,-1.,0.55));
#1965 = LINE('',#1966,#1967);
#1966 = CARTESIAN_POINT('',(-1.06,-1.,0.55));
#1967 = VECTOR('',#1968,1.);
#1968 = DIRECTION('',(-0.707106781187,0.707106781187,0.));
#1969 = ORIENTED_EDGE('',*,*,#1970,.F.);
#1970 = EDGE_CURVE('',#1245,#1963,#1971,.T.);
#1971 = B_SPLINE_CURVE_WITH_KNOTS('',1,(#1972,#1973),.UNSPECIFIED.,.F.,
  .F.,(2,2),(0.,1.),.PIECEWISE_BEZIER_KNOTS.);
#1972 = CARTESIAN_POINT('',(-1.06,-1.,0.4));
#1973 = CARTESIAN_POINT('',(-1.06,-1.,0.55));
#1974 = PLANE('',#1975);
#1975 = AXIS2_PLACEMENT_3D('',#1976,#1977,#1978);
#1976 = CARTESIAN_POINT('',(-1.06,-1.,0.55));
#1977 = DIRECTION('',(0.707106781187,0.707106781187,0.));
#1978 = DIRECTION('',(-0.707106781187,0.707106781187,0.));
#1979 = ADVANCED_FACE('',(#1980),#1997,.F.);
#1980 = FACE_BOUND('',#1981,.F.);
#1981 = EDGE_LOOP('',(#1982,#1983,#1990,#1996));
#1982 = ORIENTED_EDGE('',*,*,#1273,.T.);
#1983 = ORIENTED_EDGE('',*,*,#1984,.T.);
#1984 = EDGE_CURVE('',#1267,#1985,#1987,.T.);
#1985 = VERTEX_POINT('',#1986);
#1986 = CARTESIAN_POINT('',(1.06,-1.,0.55));
#1987 = B_SPLINE_CURVE_WITH_KNOTS('',1,(#1988,#1989),.UNSPECIFIED.,.F.,
  .F.,(2,2),(0.,1.),.PIECEWISE_BEZIER_KNOTS.);
#1988 = CARTESIAN_POINT('',(1.06,-1.,0.4));
#1989 = CARTESIAN_POINT('',(1.06,-1.,0.55));
#1990 = ORIENTED_EDGE('',*,*,#1991,.F.);
#1991 = EDGE_CURVE('',#1940,#1985,#1992,.T.);
#1992 = LINE('',#1993,#1994);
#1993 = CARTESIAN_POINT('',(1.15,-0.91,0.55));
#1994 = VECTOR('',#1995,1.);
#1995 = DIRECTION('',(-0.707106781187,-0.707106781187,0.));
#1996 = ORIENTED_EDGE('',*,*,#1939,.F.);
#1997 = PLANE('',#1998);
#1998 = AXIS2_PLACEMENT_3D('',#1999,#2000,#2001);
#1999 = CARTESIAN_POINT('',(1.15,-0.91,0.55));
#2000 = DIRECTION('',(-0.707106781187,0.707106781187,0.));
#2001 = DIRECTION('',(-0.707106781187,-0.707106781187,0.));
#2002 = ADVANCED_FACE('',(#2003),#2014,.F.);
#2003 = FACE_BOUND('',#2004,.F.);
#2004 = EDGE_LOOP('',(#2005,#2006,#2007,#2013));
#2005 = ORIENTED_EDGE('',*,*,#1290,.T.);
#2006 = ORIENTED_EDGE('',*,*,#1970,.T.);
#2007 = ORIENTED_EDGE('',*,*,#2008,.F.);
#2008 = EDGE_CURVE('',#1985,#1963,#2009,.T.);
#2009 = LINE('',#2010,#2011);
#2010 = CARTESIAN_POINT('',(1.06,-1.,0.55));
#2011 = VECTOR('',#2012,1.);
#2012 = DIRECTION('',(-1.,-1.110223024625E-16,0.));
#2013 = ORIENTED_EDGE('',*,*,#1984,.F.);
#2014 = PLANE('',#2015);
#2015 = AXIS2_PLACEMENT_3D('',#2016,#2017,#2018);
#2016 = CARTESIAN_POINT('',(1.06,-1.,0.55));
#2017 = DIRECTION('',(-1.110223024625E-16,1.,0.));
#2018 = DIRECTION('',(-1.,-1.110223024625E-16,0.));
#2019 = ADVANCED_FACE('',(#2020),#2059,.F.);
#2020 = FACE_BOUND('',#2021,.F.);
#2021 = EDGE_LOOP('',(#2022,#2030,#2038,#2044,#2045,#2053));
#2022 = ORIENTED_EDGE('',*,*,#2023,.F.);
#2023 = EDGE_CURVE('',#2024,#1627,#2026,.T.);
#2024 = VERTEX_POINT('',#2025);
#2025 = CARTESIAN_POINT('',(-1.2,0.64,0.55));
#2026 = LINE('',#2027,#2028);
#2027 = CARTESIAN_POINT('',(-1.2,0.64,0.55));
#2028 = VECTOR('',#2029,1.);
#2029 = DIRECTION('',(1.,-1.144237745222E-17,0.));
#2030 = ORIENTED_EDGE('',*,*,#2031,.T.);
#2031 = EDGE_CURVE('',#2024,#2032,#2034,.T.);
#2032 = VERTEX_POINT('',#2033);
#2033 = CARTESIAN_POINT('',(-1.2,0.86,0.55));
#2034 = LINE('',#2035,#2036);
#2035 = CARTESIAN_POINT('',(-1.2,0.64,0.55));
#2036 = VECTOR('',#2037,1.);
#2037 = DIRECTION('',(1.144237745222E-17,1.,0.));
#2038 = ORIENTED_EDGE('',*,*,#2039,.T.);
#2039 = EDGE_CURVE('',#2032,#1395,#2040,.T.);
#2040 = LINE('',#2041,#2042);
#2041 = CARTESIAN_POINT('',(-1.2,0.86,0.55));
#2042 = VECTOR('',#2043,1.);
#2043 = DIRECTION('',(1.,-1.144237745222E-17,0.));
#2044 = ORIENTED_EDGE('',*,*,#1394,.T.);
#2045 = ORIENTED_EDGE('',*,*,#2046,.F.);
#2046 = EDGE_CURVE('',#2047,#1387,#2049,.T.);
#2047 = VERTEX_POINT('',#2048);
#2048 = CARTESIAN_POINT('',(-1.1,0.64,0.55));
#2049 = LINE('',#2050,#2051);
#2050 = CARTESIAN_POINT('',(-1.1,-0.885,0.55));
#2051 = VECTOR('',#2052,1.);
#2052 = DIRECTION('',(-1.110223024625E-16,1.,0.));
#2053 = ORIENTED_EDGE('',*,*,#2054,.F.);
#2054 = EDGE_CURVE('',#1627,#2047,#2055,.T.);
#2055 = LINE('',#2056,#2057);
#2056 = CARTESIAN_POINT('',(-1.2,0.64,0.55));
#2057 = VECTOR('',#2058,1.);
#2058 = DIRECTION('',(1.,-1.144237745222E-17,0.));
#2059 = PLANE('',#2060);
#2060 = AXIS2_PLACEMENT_3D('',#2061,#2062,#2063);
#2061 = CARTESIAN_POINT('',(-1.2,0.64,0.55));
#2062 = DIRECTION('',(0.,0.,-1.));
#2063 = DIRECTION('',(1.,-1.144237745222E-17,0.));
#2064 = ADVANCED_FACE('',(#2065),#2145,.F.);
#2065 = FACE_BOUND('',#2066,.F.);
#2066 = EDGE_LOOP('',(#2067,#2077,#2085,#2093,#2101,#2109,#2117,#2123,
    #2124,#2125,#2132,#2140));
#2067 = ORIENTED_EDGE('',*,*,#2068,.T.);
#2068 = EDGE_CURVE('',#2069,#2071,#2073,.T.);
#2069 = VERTEX_POINT('',#2070);
#2070 = CARTESIAN_POINT('',(-1.1,-0.885,0.55));
#2071 = VERTEX_POINT('',#2072);
#2072 = CARTESIAN_POINT('',(-1.1,-0.86,0.55));
#2073 = LINE('',#2074,#2075);
#2074 = CARTESIAN_POINT('',(-1.1,-0.885,0.55));
#2075 = VECTOR('',#2076,1.);
#2076 = DIRECTION('',(-1.110223024625E-16,1.,0.));
#2077 = ORIENTED_EDGE('',*,*,#2078,.T.);
#2078 = EDGE_CURVE('',#2071,#2079,#2081,.T.);
#2079 = VERTEX_POINT('',#2080);
#2080 = CARTESIAN_POINT('',(-1.1,-0.64,0.55));
#2081 = LINE('',#2082,#2083);
#2082 = CARTESIAN_POINT('',(-1.1,-0.885,0.55));
#2083 = VECTOR('',#2084,1.);
#2084 = DIRECTION('',(-1.110223024625E-16,1.,0.));
#2085 = ORIENTED_EDGE('',*,*,#2086,.T.);
#2086 = EDGE_CURVE('',#2079,#2087,#2089,.T.);
#2087 = VERTEX_POINT('',#2088);
#2088 = CARTESIAN_POINT('',(-1.1,-0.36,0.55));
#2089 = LINE('',#2090,#2091);
#2090 = CARTESIAN_POINT('',(-1.1,-0.885,0.55));
#2091 = VECTOR('',#2092,1.);
#2092 = DIRECTION('',(-1.110223024625E-16,1.,0.));
#2093 = ORIENTED_EDGE('',*,*,#2094,.T.);
#2094 = EDGE_CURVE('',#2087,#2095,#2097,.T.);
#2095 = VERTEX_POINT('',#2096);
#2096 = CARTESIAN_POINT('',(-1.1,-0.14,0.55));
#2097 = LINE('',#2098,#2099);
#2098 = CARTESIAN_POINT('',(-1.1,-0.885,0.55));
#2099 = VECTOR('',#2100,1.);
#2100 = DIRECTION('',(-1.110223024625E-16,1.,0.));
#2101 = ORIENTED_EDGE('',*,*,#2102,.T.);
#2102 = EDGE_CURVE('',#2095,#2103,#2105,.T.);
#2103 = VERTEX_POINT('',#2104);
#2104 = CARTESIAN_POINT('',(-1.1,0.14,0.55));
#2105 = LINE('',#2106,#2107);
#2106 = CARTESIAN_POINT('',(-1.1,-0.885,0.55));
#2107 = VECTOR('',#2108,1.);
#2108 = DIRECTION('',(-1.110223024625E-16,1.,0.));
#2109 = ORIENTED_EDGE('',*,*,#2110,.T.);
#2110 = EDGE_CURVE('',#2103,#2111,#2113,.T.);
#2111 = VERTEX_POINT('',#2112);
#2112 = CARTESIAN_POINT('',(-1.1,0.36,0.55));
#2113 = LINE('',#2114,#2115);
#2114 = CARTESIAN_POINT('',(-1.1,-0.885,0.55));
#2115 = VECTOR('',#2116,1.);
#2116 = DIRECTION('',(-1.110223024625E-16,1.,0.));
#2117 = ORIENTED_EDGE('',*,*,#2118,.T.);
#2118 = EDGE_CURVE('',#2111,#2047,#2119,.T.);
#2119 = LINE('',#2120,#2121);
#2120 = CARTESIAN_POINT('',(-1.1,-0.885,0.55));
#2121 = VECTOR('',#2122,1.);
#2122 = DIRECTION('',(-1.110223024625E-16,1.,0.));
#2123 = ORIENTED_EDGE('',*,*,#2046,.T.);
#2124 = ORIENTED_EDGE('',*,*,#1386,.T.);
#2125 = ORIENTED_EDGE('',*,*,#2126,.T.);
#2126 = EDGE_CURVE('',#1379,#2127,#2129,.T.);
#2127 = VERTEX_POINT('',#2128);
#2128 = CARTESIAN_POINT('',(-1.036233031499,0.853116515749,0.85));
#2129 = B_SPLINE_CURVE_WITH_KNOTS('',1,(#2130,#2131),.UNSPECIFIED.,.F.,
  .F.,(2,2),(0.,1.),.PIECEWISE_BEZIER_KNOTS.);
#2130 = CARTESIAN_POINT('',(-1.1,0.885,0.55));
#2131 = CARTESIAN_POINT('',(-1.036233031499,0.853116515749,0.85));
#2132 = ORIENTED_EDGE('',*,*,#2133,.F.);
#2133 = EDGE_CURVE('',#2134,#2127,#2136,.T.);
#2134 = VERTEX_POINT('',#2135);
#2135 = CARTESIAN_POINT('',(-1.036233031499,-0.853116515749,0.85));
#2136 = LINE('',#2137,#2138);
#2137 = CARTESIAN_POINT('',(-1.036233031499,-0.853116515749,0.85));
#2138 = VECTOR('',#2139,1.);
#2139 = DIRECTION('',(-1.110223024625E-16,1.,0.));
#2140 = ORIENTED_EDGE('',*,*,#2141,.F.);
#2141 = EDGE_CURVE('',#2069,#2134,#2142,.T.);
#2142 = B_SPLINE_CURVE_WITH_KNOTS('',1,(#2143,#2144),.UNSPECIFIED.,.F.,
  .F.,(2,2),(0.,1.),.PIECEWISE_BEZIER_KNOTS.);
#2143 = CARTESIAN_POINT('',(-1.1,-0.885,0.55));
#2144 = CARTESIAN_POINT('',(-1.036233031499,-0.853116515749,0.85));
#2145 = B_SPLINE_SURFACE_WITH_KNOTS('',1,1,(
    (#2146,#2147)
    ,(#2148,#2149
    )),.UNSPECIFIED.,.F.,.F.,.F.,(2,2),(2,2),(0.,1.77),(0.,1.),
  .PIECEWISE_BEZIER_KNOTS.);
#2146 = CARTESIAN_POINT('',(-1.1,-0.885,0.55));
#2147 = CARTESIAN_POINT('',(-1.036233031499,-0.853116515749,0.85));
#2148 = CARTESIAN_POINT('',(-1.1,0.885,0.55));
#2149 = CARTESIAN_POINT('',(-1.036233031499,0.853116515749,0.85));
#2150 = ADVANCED_FACE('',(#2151),#2168,.F.);
#2151 = FACE_BOUND('',#2152,.F.);
#2152 = EDGE_LOOP('',(#2153,#2154,#2161,#2167));
#2153 = ORIENTED_EDGE('',*,*,#1378,.T.);
#2154 = ORIENTED_EDGE('',*,*,#2155,.T.);
#2155 = EDGE_CURVE('',#1371,#2156,#2158,.T.);
#2156 = VERTEX_POINT('',#2157);
#2157 = CARTESIAN_POINT('',(-1.003116515749,0.886233031499,0.85));
#2158 = B_SPLINE_CURVE_WITH_KNOTS('',1,(#2159,#2160),.UNSPECIFIED.,.F.,
  .F.,(2,2),(0.,1.),.PIECEWISE_BEZIER_KNOTS.);
#2159 = CARTESIAN_POINT('',(-1.035,0.95,0.55));
#2160 = CARTESIAN_POINT('',(-1.003116515749,0.886233031499,0.85));
#2161 = ORIENTED_EDGE('',*,*,#2162,.F.);
#2162 = EDGE_CURVE('',#2127,#2156,#2163,.T.);
#2163 = LINE('',#2164,#2165);
#2164 = CARTESIAN_POINT('',(-1.036233031499,0.853116515749,0.85));
#2165 = VECTOR('',#2166,1.);
#2166 = DIRECTION('',(0.707106781187,0.707106781187,0.));
#2167 = ORIENTED_EDGE('',*,*,#2126,.F.);
#2168 = B_SPLINE_SURFACE_WITH_KNOTS('',1,1,(
    (#2169,#2170)
    ,(#2171,#2172
    )),.UNSPECIFIED.,.F.,.F.,.F.,(2,2),(2,2),(0.,9.192388155425E-02),(0.
    ,1.),.PIECEWISE_BEZIER_KNOTS.);
#2169 = CARTESIAN_POINT('',(-1.1,0.885,0.55));
#2170 = CARTESIAN_POINT('',(-1.036233031499,0.853116515749,0.85));
#2171 = CARTESIAN_POINT('',(-1.035,0.95,0.55));
#2172 = CARTESIAN_POINT('',(-1.003116515749,0.886233031499,0.85));
#2173 = ADVANCED_FACE('',(#2174),#2191,.F.);
#2174 = FACE_BOUND('',#2175,.F.);
#2175 = EDGE_LOOP('',(#2176,#2177,#2184,#2190));
#2176 = ORIENTED_EDGE('',*,*,#1370,.T.);
#2177 = ORIENTED_EDGE('',*,*,#2178,.T.);
#2178 = EDGE_CURVE('',#1363,#2179,#2181,.T.);
#2179 = VERTEX_POINT('',#2180);
#2180 = CARTESIAN_POINT('',(1.003116515749,0.886233031499,0.85));
#2181 = B_SPLINE_CURVE_WITH_KNOTS('',1,(#2182,#2183),.UNSPECIFIED.,.F.,
  .F.,(2,2),(0.,1.),.PIECEWISE_BEZIER_KNOTS.);
#2182 = CARTESIAN_POINT('',(1.035,0.95,0.55));
#2183 = CARTESIAN_POINT('',(1.003116515749,0.886233031499,0.85));
#2184 = ORIENTED_EDGE('',*,*,#2185,.F.);
#2185 = EDGE_CURVE('',#2156,#2179,#2186,.T.);
#2186 = LINE('',#2187,#2188);
#2187 = CARTESIAN_POINT('',(-1.003116515749,0.886233031499,0.85));
#2188 = VECTOR('',#2189,1.);
#2189 = DIRECTION('',(1.,1.110223024625E-16,0.));
#2190 = ORIENTED_EDGE('',*,*,#2155,.F.);
#2191 = B_SPLINE_SURFACE_WITH_KNOTS('',1,1,(
    (#2192,#2193)
    ,(#2194,#2195
    )),.UNSPECIFIED.,.F.,.F.,.F.,(2,2),(2,2),(0.,2.07),(0.,1.),
  .PIECEWISE_BEZIER_KNOTS.);
#2192 = CARTESIAN_POINT('',(-1.035,0.95,0.55));
#2193 = CARTESIAN_POINT('',(-1.003116515749,0.886233031499,0.85));
#2194 = CARTESIAN_POINT('',(1.035,0.95,0.55));
#2195 = CARTESIAN_POINT('',(1.003116515749,0.886233031499,0.85));
#2196 = ADVANCED_FACE('',(#2197),#2214,.F.);
#2197 = FACE_BOUND('',#2198,.F.);
#2198 = EDGE_LOOP('',(#2199,#2200,#2207,#2213));
#2199 = ORIENTED_EDGE('',*,*,#1362,.T.);
#2200 = ORIENTED_EDGE('',*,*,#2201,.T.);
#2201 = EDGE_CURVE('',#1355,#2202,#2204,.T.);
#2202 = VERTEX_POINT('',#2203);
#2203 = CARTESIAN_POINT('',(1.036233031499,0.853116515749,0.85));
#2204 = B_SPLINE_CURVE_WITH_KNOTS('',1,(#2205,#2206),.UNSPECIFIED.,.F.,
  .F.,(2,2),(0.,1.),.PIECEWISE_BEZIER_KNOTS.);
#2205 = CARTESIAN_POINT('',(1.1,0.885,0.55));
#2206 = CARTESIAN_POINT('',(1.036233031499,0.853116515749,0.85));
#2207 = ORIENTED_EDGE('',*,*,#2208,.F.);
#2208 = EDGE_CURVE('',#2179,#2202,#2209,.T.);
#2209 = LINE('',#2210,#2211);
#2210 = CARTESIAN_POINT('',(1.003116515749,0.886233031499,0.85));
#2211 = VECTOR('',#2212,1.);
#2212 = DIRECTION('',(0.707106781187,-0.707106781187,0.));
#2213 = ORIENTED_EDGE('',*,*,#2178,.F.);
#2214 = B_SPLINE_SURFACE_WITH_KNOTS('',1,1,(
    (#2215,#2216)
    ,(#2217,#2218
    )),.UNSPECIFIED.,.F.,.F.,.F.,(2,2),(2,2),(0.,9.192388155425E-02),(0.
    ,1.),.PIECEWISE_BEZIER_KNOTS.);
#2215 = CARTESIAN_POINT('',(1.035,0.95,0.55));
#2216 = CARTESIAN_POINT('',(1.003116515749,0.886233031499,0.85));
#2217 = CARTESIAN_POINT('',(1.1,0.885,0.55));
#2218 = CARTESIAN_POINT('',(1.036233031499,0.853116515749,0.85));
#2219 = ADVANCED_FACE('',(#2220),#2301,.F.);
#2220 = FACE_BOUND('',#2221,.F.);
#2221 = EDGE_LOOP('',(#2222,#2223,#2231,#2239,#2247,#2255,#2263,#2271,
    #2279,#2287,#2294,#2300));
#2222 = ORIENTED_EDGE('',*,*,#1354,.T.);
#2223 = ORIENTED_EDGE('',*,*,#2224,.T.);
#2224 = EDGE_CURVE('',#1347,#2225,#2227,.T.);
#2225 = VERTEX_POINT('',#2226);
#2226 = CARTESIAN_POINT('',(1.1,0.64,0.55));
#2227 = LINE('',#2228,#2229);
#2228 = CARTESIAN_POINT('',(1.1,0.885,0.55));
#2229 = VECTOR('',#2230,1.);
#2230 = DIRECTION('',(1.110223024625E-16,-1.,0.));
#2231 = ORIENTED_EDGE('',*,*,#2232,.T.);
#2232 = EDGE_CURVE('',#2225,#2233,#2235,.T.);
#2233 = VERTEX_POINT('',#2234);
#2234 = CARTESIAN_POINT('',(1.1,0.36,0.55));
#2235 = LINE('',#2236,#2237);
#2236 = CARTESIAN_POINT('',(1.1,0.885,0.55));
#2237 = VECTOR('',#2238,1.);
#2238 = DIRECTION('',(1.110223024625E-16,-1.,0.));
#2239 = ORIENTED_EDGE('',*,*,#2240,.T.);
#2240 = EDGE_CURVE('',#2233,#2241,#2243,.T.);
#2241 = VERTEX_POINT('',#2242);
#2242 = CARTESIAN_POINT('',(1.1,0.14,0.55));
#2243 = LINE('',#2244,#2245);
#2244 = CARTESIAN_POINT('',(1.1,0.885,0.55));
#2245 = VECTOR('',#2246,1.);
#2246 = DIRECTION('',(1.110223024625E-16,-1.,0.));
#2247 = ORIENTED_EDGE('',*,*,#2248,.T.);
#2248 = EDGE_CURVE('',#2241,#2249,#2251,.T.);
#2249 = VERTEX_POINT('',#2250);
#2250 = CARTESIAN_POINT('',(1.1,-0.14,0.55));
#2251 = LINE('',#2252,#2253);
#2252 = CARTESIAN_POINT('',(1.1,0.885,0.55));
#2253 = VECTOR('',#2254,1.);
#2254 = DIRECTION('',(1.110223024625E-16,-1.,0.));
#2255 = ORIENTED_EDGE('',*,*,#2256,.T.);
#2256 = EDGE_CURVE('',#2249,#2257,#2259,.T.);
#2257 = VERTEX_POINT('',#2258);
#2258 = CARTESIAN_POINT('',(1.1,-0.36,0.55));
#2259 = LINE('',#2260,#2261);
#2260 = CARTESIAN_POINT('',(1.1,0.885,0.55));
#2261 = VECTOR('',#2262,1.);
#2262 = DIRECTION('',(1.110223024625E-16,-1.,0.));
#2263 = ORIENTED_EDGE('',*,*,#2264,.T.);
#2264 = EDGE_CURVE('',#2257,#2265,#2267,.T.);
#2265 = VERTEX_POINT('',#2266);
#2266 = CARTESIAN_POINT('',(1.1,-0.64,0.55));
#2267 = LINE('',#2268,#2269);
#2268 = CARTESIAN_POINT('',(1.1,0.885,0.55));
#2269 = VECTOR('',#2270,1.);
#2270 = DIRECTION('',(1.110223024625E-16,-1.,0.));
#2271 = ORIENTED_EDGE('',*,*,#2272,.T.);
#2272 = EDGE_CURVE('',#2265,#2273,#2275,.T.);
#2273 = VERTEX_POINT('',#2274);
#2274 = CARTESIAN_POINT('',(1.1,-0.86,0.55));
#2275 = LINE('',#2276,#2277);
#2276 = CARTESIAN_POINT('',(1.1,0.885,0.55));
#2277 = VECTOR('',#2278,1.);
#2278 = DIRECTION('',(1.110223024625E-16,-1.,0.));
#2279 = ORIENTED_EDGE('',*,*,#2280,.T.);
#2280 = EDGE_CURVE('',#2273,#2281,#2283,.T.);
#2281 = VERTEX_POINT('',#2282);
#2282 = CARTESIAN_POINT('',(1.1,-0.885,0.55));
#2283 = LINE('',#2284,#2285);
#2284 = CARTESIAN_POINT('',(1.1,0.885,0.55));
#2285 = VECTOR('',#2286,1.);
#2286 = DIRECTION('',(1.110223024625E-16,-1.,0.));
#2287 = ORIENTED_EDGE('',*,*,#2288,.T.);
#2288 = EDGE_CURVE('',#2281,#2289,#2291,.T.);
#2289 = VERTEX_POINT('',#2290);
#2290 = CARTESIAN_POINT('',(1.036233031499,-0.853116515749,0.85));
#2291 = B_SPLINE_CURVE_WITH_KNOTS('',1,(#2292,#2293),.UNSPECIFIED.,.F.,
  .F.,(2,2),(0.,1.),.PIECEWISE_BEZIER_KNOTS.);
#2292 = CARTESIAN_POINT('',(1.1,-0.885,0.55));
#2293 = CARTESIAN_POINT('',(1.036233031499,-0.853116515749,0.85));
#2294 = ORIENTED_EDGE('',*,*,#2295,.F.);
#2295 = EDGE_CURVE('',#2202,#2289,#2296,.T.);
#2296 = LINE('',#2297,#2298);
#2297 = CARTESIAN_POINT('',(1.036233031499,0.853116515749,0.85));
#2298 = VECTOR('',#2299,1.);
#2299 = DIRECTION('',(1.110223024625E-16,-1.,0.));
#2300 = ORIENTED_EDGE('',*,*,#2201,.F.);
#2301 = B_SPLINE_SURFACE_WITH_KNOTS('',1,1,(
    (#2302,#2303)
    ,(#2304,#2305
    )),.UNSPECIFIED.,.F.,.F.,.F.,(2,2),(2,2),(0.,1.77),(0.,1.),
  .PIECEWISE_BEZIER_KNOTS.);
#2302 = CARTESIAN_POINT('',(1.1,0.885,0.55));
#2303 = CARTESIAN_POINT('',(1.036233031499,0.853116515749,0.85));
#2304 = CARTESIAN_POINT('',(1.1,-0.885,0.55));
#2305 = CARTESIAN_POINT('',(1.036233031499,-0.853116515749,0.85));
#2306 = ADVANCED_FACE('',(#2307),#2339,.F.);
#2307 = FACE_BOUND('',#2308,.F.);
#2308 = EDGE_LOOP('',(#2309,#2317,#2325,#2331,#2337,#2338));
#2309 = ORIENTED_EDGE('',*,*,#2310,.F.);
#2310 = EDGE_CURVE('',#2311,#1339,#2313,.T.);
#2311 = VERTEX_POINT('',#2312);
#2312 = CARTESIAN_POINT('',(1.2,0.86,0.55));
#2313 = LINE('',#2314,#2315);
#2314 = CARTESIAN_POINT('',(1.2,0.86,0.55));
#2315 = VECTOR('',#2316,1.);
#2316 = DIRECTION('',(-1.,-1.110223024625E-16,0.));
#2317 = ORIENTED_EDGE('',*,*,#2318,.T.);
#2318 = EDGE_CURVE('',#2311,#2319,#2321,.T.);
#2319 = VERTEX_POINT('',#2320);
#2320 = CARTESIAN_POINT('',(1.2,0.64,0.55));
#2321 = LINE('',#2322,#2323);
#2322 = CARTESIAN_POINT('',(1.2,0.86,0.55));
#2323 = VECTOR('',#2324,1.);
#2324 = DIRECTION('',(1.110223024625E-16,-1.,0.));
#2325 = ORIENTED_EDGE('',*,*,#2326,.T.);
#2326 = EDGE_CURVE('',#2319,#1745,#2327,.T.);
#2327 = LINE('',#2328,#2329);
#2328 = CARTESIAN_POINT('',(1.2,0.64,0.55));
#2329 = VECTOR('',#2330,1.);
#2330 = DIRECTION('',(-1.,-1.110223024625E-16,0.));
#2331 = ORIENTED_EDGE('',*,*,#2332,.T.);
#2332 = EDGE_CURVE('',#1745,#2225,#2333,.T.);
#2333 = LINE('',#2334,#2335);
#2334 = CARTESIAN_POINT('',(1.2,0.64,0.55));
#2335 = VECTOR('',#2336,1.);
#2336 = DIRECTION('',(-1.,-1.110223024625E-16,0.));
#2337 = ORIENTED_EDGE('',*,*,#2224,.F.);
#2338 = ORIENTED_EDGE('',*,*,#1346,.F.);
#2339 = PLANE('',#2340);
#2340 = AXIS2_PLACEMENT_3D('',#2341,#2342,#2343);
#2341 = CARTESIAN_POINT('',(1.2,0.86,0.55));
#2342 = DIRECTION('',(0.,0.,-1.));
#2343 = DIRECTION('',(-1.,-1.110223024625E-16,-0.));
#2344 = ADVANCED_FACE('',(#2345),#2388,.F.);
#2345 = FACE_BOUND('',#2346,.F.);
#2346 = EDGE_LOOP('',(#2347,#2348,#2354,#2355,#2363,#2371,#2377,#2378,
    #2384,#2385,#2386,#2387));
#2347 = ORIENTED_EDGE('',*,*,#1448,.T.);
#2348 = ORIENTED_EDGE('',*,*,#2349,.T.);
#2349 = EDGE_CURVE('',#1441,#2071,#2350,.T.);
#2350 = LINE('',#2351,#2352);
#2351 = CARTESIAN_POINT('',(-1.2,-0.86,0.55));
#2352 = VECTOR('',#2353,1.);
#2353 = DIRECTION('',(1.,-1.144237745222E-17,0.));
#2354 = ORIENTED_EDGE('',*,*,#2068,.F.);
#2355 = ORIENTED_EDGE('',*,*,#2356,.F.);
#2356 = EDGE_CURVE('',#2357,#2069,#2359,.T.);
#2357 = VERTEX_POINT('',#2358);
#2358 = CARTESIAN_POINT('',(-1.035,-0.95,0.55));
#2359 = LINE('',#2360,#2361);
#2360 = CARTESIAN_POINT('',(-1.035,-0.95,0.55));
#2361 = VECTOR('',#2362,1.);
#2362 = DIRECTION('',(-0.707106781187,0.707106781187,0.));
#2363 = ORIENTED_EDGE('',*,*,#2364,.F.);
#2364 = EDGE_CURVE('',#2365,#2357,#2367,.T.);
#2365 = VERTEX_POINT('',#2366);
#2366 = CARTESIAN_POINT('',(1.035,-0.95,0.55));
#2367 = LINE('',#2368,#2369);
#2368 = CARTESIAN_POINT('',(1.035,-0.95,0.55));
#2369 = VECTOR('',#2370,1.);
#2370 = DIRECTION('',(-1.,-1.110223024625E-16,0.));
#2371 = ORIENTED_EDGE('',*,*,#2372,.F.);
#2372 = EDGE_CURVE('',#2281,#2365,#2373,.T.);
#2373 = LINE('',#2374,#2375);
#2374 = CARTESIAN_POINT('',(1.1,-0.885,0.55));
#2375 = VECTOR('',#2376,1.);
#2376 = DIRECTION('',(-0.707106781187,-0.707106781187,0.));
#2377 = ORIENTED_EDGE('',*,*,#2280,.F.);
#2378 = ORIENTED_EDGE('',*,*,#2379,.F.);
#2379 = EDGE_CURVE('',#1931,#2273,#2380,.T.);
#2380 = LINE('',#2381,#2382);
#2381 = CARTESIAN_POINT('',(1.2,-0.86,0.55));
#2382 = VECTOR('',#2383,1.);
#2383 = DIRECTION('',(-1.,-1.110223024625E-16,0.));
#2384 = ORIENTED_EDGE('',*,*,#1946,.T.);
#2385 = ORIENTED_EDGE('',*,*,#1991,.T.);
#2386 = ORIENTED_EDGE('',*,*,#2008,.T.);
#2387 = ORIENTED_EDGE('',*,*,#1962,.T.);
#2388 = PLANE('',#2389);
#2389 = AXIS2_PLACEMENT_3D('',#2390,#2391,#2392);
#2390 = CARTESIAN_POINT('',(-5.319436351458E-17,0.975,0.55));
#2391 = DIRECTION('',(-1.336794903956E-31,1.084683744679E-27,-1.));
#2392 = DIRECTION('',(1.,1.11414478245E-16,-1.336794903955E-31));
#2393 = ADVANCED_FACE('',(#2394),#2480,.F.);
#2394 = FACE_BOUND('',#2395,.F.);
#2395 = EDGE_LOOP('',(#2396,#2397,#2398,#2407,#2415,#2424,#2432,#2440,
    #2448,#2457,#2465,#2474));
#2396 = ORIENTED_EDGE('',*,*,#1440,.F.);
#2397 = ORIENTED_EDGE('',*,*,#1462,.T.);
#2398 = ORIENTED_EDGE('',*,*,#2399,.T.);
#2399 = EDGE_CURVE('',#1463,#2400,#2402,.T.);
#2400 = VERTEX_POINT('',#2401);
#2401 = CARTESIAN_POINT('',(-1.249240387651,-0.86,0.358682408883));
#2402 = CIRCLE('',#2403,5.E-02);
#2403 = AXIS2_PLACEMENT_3D('',#2404,#2405,#2406);
#2404 = CARTESIAN_POINT('',(-1.2,-0.86,0.35));
#2405 = DIRECTION('',(-1.144237745222E-17,-1.,0.));
#2406 = DIRECTION('',(0.,0.,1.));
#2407 = ORIENTED_EDGE('',*,*,#2408,.T.);
#2408 = EDGE_CURVE('',#2400,#2409,#2411,.T.);
#2409 = VERTEX_POINT('',#2410);
#2410 = CARTESIAN_POINT('',(-1.279487496504,-0.86,0.165270364467));
#2411 = LINE('',#2412,#2413);
#2412 = CARTESIAN_POINT('',(-1.249240387651,-0.86,0.358682408883));
#2413 = VECTOR('',#2414,1.);
#2414 = DIRECTION('',(-0.154508905503,1.767949216498E-18,-0.987991395772
    ));
#2415 = ORIENTED_EDGE('',*,*,#2416,.T.);
#2416 = EDGE_CURVE('',#2409,#2417,#2419,.T.);
#2417 = VERTEX_POINT('',#2418);
#2418 = CARTESIAN_POINT('',(-1.476449047106,-0.86,-2.775557561563E-17));
#2419 = CIRCLE('',#2420,0.2);
#2420 = AXIS2_PLACEMENT_3D('',#2421,#2422,#2423);
#2421 = CARTESIAN_POINT('',(-1.476449047106,-0.86,0.2));
#2422 = DIRECTION('',(1.144237745222E-17,1.,1.155557966632E-33));
#2423 = DIRECTION('',(0.984807753012,-1.126854202784E-17,-0.173648177667
    ));
#2424 = ORIENTED_EDGE('',*,*,#2425,.T.);
#2425 = EDGE_CURVE('',#2417,#2426,#2428,.T.);
#2426 = VERTEX_POINT('',#2427);
#2427 = CARTESIAN_POINT('',(-1.55,-0.86,-2.775557561563E-17));
#2428 = LINE('',#2429,#2430);
#2429 = CARTESIAN_POINT('',(-1.476449047106,-0.86,-2.775557561563E-17));
#2430 = VECTOR('',#2431,1.);
#2431 = DIRECTION('',(-1.,1.144237745222E-17,0.));
#2432 = ORIENTED_EDGE('',*,*,#2433,.T.);
#2433 = EDGE_CURVE('',#2426,#2434,#2436,.T.);
#2434 = VERTEX_POINT('',#2435);
#2435 = CARTESIAN_POINT('',(-1.55,-0.86,0.15));
#2436 = LINE('',#2437,#2438);
#2437 = CARTESIAN_POINT('',(-1.55,-0.86,-2.775557561563E-17));
#2438 = VECTOR('',#2439,1.);
#2439 = DIRECTION('',(0.,0.,1.));
#2440 = ORIENTED_EDGE('',*,*,#2441,.T.);
#2441 = EDGE_CURVE('',#2434,#2442,#2444,.T.);
#2442 = VERTEX_POINT('',#2443);
#2443 = CARTESIAN_POINT('',(-1.476449047106,-0.86,0.15));
#2444 = LINE('',#2445,#2446);
#2445 = CARTESIAN_POINT('',(-1.55,-0.86,0.15));
#2446 = VECTOR('',#2447,1.);
#2447 = DIRECTION('',(1.,-1.144237745222E-17,0.));
#2448 = ORIENTED_EDGE('',*,*,#2449,.T.);
#2449 = EDGE_CURVE('',#2442,#2450,#2452,.T.);
#2450 = VERTEX_POINT('',#2451);
#2451 = CARTESIAN_POINT('',(-1.427208659456,-0.86,0.191317591117));
#2452 = CIRCLE('',#2453,5.E-02);
#2453 = AXIS2_PLACEMENT_3D('',#2454,#2455,#2456);
#2454 = CARTESIAN_POINT('',(-1.476449047106,-0.86,0.2));
#2455 = DIRECTION('',(-1.144237745222E-17,-1.,-0.));
#2456 = DIRECTION('',(0.,0.,-1.));
#2457 = ORIENTED_EDGE('',*,*,#2458,.T.);
#2458 = EDGE_CURVE('',#2450,#2459,#2461,.T.);
#2459 = VERTEX_POINT('',#2460);
#2460 = CARTESIAN_POINT('',(-1.396961550602,-0.86,0.384729635533));
#2461 = LINE('',#2462,#2463);
#2462 = CARTESIAN_POINT('',(-1.427208659456,-0.86,0.191317591117));
#2463 = VECTOR('',#2464,1.);
#2464 = DIRECTION('',(0.154508905503,-1.767949216498E-18,0.987991395772)
  );
#2465 = ORIENTED_EDGE('',*,*,#2466,.T.);
#2466 = EDGE_CURVE('',#2459,#2467,#2469,.T.);
#2467 = VERTEX_POINT('',#2468);
#2468 = CARTESIAN_POINT('',(-1.2,-0.86,0.55));
#2469 = CIRCLE('',#2470,0.2);
#2470 = AXIS2_PLACEMENT_3D('',#2471,#2472,#2473);
#2471 = CARTESIAN_POINT('',(-1.2,-0.86,0.35));
#2472 = DIRECTION('',(1.144237745222E-17,1.,2.696301922142E-33));
#2473 = DIRECTION('',(-0.984807753012,1.126854202784E-17,0.173648177667)
  );
#2474 = ORIENTED_EDGE('',*,*,#2475,.T.);
#2475 = EDGE_CURVE('',#2467,#1441,#2476,.T.);
#2476 = LINE('',#2477,#2478);
#2477 = CARTESIAN_POINT('',(-1.2,-0.86,0.55));
#2478 = VECTOR('',#2479,1.);
#2479 = DIRECTION('',(1.,-1.144237745222E-17,0.));
#2480 = PLANE('',#2481);
#2481 = AXIS2_PLACEMENT_3D('',#2482,#2483,#2484);
#2482 = CARTESIAN_POINT('',(-1.311077541001,-0.86,0.291705835417));
#2483 = DIRECTION('',(1.144237745222E-17,1.,0.));
#2484 = DIRECTION('',(0.,-0.,1.));
#2485 = ADVANCED_FACE('',(#2486),#2505,.F.);
#2486 = FACE_BOUND('',#2487,.F.);
#2487 = EDGE_LOOP('',(#2488,#2489,#2498,#2504));
#2488 = ORIENTED_EDGE('',*,*,#1479,.T.);
#2489 = ORIENTED_EDGE('',*,*,#2490,.T.);
#2490 = EDGE_CURVE('',#1472,#2491,#2493,.T.);
#2491 = VERTEX_POINT('',#2492);
#2492 = CARTESIAN_POINT('',(-1.249240387651,-0.64,0.358682408883));
#2493 = CIRCLE('',#2494,5.E-02);
#2494 = AXIS2_PLACEMENT_3D('',#2495,#2496,#2497);
#2495 = CARTESIAN_POINT('',(-1.2,-0.64,0.35));
#2496 = DIRECTION('',(-1.144237745222E-17,-1.,0.));
#2497 = DIRECTION('',(0.,0.,1.));
#2498 = ORIENTED_EDGE('',*,*,#2499,.F.);
#2499 = EDGE_CURVE('',#2400,#2491,#2500,.T.);
#2500 = LINE('',#2501,#2502);
#2501 = CARTESIAN_POINT('',(-1.249240387651,-0.86,0.358682408883));
#2502 = VECTOR('',#2503,1.);
#2503 = DIRECTION('',(1.144237745222E-17,1.,0.));
#2504 = ORIENTED_EDGE('',*,*,#2399,.F.);
#2505 = CYLINDRICAL_SURFACE('',#2506,5.E-02);
#2506 = AXIS2_PLACEMENT_3D('',#2507,#2508,#2509);
#2507 = CARTESIAN_POINT('',(-1.2,-0.86,0.35));
#2508 = DIRECTION('',(-1.144237745222E-17,-1.,0.));
#2509 = DIRECTION('',(0.,0.,1.));
#2510 = ADVANCED_FACE('',(#2511),#2589,.T.);
#2511 = FACE_BOUND('',#2512,.T.);
#2512 = EDGE_LOOP('',(#2513,#2514,#2515,#2516,#2524,#2533,#2541,#2549,
    #2557,#2566,#2574,#2583));
#2513 = ORIENTED_EDGE('',*,*,#1493,.F.);
#2514 = ORIENTED_EDGE('',*,*,#1471,.T.);
#2515 = ORIENTED_EDGE('',*,*,#2490,.T.);
#2516 = ORIENTED_EDGE('',*,*,#2517,.T.);
#2517 = EDGE_CURVE('',#2491,#2518,#2520,.T.);
#2518 = VERTEX_POINT('',#2519);
#2519 = CARTESIAN_POINT('',(-1.279487496504,-0.64,0.165270364467));
#2520 = LINE('',#2521,#2522);
#2521 = CARTESIAN_POINT('',(-1.249240387651,-0.64,0.358682408883));
#2522 = VECTOR('',#2523,1.);
#2523 = DIRECTION('',(-0.154508905503,1.767949216498E-18,-0.987991395772
    ));
#2524 = ORIENTED_EDGE('',*,*,#2525,.T.);
#2525 = EDGE_CURVE('',#2518,#2526,#2528,.T.);
#2526 = VERTEX_POINT('',#2527);
#2527 = CARTESIAN_POINT('',(-1.476449047106,-0.64,-2.775557561563E-17));
#2528 = CIRCLE('',#2529,0.2);
#2529 = AXIS2_PLACEMENT_3D('',#2530,#2531,#2532);
#2530 = CARTESIAN_POINT('',(-1.476449047106,-0.64,0.2));
#2531 = DIRECTION('',(1.144237745222E-17,1.,1.155557966632E-33));
#2532 = DIRECTION('',(0.984807753012,-1.126854202784E-17,-0.173648177667
    ));
#2533 = ORIENTED_EDGE('',*,*,#2534,.T.);
#2534 = EDGE_CURVE('',#2526,#2535,#2537,.T.);
#2535 = VERTEX_POINT('',#2536);
#2536 = CARTESIAN_POINT('',(-1.55,-0.64,-2.775557561563E-17));
#2537 = LINE('',#2538,#2539);
#2538 = CARTESIAN_POINT('',(-1.476449047106,-0.64,-2.775557561563E-17));
#2539 = VECTOR('',#2540,1.);
#2540 = DIRECTION('',(-1.,1.144237745222E-17,0.));
#2541 = ORIENTED_EDGE('',*,*,#2542,.T.);
#2542 = EDGE_CURVE('',#2535,#2543,#2545,.T.);
#2543 = VERTEX_POINT('',#2544);
#2544 = CARTESIAN_POINT('',(-1.55,-0.64,0.15));
#2545 = LINE('',#2546,#2547);
#2546 = CARTESIAN_POINT('',(-1.55,-0.64,-2.775557561563E-17));
#2547 = VECTOR('',#2548,1.);
#2548 = DIRECTION('',(0.,0.,1.));
#2549 = ORIENTED_EDGE('',*,*,#2550,.T.);
#2550 = EDGE_CURVE('',#2543,#2551,#2553,.T.);
#2551 = VERTEX_POINT('',#2552);
#2552 = CARTESIAN_POINT('',(-1.476449047106,-0.64,0.15));
#2553 = LINE('',#2554,#2555);
#2554 = CARTESIAN_POINT('',(-1.55,-0.64,0.15));
#2555 = VECTOR('',#2556,1.);
#2556 = DIRECTION('',(1.,-1.144237745222E-17,0.));
#2557 = ORIENTED_EDGE('',*,*,#2558,.T.);
#2558 = EDGE_CURVE('',#2551,#2559,#2561,.T.);
#2559 = VERTEX_POINT('',#2560);
#2560 = CARTESIAN_POINT('',(-1.427208659456,-0.64,0.191317591117));
#2561 = CIRCLE('',#2562,5.E-02);
#2562 = AXIS2_PLACEMENT_3D('',#2563,#2564,#2565);
#2563 = CARTESIAN_POINT('',(-1.476449047106,-0.64,0.2));
#2564 = DIRECTION('',(-1.144237745222E-17,-1.,-0.));
#2565 = DIRECTION('',(0.,0.,-1.));
#2566 = ORIENTED_EDGE('',*,*,#2567,.T.);
#2567 = EDGE_CURVE('',#2559,#2568,#2570,.T.);
#2568 = VERTEX_POINT('',#2569);
#2569 = CARTESIAN_POINT('',(-1.396961550602,-0.64,0.384729635533));
#2570 = LINE('',#2571,#2572);
#2571 = CARTESIAN_POINT('',(-1.427208659456,-0.64,0.191317591117));
#2572 = VECTOR('',#2573,1.);
#2573 = DIRECTION('',(0.154508905503,-1.767949216498E-18,0.987991395772)
  );
#2574 = ORIENTED_EDGE('',*,*,#2575,.T.);
#2575 = EDGE_CURVE('',#2568,#2576,#2578,.T.);
#2576 = VERTEX_POINT('',#2577);
#2577 = CARTESIAN_POINT('',(-1.2,-0.64,0.55));
#2578 = CIRCLE('',#2579,0.2);
#2579 = AXIS2_PLACEMENT_3D('',#2580,#2581,#2582);
#2580 = CARTESIAN_POINT('',(-1.2,-0.64,0.35));
#2581 = DIRECTION('',(1.144237745222E-17,1.,2.696301922142E-33));
#2582 = DIRECTION('',(-0.984807753012,1.126854202784E-17,0.173648177667)
  );
#2583 = ORIENTED_EDGE('',*,*,#2584,.T.);
#2584 = EDGE_CURVE('',#2576,#1494,#2585,.T.);
#2585 = LINE('',#2586,#2587);
#2586 = CARTESIAN_POINT('',(-1.2,-0.64,0.55));
#2587 = VECTOR('',#2588,1.);
#2588 = DIRECTION('',(1.,-1.144237745222E-17,0.));
#2589 = PLANE('',#2590);
#2590 = AXIS2_PLACEMENT_3D('',#2591,#2592,#2593);
#2591 = CARTESIAN_POINT('',(-1.311077541001,-0.64,0.291705835417));
#2592 = DIRECTION('',(1.144237745222E-17,1.,0.));
#2593 = DIRECTION('',(0.,-0.,1.));
#2594 = ADVANCED_FACE('',(#2595),#2611,.F.);
#2595 = FACE_BOUND('',#2596,.F.);
#2596 = EDGE_LOOP('',(#2597,#2598,#2604,#2605));
#2597 = ORIENTED_EDGE('',*,*,#1510,.T.);
#2598 = ORIENTED_EDGE('',*,*,#2599,.T.);
#2599 = EDGE_CURVE('',#1503,#2087,#2600,.T.);
#2600 = LINE('',#2601,#2602);
#2601 = CARTESIAN_POINT('',(-1.2,-0.36,0.55));
#2602 = VECTOR('',#2603,1.);
#2603 = DIRECTION('',(1.,-1.144237745222E-17,0.));
#2604 = ORIENTED_EDGE('',*,*,#2086,.F.);
#2605 = ORIENTED_EDGE('',*,*,#2606,.F.);
#2606 = EDGE_CURVE('',#1494,#2079,#2607,.T.);
#2607 = LINE('',#2608,#2609);
#2608 = CARTESIAN_POINT('',(-1.2,-0.64,0.55));
#2609 = VECTOR('',#2610,1.);
#2610 = DIRECTION('',(1.,-1.144237745222E-17,0.));
#2611 = PLANE('',#2612);
#2612 = AXIS2_PLACEMENT_3D('',#2613,#2614,#2615);
#2613 = CARTESIAN_POINT('',(-5.319436351458E-17,0.975,0.55));
#2614 = DIRECTION('',(-1.336794903956E-31,1.084683744679E-27,-1.));
#2615 = DIRECTION('',(1.,1.11414478245E-16,-1.336794903955E-31));
#2616 = ADVANCED_FACE('',(#2617),#2703,.F.);
#2617 = FACE_BOUND('',#2618,.F.);
#2618 = EDGE_LOOP('',(#2619,#2620,#2621,#2630,#2638,#2647,#2655,#2663,
    #2671,#2680,#2688,#2697));
#2619 = ORIENTED_EDGE('',*,*,#1502,.F.);
#2620 = ORIENTED_EDGE('',*,*,#1524,.T.);
#2621 = ORIENTED_EDGE('',*,*,#2622,.T.);
#2622 = EDGE_CURVE('',#1525,#2623,#2625,.T.);
#2623 = VERTEX_POINT('',#2624);
#2624 = CARTESIAN_POINT('',(-1.249240387651,-0.36,0.358682408883));
#2625 = CIRCLE('',#2626,5.E-02);
#2626 = AXIS2_PLACEMENT_3D('',#2627,#2628,#2629);
#2627 = CARTESIAN_POINT('',(-1.2,-0.36,0.35));
#2628 = DIRECTION('',(-1.144237745222E-17,-1.,0.));
#2629 = DIRECTION('',(0.,0.,1.));
#2630 = ORIENTED_EDGE('',*,*,#2631,.T.);
#2631 = EDGE_CURVE('',#2623,#2632,#2634,.T.);
#2632 = VERTEX_POINT('',#2633);
#2633 = CARTESIAN_POINT('',(-1.279487496504,-0.36,0.165270364467));
#2634 = LINE('',#2635,#2636);
#2635 = CARTESIAN_POINT('',(-1.249240387651,-0.36,0.358682408883));
#2636 = VECTOR('',#2637,1.);
#2637 = DIRECTION('',(-0.154508905503,1.767949216498E-18,-0.987991395772
    ));
#2638 = ORIENTED_EDGE('',*,*,#2639,.T.);
#2639 = EDGE_CURVE('',#2632,#2640,#2642,.T.);
#2640 = VERTEX_POINT('',#2641);
#2641 = CARTESIAN_POINT('',(-1.476449047106,-0.36,-2.775557561563E-17));
#2642 = CIRCLE('',#2643,0.2);
#2643 = AXIS2_PLACEMENT_3D('',#2644,#2645,#2646);
#2644 = CARTESIAN_POINT('',(-1.476449047106,-0.36,0.2));
#2645 = DIRECTION('',(1.144237745222E-17,1.,1.155557966632E-33));
#2646 = DIRECTION('',(0.984807753012,-1.126854202784E-17,-0.173648177667
    ));
#2647 = ORIENTED_EDGE('',*,*,#2648,.T.);
#2648 = EDGE_CURVE('',#2640,#2649,#2651,.T.);
#2649 = VERTEX_POINT('',#2650);
#2650 = CARTESIAN_POINT('',(-1.55,-0.36,-2.775557561563E-17));
#2651 = LINE('',#2652,#2653);
#2652 = CARTESIAN_POINT('',(-1.476449047106,-0.36,-2.775557561563E-17));
#2653 = VECTOR('',#2654,1.);
#2654 = DIRECTION('',(-1.,1.144237745222E-17,0.));
#2655 = ORIENTED_EDGE('',*,*,#2656,.T.);
#2656 = EDGE_CURVE('',#2649,#2657,#2659,.T.);
#2657 = VERTEX_POINT('',#2658);
#2658 = CARTESIAN_POINT('',(-1.55,-0.36,0.15));
#2659 = LINE('',#2660,#2661);
#2660 = CARTESIAN_POINT('',(-1.55,-0.36,-2.775557561563E-17));
#2661 = VECTOR('',#2662,1.);
#2662 = DIRECTION('',(0.,0.,1.));
#2663 = ORIENTED_EDGE('',*,*,#2664,.T.);
#2664 = EDGE_CURVE('',#2657,#2665,#2667,.T.);
#2665 = VERTEX_POINT('',#2666);
#2666 = CARTESIAN_POINT('',(-1.476449047106,-0.36,0.15));
#2667 = LINE('',#2668,#2669);
#2668 = CARTESIAN_POINT('',(-1.55,-0.36,0.15));
#2669 = VECTOR('',#2670,1.);
#2670 = DIRECTION('',(1.,-1.144237745222E-17,0.));
#2671 = ORIENTED_EDGE('',*,*,#2672,.T.);
#2672 = EDGE_CURVE('',#2665,#2673,#2675,.T.);
#2673 = VERTEX_POINT('',#2674);
#2674 = CARTESIAN_POINT('',(-1.427208659456,-0.36,0.191317591117));
#2675 = CIRCLE('',#2676,5.E-02);
#2676 = AXIS2_PLACEMENT_3D('',#2677,#2678,#2679);
#2677 = CARTESIAN_POINT('',(-1.476449047106,-0.36,0.2));
#2678 = DIRECTION('',(-1.144237745222E-17,-1.,-0.));
#2679 = DIRECTION('',(0.,0.,-1.));
#2680 = ORIENTED_EDGE('',*,*,#2681,.T.);
#2681 = EDGE_CURVE('',#2673,#2682,#2684,.T.);
#2682 = VERTEX_POINT('',#2683);
#2683 = CARTESIAN_POINT('',(-1.396961550602,-0.36,0.384729635533));
#2684 = LINE('',#2685,#2686);
#2685 = CARTESIAN_POINT('',(-1.427208659456,-0.36,0.191317591117));
#2686 = VECTOR('',#2687,1.);
#2687 = DIRECTION('',(0.154508905503,-1.767949216498E-18,0.987991395772)
  );
#2688 = ORIENTED_EDGE('',*,*,#2689,.T.);
#2689 = EDGE_CURVE('',#2682,#2690,#2692,.T.);
#2690 = VERTEX_POINT('',#2691);
#2691 = CARTESIAN_POINT('',(-1.2,-0.36,0.55));
#2692 = CIRCLE('',#2693,0.2);
#2693 = AXIS2_PLACEMENT_3D('',#2694,#2695,#2696);
#2694 = CARTESIAN_POINT('',(-1.2,-0.36,0.35));
#2695 = DIRECTION('',(1.144237745222E-17,1.,2.696301922142E-33));
#2696 = DIRECTION('',(-0.984807753012,1.126854202784E-17,0.173648177667)
  );
#2697 = ORIENTED_EDGE('',*,*,#2698,.T.);
#2698 = EDGE_CURVE('',#2690,#1503,#2699,.T.);
#2699 = LINE('',#2700,#2701);
#2700 = CARTESIAN_POINT('',(-1.2,-0.36,0.55));
#2701 = VECTOR('',#2702,1.);
#2702 = DIRECTION('',(1.,-1.144237745222E-17,0.));
#2703 = PLANE('',#2704);
#2704 = AXIS2_PLACEMENT_3D('',#2705,#2706,#2707);
#2705 = CARTESIAN_POINT('',(-1.311077541001,-0.36,0.291705835417));
#2706 = DIRECTION('',(1.144237745222E-17,1.,0.));
#2707 = DIRECTION('',(0.,-0.,1.));
#2708 = ADVANCED_FACE('',(#2709),#2728,.F.);
#2709 = FACE_BOUND('',#2710,.F.);
#2710 = EDGE_LOOP('',(#2711,#2712,#2721,#2727));
#2711 = ORIENTED_EDGE('',*,*,#1541,.T.);
#2712 = ORIENTED_EDGE('',*,*,#2713,.T.);
#2713 = EDGE_CURVE('',#1534,#2714,#2716,.T.);
#2714 = VERTEX_POINT('',#2715);
#2715 = CARTESIAN_POINT('',(-1.249240387651,-0.14,0.358682408883));
#2716 = CIRCLE('',#2717,5.E-02);
#2717 = AXIS2_PLACEMENT_3D('',#2718,#2719,#2720);
#2718 = CARTESIAN_POINT('',(-1.2,-0.14,0.35));
#2719 = DIRECTION('',(-1.144237745222E-17,-1.,0.));
#2720 = DIRECTION('',(0.,0.,1.));
#2721 = ORIENTED_EDGE('',*,*,#2722,.F.);
#2722 = EDGE_CURVE('',#2623,#2714,#2723,.T.);
#2723 = LINE('',#2724,#2725);
#2724 = CARTESIAN_POINT('',(-1.249240387651,-0.36,0.358682408883));
#2725 = VECTOR('',#2726,1.);
#2726 = DIRECTION('',(1.144237745222E-17,1.,0.));
#2727 = ORIENTED_EDGE('',*,*,#2622,.F.);
#2728 = CYLINDRICAL_SURFACE('',#2729,5.E-02);
#2729 = AXIS2_PLACEMENT_3D('',#2730,#2731,#2732);
#2730 = CARTESIAN_POINT('',(-1.2,-0.36,0.35));
#2731 = DIRECTION('',(-1.144237745222E-17,-1.,0.));
#2732 = DIRECTION('',(0.,0.,1.));
#2733 = ADVANCED_FACE('',(#2734),#2812,.T.);
#2734 = FACE_BOUND('',#2735,.T.);
#2735 = EDGE_LOOP('',(#2736,#2737,#2738,#2739,#2747,#2756,#2764,#2772,
    #2780,#2789,#2797,#2806));
#2736 = ORIENTED_EDGE('',*,*,#1555,.F.);
#2737 = ORIENTED_EDGE('',*,*,#1533,.T.);
#2738 = ORIENTED_EDGE('',*,*,#2713,.T.);
#2739 = ORIENTED_EDGE('',*,*,#2740,.T.);
#2740 = EDGE_CURVE('',#2714,#2741,#2743,.T.);
#2741 = VERTEX_POINT('',#2742);
#2742 = CARTESIAN_POINT('',(-1.279487496504,-0.14,0.165270364467));
#2743 = LINE('',#2744,#2745);
#2744 = CARTESIAN_POINT('',(-1.249240387651,-0.14,0.358682408883));
#2745 = VECTOR('',#2746,1.);
#2746 = DIRECTION('',(-0.154508905503,1.767949216498E-18,-0.987991395772
    ));
#2747 = ORIENTED_EDGE('',*,*,#2748,.T.);
#2748 = EDGE_CURVE('',#2741,#2749,#2751,.T.);
#2749 = VERTEX_POINT('',#2750);
#2750 = CARTESIAN_POINT('',(-1.476449047106,-0.14,-2.775557561563E-17));
#2751 = CIRCLE('',#2752,0.2);
#2752 = AXIS2_PLACEMENT_3D('',#2753,#2754,#2755);
#2753 = CARTESIAN_POINT('',(-1.476449047106,-0.14,0.2));
#2754 = DIRECTION('',(1.144237745222E-17,1.,1.155557966632E-33));
#2755 = DIRECTION('',(0.984807753012,-1.126854202784E-17,-0.173648177667
    ));
#2756 = ORIENTED_EDGE('',*,*,#2757,.T.);
#2757 = EDGE_CURVE('',#2749,#2758,#2760,.T.);
#2758 = VERTEX_POINT('',#2759);
#2759 = CARTESIAN_POINT('',(-1.55,-0.14,-2.775557561563E-17));
#2760 = LINE('',#2761,#2762);
#2761 = CARTESIAN_POINT('',(-1.476449047106,-0.14,-2.775557561563E-17));
#2762 = VECTOR('',#2763,1.);
#2763 = DIRECTION('',(-1.,1.144237745222E-17,0.));
#2764 = ORIENTED_EDGE('',*,*,#2765,.T.);
#2765 = EDGE_CURVE('',#2758,#2766,#2768,.T.);
#2766 = VERTEX_POINT('',#2767);
#2767 = CARTESIAN_POINT('',(-1.55,-0.14,0.15));
#2768 = LINE('',#2769,#2770);
#2769 = CARTESIAN_POINT('',(-1.55,-0.14,-2.775557561563E-17));
#2770 = VECTOR('',#2771,1.);
#2771 = DIRECTION('',(0.,0.,1.));
#2772 = ORIENTED_EDGE('',*,*,#2773,.T.);
#2773 = EDGE_CURVE('',#2766,#2774,#2776,.T.);
#2774 = VERTEX_POINT('',#2775);
#2775 = CARTESIAN_POINT('',(-1.476449047106,-0.14,0.15));
#2776 = LINE('',#2777,#2778);
#2777 = CARTESIAN_POINT('',(-1.55,-0.14,0.15));
#2778 = VECTOR('',#2779,1.);
#2779 = DIRECTION('',(1.,-1.144237745222E-17,0.));
#2780 = ORIENTED_EDGE('',*,*,#2781,.T.);
#2781 = EDGE_CURVE('',#2774,#2782,#2784,.T.);
#2782 = VERTEX_POINT('',#2783);
#2783 = CARTESIAN_POINT('',(-1.427208659456,-0.14,0.191317591117));
#2784 = CIRCLE('',#2785,5.E-02);
#2785 = AXIS2_PLACEMENT_3D('',#2786,#2787,#2788);
#2786 = CARTESIAN_POINT('',(-1.476449047106,-0.14,0.2));
#2787 = DIRECTION('',(-1.144237745222E-17,-1.,-0.));
#2788 = DIRECTION('',(0.,0.,-1.));
#2789 = ORIENTED_EDGE('',*,*,#2790,.T.);
#2790 = EDGE_CURVE('',#2782,#2791,#2793,.T.);
#2791 = VERTEX_POINT('',#2792);
#2792 = CARTESIAN_POINT('',(-1.396961550602,-0.14,0.384729635533));
#2793 = LINE('',#2794,#2795);
#2794 = CARTESIAN_POINT('',(-1.427208659456,-0.14,0.191317591117));
#2795 = VECTOR('',#2796,1.);
#2796 = DIRECTION('',(0.154508905503,-1.767949216498E-18,0.987991395772)
  );
#2797 = ORIENTED_EDGE('',*,*,#2798,.T.);
#2798 = EDGE_CURVE('',#2791,#2799,#2801,.T.);
#2799 = VERTEX_POINT('',#2800);
#2800 = CARTESIAN_POINT('',(-1.2,-0.14,0.55));
#2801 = CIRCLE('',#2802,0.2);
#2802 = AXIS2_PLACEMENT_3D('',#2803,#2804,#2805);
#2803 = CARTESIAN_POINT('',(-1.2,-0.14,0.35));
#2804 = DIRECTION('',(1.144237745222E-17,1.,2.696301922142E-33));
#2805 = DIRECTION('',(-0.984807753012,1.126854202784E-17,0.173648177667)
  );
#2806 = ORIENTED_EDGE('',*,*,#2807,.T.);
#2807 = EDGE_CURVE('',#2799,#1556,#2808,.T.);
#2808 = LINE('',#2809,#2810);
#2809 = CARTESIAN_POINT('',(-1.2,-0.14,0.55));
#2810 = VECTOR('',#2811,1.);
#2811 = DIRECTION('',(1.,-1.144237745222E-17,0.));
#2812 = PLANE('',#2813);
#2813 = AXIS2_PLACEMENT_3D('',#2814,#2815,#2816);
#2814 = CARTESIAN_POINT('',(-1.311077541001,-0.14,0.291705835417));
#2815 = DIRECTION('',(1.144237745222E-17,1.,0.));
#2816 = DIRECTION('',(0.,-0.,1.));
#2817 = ADVANCED_FACE('',(#2818),#2834,.F.);
#2818 = FACE_BOUND('',#2819,.F.);
#2819 = EDGE_LOOP('',(#2820,#2821,#2827,#2828));
#2820 = ORIENTED_EDGE('',*,*,#1572,.T.);
#2821 = ORIENTED_EDGE('',*,*,#2822,.T.);
#2822 = EDGE_CURVE('',#1565,#2103,#2823,.T.);
#2823 = LINE('',#2824,#2825);
#2824 = CARTESIAN_POINT('',(-1.2,0.14,0.55));
#2825 = VECTOR('',#2826,1.);
#2826 = DIRECTION('',(1.,-1.144237745222E-17,0.));
#2827 = ORIENTED_EDGE('',*,*,#2102,.F.);
#2828 = ORIENTED_EDGE('',*,*,#2829,.F.);
#2829 = EDGE_CURVE('',#1556,#2095,#2830,.T.);
#2830 = LINE('',#2831,#2832);
#2831 = CARTESIAN_POINT('',(-1.2,-0.14,0.55));
#2832 = VECTOR('',#2833,1.);
#2833 = DIRECTION('',(1.,-1.144237745222E-17,0.));
#2834 = PLANE('',#2835);
#2835 = AXIS2_PLACEMENT_3D('',#2836,#2837,#2838);
#2836 = CARTESIAN_POINT('',(-5.319436351458E-17,0.975,0.55));
#2837 = DIRECTION('',(-1.336794903956E-31,1.084683744679E-27,-1.));
#2838 = DIRECTION('',(1.,1.11414478245E-16,-1.336794903955E-31));
#2839 = ADVANCED_FACE('',(#2840),#2926,.F.);
#2840 = FACE_BOUND('',#2841,.F.);
#2841 = EDGE_LOOP('',(#2842,#2843,#2844,#2853,#2861,#2870,#2878,#2886,
    #2894,#2903,#2911,#2920));
#2842 = ORIENTED_EDGE('',*,*,#1564,.F.);
#2843 = ORIENTED_EDGE('',*,*,#1586,.T.);
#2844 = ORIENTED_EDGE('',*,*,#2845,.T.);
#2845 = EDGE_CURVE('',#1587,#2846,#2848,.T.);
#2846 = VERTEX_POINT('',#2847);
#2847 = CARTESIAN_POINT('',(-1.249240387651,0.14,0.358682408883));
#2848 = CIRCLE('',#2849,5.E-02);
#2849 = AXIS2_PLACEMENT_3D('',#2850,#2851,#2852);
#2850 = CARTESIAN_POINT('',(-1.2,0.14,0.35));
#2851 = DIRECTION('',(-1.144237745222E-17,-1.,0.));
#2852 = DIRECTION('',(0.,0.,1.));
#2853 = ORIENTED_EDGE('',*,*,#2854,.T.);
#2854 = EDGE_CURVE('',#2846,#2855,#2857,.T.);
#2855 = VERTEX_POINT('',#2856);
#2856 = CARTESIAN_POINT('',(-1.279487496504,0.14,0.165270364467));
#2857 = LINE('',#2858,#2859);
#2858 = CARTESIAN_POINT('',(-1.249240387651,0.14,0.358682408883));
#2859 = VECTOR('',#2860,1.);
#2860 = DIRECTION('',(-0.154508905503,1.767949216498E-18,-0.987991395772
    ));
#2861 = ORIENTED_EDGE('',*,*,#2862,.T.);
#2862 = EDGE_CURVE('',#2855,#2863,#2865,.T.);
#2863 = VERTEX_POINT('',#2864);
#2864 = CARTESIAN_POINT('',(-1.476449047106,0.14,-2.775557561563E-17));
#2865 = CIRCLE('',#2866,0.2);
#2866 = AXIS2_PLACEMENT_3D('',#2867,#2868,#2869);
#2867 = CARTESIAN_POINT('',(-1.476449047106,0.14,0.2));
#2868 = DIRECTION('',(1.144237745222E-17,1.,1.155557966632E-33));
#2869 = DIRECTION('',(0.984807753012,-1.126854202784E-17,-0.173648177667
    ));
#2870 = ORIENTED_EDGE('',*,*,#2871,.T.);
#2871 = EDGE_CURVE('',#2863,#2872,#2874,.T.);
#2872 = VERTEX_POINT('',#2873);
#2873 = CARTESIAN_POINT('',(-1.55,0.14,-2.775557561563E-17));
#2874 = LINE('',#2875,#2876);
#2875 = CARTESIAN_POINT('',(-1.476449047106,0.14,-2.775557561563E-17));
#2876 = VECTOR('',#2877,1.);
#2877 = DIRECTION('',(-1.,1.144237745222E-17,0.));
#2878 = ORIENTED_EDGE('',*,*,#2879,.T.);
#2879 = EDGE_CURVE('',#2872,#2880,#2882,.T.);
#2880 = VERTEX_POINT('',#2881);
#2881 = CARTESIAN_POINT('',(-1.55,0.14,0.15));
#2882 = LINE('',#2883,#2884);
#2883 = CARTESIAN_POINT('',(-1.55,0.14,-2.775557561563E-17));
#2884 = VECTOR('',#2885,1.);
#2885 = DIRECTION('',(0.,0.,1.));
#2886 = ORIENTED_EDGE('',*,*,#2887,.T.);
#2887 = EDGE_CURVE('',#2880,#2888,#2890,.T.);
#2888 = VERTEX_POINT('',#2889);
#2889 = CARTESIAN_POINT('',(-1.476449047106,0.14,0.15));
#2890 = LINE('',#2891,#2892);
#2891 = CARTESIAN_POINT('',(-1.55,0.14,0.15));
#2892 = VECTOR('',#2893,1.);
#2893 = DIRECTION('',(1.,-1.144237745222E-17,0.));
#2894 = ORIENTED_EDGE('',*,*,#2895,.T.);
#2895 = EDGE_CURVE('',#2888,#2896,#2898,.T.);
#2896 = VERTEX_POINT('',#2897);
#2897 = CARTESIAN_POINT('',(-1.427208659456,0.14,0.191317591117));
#2898 = CIRCLE('',#2899,5.E-02);
#2899 = AXIS2_PLACEMENT_3D('',#2900,#2901,#2902);
#2900 = CARTESIAN_POINT('',(-1.476449047106,0.14,0.2));
#2901 = DIRECTION('',(-1.144237745222E-17,-1.,-0.));
#2902 = DIRECTION('',(0.,0.,-1.));
#2903 = ORIENTED_EDGE('',*,*,#2904,.T.);
#2904 = EDGE_CURVE('',#2896,#2905,#2907,.T.);
#2905 = VERTEX_POINT('',#2906);
#2906 = CARTESIAN_POINT('',(-1.396961550602,0.14,0.384729635533));
#2907 = LINE('',#2908,#2909);
#2908 = CARTESIAN_POINT('',(-1.427208659456,0.14,0.191317591117));
#2909 = VECTOR('',#2910,1.);
#2910 = DIRECTION('',(0.154508905503,-1.767949216498E-18,0.987991395772)
  );
#2911 = ORIENTED_EDGE('',*,*,#2912,.T.);
#2912 = EDGE_CURVE('',#2905,#2913,#2915,.T.);
#2913 = VERTEX_POINT('',#2914);
#2914 = CARTESIAN_POINT('',(-1.2,0.14,0.55));
#2915 = CIRCLE('',#2916,0.2);
#2916 = AXIS2_PLACEMENT_3D('',#2917,#2918,#2919);
#2917 = CARTESIAN_POINT('',(-1.2,0.14,0.35));
#2918 = DIRECTION('',(1.144237745222E-17,1.,2.696301922142E-33));
#2919 = DIRECTION('',(-0.984807753012,1.126854202784E-17,0.173648177667)
  );
#2920 = ORIENTED_EDGE('',*,*,#2921,.T.);
#2921 = EDGE_CURVE('',#2913,#1565,#2922,.T.);
#2922 = LINE('',#2923,#2924);
#2923 = CARTESIAN_POINT('',(-1.2,0.14,0.55));
#2924 = VECTOR('',#2925,1.);
#2925 = DIRECTION('',(1.,-1.144237745222E-17,0.));
#2926 = PLANE('',#2927);
#2927 = AXIS2_PLACEMENT_3D('',#2928,#2929,#2930);
#2928 = CARTESIAN_POINT('',(-1.311077541001,0.14,0.291705835417));
#2929 = DIRECTION('',(1.144237745222E-17,1.,0.));
#2930 = DIRECTION('',(0.,-0.,1.));
#2931 = ADVANCED_FACE('',(#2932),#2951,.F.);
#2932 = FACE_BOUND('',#2933,.F.);
#2933 = EDGE_LOOP('',(#2934,#2935,#2944,#2950));
#2934 = ORIENTED_EDGE('',*,*,#1603,.T.);
#2935 = ORIENTED_EDGE('',*,*,#2936,.T.);
#2936 = EDGE_CURVE('',#1596,#2937,#2939,.T.);
#2937 = VERTEX_POINT('',#2938);
#2938 = CARTESIAN_POINT('',(-1.249240387651,0.36,0.358682408883));
#2939 = CIRCLE('',#2940,5.E-02);
#2940 = AXIS2_PLACEMENT_3D('',#2941,#2942,#2943);
#2941 = CARTESIAN_POINT('',(-1.2,0.36,0.35));
#2942 = DIRECTION('',(-1.144237745222E-17,-1.,0.));
#2943 = DIRECTION('',(0.,0.,1.));
#2944 = ORIENTED_EDGE('',*,*,#2945,.F.);
#2945 = EDGE_CURVE('',#2846,#2937,#2946,.T.);
#2946 = LINE('',#2947,#2948);
#2947 = CARTESIAN_POINT('',(-1.249240387651,0.14,0.358682408883));
#2948 = VECTOR('',#2949,1.);
#2949 = DIRECTION('',(1.144237745222E-17,1.,0.));
#2950 = ORIENTED_EDGE('',*,*,#2845,.F.);
#2951 = CYLINDRICAL_SURFACE('',#2952,5.E-02);
#2952 = AXIS2_PLACEMENT_3D('',#2953,#2954,#2955);
#2953 = CARTESIAN_POINT('',(-1.2,0.14,0.35));
#2954 = DIRECTION('',(-1.144237745222E-17,-1.,0.));
#2955 = DIRECTION('',(0.,0.,1.));
#2956 = ADVANCED_FACE('',(#2957),#3035,.T.);
#2957 = FACE_BOUND('',#2958,.T.);
#2958 = EDGE_LOOP('',(#2959,#2960,#2961,#2962,#2970,#2979,#2987,#2995,
    #3003,#3012,#3020,#3029));
#2959 = ORIENTED_EDGE('',*,*,#1617,.F.);
#2960 = ORIENTED_EDGE('',*,*,#1595,.T.);
#2961 = ORIENTED_EDGE('',*,*,#2936,.T.);
#2962 = ORIENTED_EDGE('',*,*,#2963,.T.);
#2963 = EDGE_CURVE('',#2937,#2964,#2966,.T.);
#2964 = VERTEX_POINT('',#2965);
#2965 = CARTESIAN_POINT('',(-1.279487496504,0.36,0.165270364467));
#2966 = LINE('',#2967,#2968);
#2967 = CARTESIAN_POINT('',(-1.249240387651,0.36,0.358682408883));
#2968 = VECTOR('',#2969,1.);
#2969 = DIRECTION('',(-0.154508905503,1.767949216498E-18,-0.987991395772
    ));
#2970 = ORIENTED_EDGE('',*,*,#2971,.T.);
#2971 = EDGE_CURVE('',#2964,#2972,#2974,.T.);
#2972 = VERTEX_POINT('',#2973);
#2973 = CARTESIAN_POINT('',(-1.476449047106,0.36,-2.775557561563E-17));
#2974 = CIRCLE('',#2975,0.2);
#2975 = AXIS2_PLACEMENT_3D('',#2976,#2977,#2978);
#2976 = CARTESIAN_POINT('',(-1.476449047106,0.36,0.2));
#2977 = DIRECTION('',(1.144237745222E-17,1.,1.155557966632E-33));
#2978 = DIRECTION('',(0.984807753012,-1.126854202784E-17,-0.173648177667
    ));
#2979 = ORIENTED_EDGE('',*,*,#2980,.T.);
#2980 = EDGE_CURVE('',#2972,#2981,#2983,.T.);
#2981 = VERTEX_POINT('',#2982);
#2982 = CARTESIAN_POINT('',(-1.55,0.36,-2.775557561563E-17));
#2983 = LINE('',#2984,#2985);
#2984 = CARTESIAN_POINT('',(-1.476449047106,0.36,-2.775557561563E-17));
#2985 = VECTOR('',#2986,1.);
#2986 = DIRECTION('',(-1.,1.144237745222E-17,0.));
#2987 = ORIENTED_EDGE('',*,*,#2988,.T.);
#2988 = EDGE_CURVE('',#2981,#2989,#2991,.T.);
#2989 = VERTEX_POINT('',#2990);
#2990 = CARTESIAN_POINT('',(-1.55,0.36,0.15));
#2991 = LINE('',#2992,#2993);
#2992 = CARTESIAN_POINT('',(-1.55,0.36,-2.775557561563E-17));
#2993 = VECTOR('',#2994,1.);
#2994 = DIRECTION('',(0.,0.,1.));
#2995 = ORIENTED_EDGE('',*,*,#2996,.T.);
#2996 = EDGE_CURVE('',#2989,#2997,#2999,.T.);
#2997 = VERTEX_POINT('',#2998);
#2998 = CARTESIAN_POINT('',(-1.476449047106,0.36,0.15));
#2999 = LINE('',#3000,#3001);
#3000 = CARTESIAN_POINT('',(-1.55,0.36,0.15));
#3001 = VECTOR('',#3002,1.);
#3002 = DIRECTION('',(1.,-1.144237745222E-17,0.));
#3003 = ORIENTED_EDGE('',*,*,#3004,.T.);
#3004 = EDGE_CURVE('',#2997,#3005,#3007,.T.);
#3005 = VERTEX_POINT('',#3006);
#3006 = CARTESIAN_POINT('',(-1.427208659456,0.36,0.191317591117));
#3007 = CIRCLE('',#3008,5.E-02);
#3008 = AXIS2_PLACEMENT_3D('',#3009,#3010,#3011);
#3009 = CARTESIAN_POINT('',(-1.476449047106,0.36,0.2));
#3010 = DIRECTION('',(-1.144237745222E-17,-1.,-0.));
#3011 = DIRECTION('',(0.,0.,-1.));
#3012 = ORIENTED_EDGE('',*,*,#3013,.T.);
#3013 = EDGE_CURVE('',#3005,#3014,#3016,.T.);
#3014 = VERTEX_POINT('',#3015);
#3015 = CARTESIAN_POINT('',(-1.396961550602,0.36,0.384729635533));
#3016 = LINE('',#3017,#3018);
#3017 = CARTESIAN_POINT('',(-1.427208659456,0.36,0.191317591117));
#3018 = VECTOR('',#3019,1.);
#3019 = DIRECTION('',(0.154508905503,-1.767949216498E-18,0.987991395772)
  );
#3020 = ORIENTED_EDGE('',*,*,#3021,.T.);
#3021 = EDGE_CURVE('',#3014,#3022,#3024,.T.);
#3022 = VERTEX_POINT('',#3023);
#3023 = CARTESIAN_POINT('',(-1.2,0.36,0.55));
#3024 = CIRCLE('',#3025,0.2);
#3025 = AXIS2_PLACEMENT_3D('',#3026,#3027,#3028);
#3026 = CARTESIAN_POINT('',(-1.2,0.36,0.35));
#3027 = DIRECTION('',(1.144237745222E-17,1.,2.696301922142E-33));
#3028 = DIRECTION('',(-0.984807753012,1.126854202784E-17,0.173648177667)
  );
#3029 = ORIENTED_EDGE('',*,*,#3030,.T.);
#3030 = EDGE_CURVE('',#3022,#1618,#3031,.T.);
#3031 = LINE('',#3032,#3033);
#3032 = CARTESIAN_POINT('',(-1.2,0.36,0.55));
#3033 = VECTOR('',#3034,1.);
#3034 = DIRECTION('',(1.,-1.144237745222E-17,0.));
#3035 = PLANE('',#3036);
#3036 = AXIS2_PLACEMENT_3D('',#3037,#3038,#3039);
#3037 = CARTESIAN_POINT('',(-1.311077541001,0.36,0.291705835417));
#3038 = DIRECTION('',(1.144237745222E-17,1.,0.));
#3039 = DIRECTION('',(0.,-0.,1.));
#3040 = ADVANCED_FACE('',(#3041),#3052,.F.);
#3041 = FACE_BOUND('',#3042,.F.);
#3042 = EDGE_LOOP('',(#3043,#3044,#3045,#3046));
#3043 = ORIENTED_EDGE('',*,*,#1634,.T.);
#3044 = ORIENTED_EDGE('',*,*,#2054,.T.);
#3045 = ORIENTED_EDGE('',*,*,#2118,.F.);
#3046 = ORIENTED_EDGE('',*,*,#3047,.F.);
#3047 = EDGE_CURVE('',#1618,#2111,#3048,.T.);
#3048 = LINE('',#3049,#3050);
#3049 = CARTESIAN_POINT('',(-1.2,0.36,0.55));
#3050 = VECTOR('',#3051,1.);
#3051 = DIRECTION('',(1.,-1.144237745222E-17,0.));
#3052 = PLANE('',#3053);
#3053 = AXIS2_PLACEMENT_3D('',#3054,#3055,#3056);
#3054 = CARTESIAN_POINT('',(-5.319436351458E-17,0.975,0.55));
#3055 = DIRECTION('',(-1.336794903956E-31,1.084683744679E-27,-1.));
#3056 = DIRECTION('',(1.,1.11414478245E-16,-1.336794903955E-31));
#3057 = ADVANCED_FACE('',(#3058),#3137,.F.);
#3058 = FACE_BOUND('',#3059,.F.);
#3059 = EDGE_LOOP('',(#3060,#3061,#3062,#3071,#3079,#3088,#3096,#3104,
    #3112,#3121,#3129,#3136));
#3060 = ORIENTED_EDGE('',*,*,#1626,.F.);
#3061 = ORIENTED_EDGE('',*,*,#1648,.T.);
#3062 = ORIENTED_EDGE('',*,*,#3063,.T.);
#3063 = EDGE_CURVE('',#1649,#3064,#3066,.T.);
#3064 = VERTEX_POINT('',#3065);
#3065 = CARTESIAN_POINT('',(-1.249240387651,0.64,0.358682408883));
#3066 = CIRCLE('',#3067,5.E-02);
#3067 = AXIS2_PLACEMENT_3D('',#3068,#3069,#3070);
#3068 = CARTESIAN_POINT('',(-1.2,0.64,0.35));
#3069 = DIRECTION('',(-1.144237745222E-17,-1.,0.));
#3070 = DIRECTION('',(0.,0.,1.));
#3071 = ORIENTED_EDGE('',*,*,#3072,.T.);
#3072 = EDGE_CURVE('',#3064,#3073,#3075,.T.);
#3073 = VERTEX_POINT('',#3074);
#3074 = CARTESIAN_POINT('',(-1.279487496504,0.64,0.165270364467));
#3075 = LINE('',#3076,#3077);
#3076 = CARTESIAN_POINT('',(-1.249240387651,0.64,0.358682408883));
#3077 = VECTOR('',#3078,1.);
#3078 = DIRECTION('',(-0.154508905503,1.767949216498E-18,-0.987991395772
    ));
#3079 = ORIENTED_EDGE('',*,*,#3080,.T.);
#3080 = EDGE_CURVE('',#3073,#3081,#3083,.T.);
#3081 = VERTEX_POINT('',#3082);
#3082 = CARTESIAN_POINT('',(-1.476449047106,0.64,-2.775557561563E-17));
#3083 = CIRCLE('',#3084,0.2);
#3084 = AXIS2_PLACEMENT_3D('',#3085,#3086,#3087);
#3085 = CARTESIAN_POINT('',(-1.476449047106,0.64,0.2));
#3086 = DIRECTION('',(1.144237745222E-17,1.,1.155557966632E-33));
#3087 = DIRECTION('',(0.984807753012,-1.126854202784E-17,-0.173648177667
    ));
#3088 = ORIENTED_EDGE('',*,*,#3089,.T.);
#3089 = EDGE_CURVE('',#3081,#3090,#3092,.T.);
#3090 = VERTEX_POINT('',#3091);
#3091 = CARTESIAN_POINT('',(-1.55,0.64,-2.775557561563E-17));
#3092 = LINE('',#3093,#3094);
#3093 = CARTESIAN_POINT('',(-1.476449047106,0.64,-2.775557561563E-17));
#3094 = VECTOR('',#3095,1.);
#3095 = DIRECTION('',(-1.,1.144237745222E-17,0.));
#3096 = ORIENTED_EDGE('',*,*,#3097,.T.);
#3097 = EDGE_CURVE('',#3090,#3098,#3100,.T.);
#3098 = VERTEX_POINT('',#3099);
#3099 = CARTESIAN_POINT('',(-1.55,0.64,0.15));
#3100 = LINE('',#3101,#3102);
#3101 = CARTESIAN_POINT('',(-1.55,0.64,-2.775557561563E-17));
#3102 = VECTOR('',#3103,1.);
#3103 = DIRECTION('',(0.,0.,1.));
#3104 = ORIENTED_EDGE('',*,*,#3105,.T.);
#3105 = EDGE_CURVE('',#3098,#3106,#3108,.T.);
#3106 = VERTEX_POINT('',#3107);
#3107 = CARTESIAN_POINT('',(-1.476449047106,0.64,0.15));
#3108 = LINE('',#3109,#3110);
#3109 = CARTESIAN_POINT('',(-1.55,0.64,0.15));
#3110 = VECTOR('',#3111,1.);
#3111 = DIRECTION('',(1.,-1.144237745222E-17,0.));
#3112 = ORIENTED_EDGE('',*,*,#3113,.T.);
#3113 = EDGE_CURVE('',#3106,#3114,#3116,.T.);
#3114 = VERTEX_POINT('',#3115);
#3115 = CARTESIAN_POINT('',(-1.427208659456,0.64,0.191317591117));
#3116 = CIRCLE('',#3117,5.E-02);
#3117 = AXIS2_PLACEMENT_3D('',#3118,#3119,#3120);
#3118 = CARTESIAN_POINT('',(-1.476449047106,0.64,0.2));
#3119 = DIRECTION('',(-1.144237745222E-17,-1.,-0.));
#3120 = DIRECTION('',(0.,0.,-1.));
#3121 = ORIENTED_EDGE('',*,*,#3122,.T.);
#3122 = EDGE_CURVE('',#3114,#3123,#3125,.T.);
#3123 = VERTEX_POINT('',#3124);
#3124 = CARTESIAN_POINT('',(-1.396961550602,0.64,0.384729635533));
#3125 = LINE('',#3126,#3127);
#3126 = CARTESIAN_POINT('',(-1.427208659456,0.64,0.191317591117));
#3127 = VECTOR('',#3128,1.);
#3128 = DIRECTION('',(0.154508905503,-1.767949216498E-18,0.987991395772)
  );
#3129 = ORIENTED_EDGE('',*,*,#3130,.T.);
#3130 = EDGE_CURVE('',#3123,#2024,#3131,.T.);
#3131 = CIRCLE('',#3132,0.2);
#3132 = AXIS2_PLACEMENT_3D('',#3133,#3134,#3135);
#3133 = CARTESIAN_POINT('',(-1.2,0.64,0.35));
#3134 = DIRECTION('',(1.144237745222E-17,1.,2.696301922142E-33));
#3135 = DIRECTION('',(-0.984807753012,1.126854202784E-17,0.173648177667)
  );
#3136 = ORIENTED_EDGE('',*,*,#2023,.T.);
#3137 = PLANE('',#3138);
#3138 = AXIS2_PLACEMENT_3D('',#3139,#3140,#3141);
#3139 = CARTESIAN_POINT('',(-1.311077541001,0.64,0.291705835417));
#3140 = DIRECTION('',(1.144237745222E-17,1.,0.));
#3141 = DIRECTION('',(0.,-0.,1.));
#3142 = ADVANCED_FACE('',(#3143),#3162,.F.);
#3143 = FACE_BOUND('',#3144,.F.);
#3144 = EDGE_LOOP('',(#3145,#3146,#3155,#3161));
#3145 = ORIENTED_EDGE('',*,*,#1665,.T.);
#3146 = ORIENTED_EDGE('',*,*,#3147,.T.);
#3147 = EDGE_CURVE('',#1658,#3148,#3150,.T.);
#3148 = VERTEX_POINT('',#3149);
#3149 = CARTESIAN_POINT('',(-1.249240387651,0.86,0.358682408883));
#3150 = CIRCLE('',#3151,5.E-02);
#3151 = AXIS2_PLACEMENT_3D('',#3152,#3153,#3154);
#3152 = CARTESIAN_POINT('',(-1.2,0.86,0.35));
#3153 = DIRECTION('',(-1.144237745222E-17,-1.,0.));
#3154 = DIRECTION('',(0.,0.,1.));
#3155 = ORIENTED_EDGE('',*,*,#3156,.F.);
#3156 = EDGE_CURVE('',#3064,#3148,#3157,.T.);
#3157 = LINE('',#3158,#3159);
#3158 = CARTESIAN_POINT('',(-1.249240387651,0.64,0.358682408883));
#3159 = VECTOR('',#3160,1.);
#3160 = DIRECTION('',(1.144237745222E-17,1.,0.));
#3161 = ORIENTED_EDGE('',*,*,#3063,.F.);
#3162 = CYLINDRICAL_SURFACE('',#3163,5.E-02);
#3163 = AXIS2_PLACEMENT_3D('',#3164,#3165,#3166);
#3164 = CARTESIAN_POINT('',(-1.2,0.64,0.35));
#3165 = DIRECTION('',(-1.144237745222E-17,-1.,0.));
#3166 = DIRECTION('',(0.,0.,1.));
#3167 = ADVANCED_FACE('',(#3168),#3239,.T.);
#3168 = FACE_BOUND('',#3169,.T.);
#3169 = EDGE_LOOP('',(#3170,#3171,#3172,#3173,#3181,#3190,#3198,#3206,
    #3214,#3223,#3231,#3238));
#3170 = ORIENTED_EDGE('',*,*,#1679,.F.);
#3171 = ORIENTED_EDGE('',*,*,#1657,.T.);
#3172 = ORIENTED_EDGE('',*,*,#3147,.T.);
#3173 = ORIENTED_EDGE('',*,*,#3174,.T.);
#3174 = EDGE_CURVE('',#3148,#3175,#3177,.T.);
#3175 = VERTEX_POINT('',#3176);
#3176 = CARTESIAN_POINT('',(-1.279487496504,0.86,0.165270364467));
#3177 = LINE('',#3178,#3179);
#3178 = CARTESIAN_POINT('',(-1.249240387651,0.86,0.358682408883));
#3179 = VECTOR('',#3180,1.);
#3180 = DIRECTION('',(-0.154508905503,1.767949216498E-18,-0.987991395772
    ));
#3181 = ORIENTED_EDGE('',*,*,#3182,.T.);
#3182 = EDGE_CURVE('',#3175,#3183,#3185,.T.);
#3183 = VERTEX_POINT('',#3184);
#3184 = CARTESIAN_POINT('',(-1.476449047106,0.86,-2.775557561563E-17));
#3185 = CIRCLE('',#3186,0.2);
#3186 = AXIS2_PLACEMENT_3D('',#3187,#3188,#3189);
#3187 = CARTESIAN_POINT('',(-1.476449047106,0.86,0.2));
#3188 = DIRECTION('',(1.144237745222E-17,1.,1.155557966632E-33));
#3189 = DIRECTION('',(0.984807753012,-1.126854202784E-17,-0.173648177667
    ));
#3190 = ORIENTED_EDGE('',*,*,#3191,.T.);
#3191 = EDGE_CURVE('',#3183,#3192,#3194,.T.);
#3192 = VERTEX_POINT('',#3193);
#3193 = CARTESIAN_POINT('',(-1.55,0.86,-2.775557561563E-17));
#3194 = LINE('',#3195,#3196);
#3195 = CARTESIAN_POINT('',(-1.476449047106,0.86,-2.775557561563E-17));
#3196 = VECTOR('',#3197,1.);
#3197 = DIRECTION('',(-1.,1.144237745222E-17,0.));
#3198 = ORIENTED_EDGE('',*,*,#3199,.T.);
#3199 = EDGE_CURVE('',#3192,#3200,#3202,.T.);
#3200 = VERTEX_POINT('',#3201);
#3201 = CARTESIAN_POINT('',(-1.55,0.86,0.15));
#3202 = LINE('',#3203,#3204);
#3203 = CARTESIAN_POINT('',(-1.55,0.86,-2.775557561563E-17));
#3204 = VECTOR('',#3205,1.);
#3205 = DIRECTION('',(0.,0.,1.));
#3206 = ORIENTED_EDGE('',*,*,#3207,.T.);
#3207 = EDGE_CURVE('',#3200,#3208,#3210,.T.);
#3208 = VERTEX_POINT('',#3209);
#3209 = CARTESIAN_POINT('',(-1.476449047106,0.86,0.15));
#3210 = LINE('',#3211,#3212);
#3211 = CARTESIAN_POINT('',(-1.55,0.86,0.15));
#3212 = VECTOR('',#3213,1.);
#3213 = DIRECTION('',(1.,-1.144237745222E-17,0.));
#3214 = ORIENTED_EDGE('',*,*,#3215,.T.);
#3215 = EDGE_CURVE('',#3208,#3216,#3218,.T.);
#3216 = VERTEX_POINT('',#3217);
#3217 = CARTESIAN_POINT('',(-1.427208659456,0.86,0.191317591117));
#3218 = CIRCLE('',#3219,5.E-02);
#3219 = AXIS2_PLACEMENT_3D('',#3220,#3221,#3222);
#3220 = CARTESIAN_POINT('',(-1.476449047106,0.86,0.2));
#3221 = DIRECTION('',(-1.144237745222E-17,-1.,-0.));
#3222 = DIRECTION('',(0.,0.,-1.));
#3223 = ORIENTED_EDGE('',*,*,#3224,.T.);
#3224 = EDGE_CURVE('',#3216,#3225,#3227,.T.);
#3225 = VERTEX_POINT('',#3226);
#3226 = CARTESIAN_POINT('',(-1.396961550602,0.86,0.384729635533));
#3227 = LINE('',#3228,#3229);
#3228 = CARTESIAN_POINT('',(-1.427208659456,0.86,0.191317591117));
#3229 = VECTOR('',#3230,1.);
#3230 = DIRECTION('',(0.154508905503,-1.767949216498E-18,0.987991395772)
  );
#3231 = ORIENTED_EDGE('',*,*,#3232,.T.);
#3232 = EDGE_CURVE('',#3225,#2032,#3233,.T.);
#3233 = CIRCLE('',#3234,0.2);
#3234 = AXIS2_PLACEMENT_3D('',#3235,#3236,#3237);
#3235 = CARTESIAN_POINT('',(-1.2,0.86,0.35));
#3236 = DIRECTION('',(1.144237745222E-17,1.,2.696301922142E-33));
#3237 = DIRECTION('',(-0.984807753012,1.126854202784E-17,0.173648177667)
  );
#3238 = ORIENTED_EDGE('',*,*,#2039,.T.);
#3239 = PLANE('',#3240);
#3240 = AXIS2_PLACEMENT_3D('',#3241,#3242,#3243);
#3241 = CARTESIAN_POINT('',(-1.311077541001,0.86,0.291705835417));
#3242 = DIRECTION('',(1.144237745222E-17,1.,0.));
#3243 = DIRECTION('',(0.,-0.,1.));
#3244 = ADVANCED_FACE('',(#3245),#3324,.F.);
#3245 = FACE_BOUND('',#3246,.F.);
#3246 = EDGE_LOOP('',(#3247,#3248,#3249,#3258,#3266,#3275,#3283,#3291,
    #3299,#3308,#3316,#3323));
#3247 = ORIENTED_EDGE('',*,*,#1698,.F.);
#3248 = ORIENTED_EDGE('',*,*,#1713,.T.);
#3249 = ORIENTED_EDGE('',*,*,#3250,.T.);
#3250 = EDGE_CURVE('',#1714,#3251,#3253,.T.);
#3251 = VERTEX_POINT('',#3252);
#3252 = CARTESIAN_POINT('',(1.249240387651,0.86,0.358682408883));
#3253 = CIRCLE('',#3254,5.E-02);
#3254 = AXIS2_PLACEMENT_3D('',#3255,#3256,#3257);
#3255 = CARTESIAN_POINT('',(1.2,0.86,0.35));
#3256 = DIRECTION('',(-1.110223024625E-16,1.,0.));
#3257 = DIRECTION('',(0.,0.,1.));
#3258 = ORIENTED_EDGE('',*,*,#3259,.T.);
#3259 = EDGE_CURVE('',#3251,#3260,#3262,.T.);
#3260 = VERTEX_POINT('',#3261);
#3261 = CARTESIAN_POINT('',(1.279487496504,0.86,0.165270364467));
#3262 = LINE('',#3263,#3264);
#3263 = CARTESIAN_POINT('',(1.249240387651,0.86,0.358682408883));
#3264 = VECTOR('',#3265,1.);
#3265 = DIRECTION('',(0.154508905503,1.715393443994E-17,-0.987991395772)
  );
#3266 = ORIENTED_EDGE('',*,*,#3267,.T.);
#3267 = EDGE_CURVE('',#3260,#3268,#3270,.T.);
#3268 = VERTEX_POINT('',#3269);
#3269 = CARTESIAN_POINT('',(1.476449047106,0.86,-2.775557561563E-17));
#3270 = CIRCLE('',#3271,0.2);
#3271 = AXIS2_PLACEMENT_3D('',#3272,#3273,#3274);
#3272 = CARTESIAN_POINT('',(1.476449047106,0.86,0.2));
#3273 = DIRECTION('',(1.110223024625E-16,-1.,0.));
#3274 = DIRECTION('',(-0.984807753012,-1.093356242223E-16,
    -0.173648177667));
#3275 = ORIENTED_EDGE('',*,*,#3276,.T.);
#3276 = EDGE_CURVE('',#3268,#3277,#3279,.T.);
#3277 = VERTEX_POINT('',#3278);
#3278 = CARTESIAN_POINT('',(1.55,0.86,-2.775557561563E-17));
#3279 = LINE('',#3280,#3281);
#3280 = CARTESIAN_POINT('',(1.476449047106,0.86,-2.775557561563E-17));
#3281 = VECTOR('',#3282,1.);
#3282 = DIRECTION('',(1.,1.110223024625E-16,0.));
#3283 = ORIENTED_EDGE('',*,*,#3284,.T.);
#3284 = EDGE_CURVE('',#3277,#3285,#3287,.T.);
#3285 = VERTEX_POINT('',#3286);
#3286 = CARTESIAN_POINT('',(1.55,0.86,0.15));
#3287 = LINE('',#3288,#3289);
#3288 = CARTESIAN_POINT('',(1.55,0.86,-2.775557561563E-17));
#3289 = VECTOR('',#3290,1.);
#3290 = DIRECTION('',(0.,0.,1.));
#3291 = ORIENTED_EDGE('',*,*,#3292,.T.);
#3292 = EDGE_CURVE('',#3285,#3293,#3295,.T.);
#3293 = VERTEX_POINT('',#3294);
#3294 = CARTESIAN_POINT('',(1.476449047106,0.86,0.15));
#3295 = LINE('',#3296,#3297);
#3296 = CARTESIAN_POINT('',(1.55,0.86,0.15));
#3297 = VECTOR('',#3298,1.);
#3298 = DIRECTION('',(-1.,-1.110223024625E-16,0.));
#3299 = ORIENTED_EDGE('',*,*,#3300,.T.);
#3300 = EDGE_CURVE('',#3293,#3301,#3303,.T.);
#3301 = VERTEX_POINT('',#3302);
#3302 = CARTESIAN_POINT('',(1.427208659456,0.86,0.191317591117));
#3303 = CIRCLE('',#3304,5.E-02);
#3304 = AXIS2_PLACEMENT_3D('',#3305,#3306,#3307);
#3305 = CARTESIAN_POINT('',(1.476449047106,0.86,0.2));
#3306 = DIRECTION('',(-1.110223024625E-16,1.,0.));
#3307 = DIRECTION('',(0.,0.,-1.));
#3308 = ORIENTED_EDGE('',*,*,#3309,.T.);
#3309 = EDGE_CURVE('',#3301,#3310,#3312,.T.);
#3310 = VERTEX_POINT('',#3311);
#3311 = CARTESIAN_POINT('',(1.396961550602,0.86,0.384729635533));
#3312 = LINE('',#3313,#3314);
#3313 = CARTESIAN_POINT('',(1.427208659456,0.86,0.191317591117));
#3314 = VECTOR('',#3315,1.);
#3315 = DIRECTION('',(-0.154508905503,-1.715393443994E-17,0.987991395772
    ));
#3316 = ORIENTED_EDGE('',*,*,#3317,.T.);
#3317 = EDGE_CURVE('',#3310,#2311,#3318,.T.);
#3318 = CIRCLE('',#3319,0.2);
#3319 = AXIS2_PLACEMENT_3D('',#3320,#3321,#3322);
#3320 = CARTESIAN_POINT('',(1.2,0.86,0.35));
#3321 = DIRECTION('',(1.110223024625E-16,-1.,0.));
#3322 = DIRECTION('',(0.984807753012,1.093356242223E-16,0.173648177667)
  );
#3323 = ORIENTED_EDGE('',*,*,#2310,.T.);
#3324 = PLANE('',#3325);
#3325 = AXIS2_PLACEMENT_3D('',#3326,#3327,#3328);
#3326 = CARTESIAN_POINT('',(1.311077541001,0.86,0.291705835417));
#3327 = DIRECTION('',(1.110223024625E-16,-1.,0.));
#3328 = DIRECTION('',(0.,0.,1.));
#3329 = ADVANCED_FACE('',(#3330),#3349,.F.);
#3330 = FACE_BOUND('',#3331,.F.);
#3331 = EDGE_LOOP('',(#3332,#3333,#3342,#3348));
#3332 = ORIENTED_EDGE('',*,*,#1730,.T.);
#3333 = ORIENTED_EDGE('',*,*,#3334,.T.);
#3334 = EDGE_CURVE('',#1723,#3335,#3337,.T.);
#3335 = VERTEX_POINT('',#3336);
#3336 = CARTESIAN_POINT('',(1.249240387651,0.64,0.358682408883));
#3337 = CIRCLE('',#3338,5.E-02);
#3338 = AXIS2_PLACEMENT_3D('',#3339,#3340,#3341);
#3339 = CARTESIAN_POINT('',(1.2,0.64,0.35));
#3340 = DIRECTION('',(-1.110223024625E-16,1.,0.));
#3341 = DIRECTION('',(0.,0.,1.));
#3342 = ORIENTED_EDGE('',*,*,#3343,.F.);
#3343 = EDGE_CURVE('',#3251,#3335,#3344,.T.);
#3344 = LINE('',#3345,#3346);
#3345 = CARTESIAN_POINT('',(1.249240387651,0.86,0.358682408883));
#3346 = VECTOR('',#3347,1.);
#3347 = DIRECTION('',(1.110223024625E-16,-1.,0.));
#3348 = ORIENTED_EDGE('',*,*,#3250,.F.);
#3349 = CYLINDRICAL_SURFACE('',#3350,5.E-02);
#3350 = AXIS2_PLACEMENT_3D('',#3351,#3352,#3353);
#3351 = CARTESIAN_POINT('',(1.2,0.86,0.35));
#3352 = DIRECTION('',(-1.110223024625E-16,1.,0.));
#3353 = DIRECTION('',(0.,0.,1.));
#3354 = ADVANCED_FACE('',(#3355),#3426,.T.);
#3355 = FACE_BOUND('',#3356,.T.);
#3356 = EDGE_LOOP('',(#3357,#3358,#3359,#3360,#3368,#3377,#3385,#3393,
    #3401,#3410,#3418,#3425));
#3357 = ORIENTED_EDGE('',*,*,#1744,.F.);
#3358 = ORIENTED_EDGE('',*,*,#1722,.T.);
#3359 = ORIENTED_EDGE('',*,*,#3334,.T.);
#3360 = ORIENTED_EDGE('',*,*,#3361,.T.);
#3361 = EDGE_CURVE('',#3335,#3362,#3364,.T.);
#3362 = VERTEX_POINT('',#3363);
#3363 = CARTESIAN_POINT('',(1.279487496504,0.64,0.165270364467));
#3364 = LINE('',#3365,#3366);
#3365 = CARTESIAN_POINT('',(1.249240387651,0.64,0.358682408883));
#3366 = VECTOR('',#3367,1.);
#3367 = DIRECTION('',(0.154508905503,1.715393443994E-17,-0.987991395772)
  );
#3368 = ORIENTED_EDGE('',*,*,#3369,.T.);
#3369 = EDGE_CURVE('',#3362,#3370,#3372,.T.);
#3370 = VERTEX_POINT('',#3371);
#3371 = CARTESIAN_POINT('',(1.476449047106,0.64,-2.775557561563E-17));
#3372 = CIRCLE('',#3373,0.2);
#3373 = AXIS2_PLACEMENT_3D('',#3374,#3375,#3376);
#3374 = CARTESIAN_POINT('',(1.476449047106,0.64,0.2));
#3375 = DIRECTION('',(1.110223024625E-16,-1.,0.));
#3376 = DIRECTION('',(-0.984807753012,-1.093356242223E-16,
    -0.173648177667));
#3377 = ORIENTED_EDGE('',*,*,#3378,.T.);
#3378 = EDGE_CURVE('',#3370,#3379,#3381,.T.);
#3379 = VERTEX_POINT('',#3380);
#3380 = CARTESIAN_POINT('',(1.55,0.64,-2.775557561563E-17));
#3381 = LINE('',#3382,#3383);
#3382 = CARTESIAN_POINT('',(1.476449047106,0.64,-2.775557561563E-17));
#3383 = VECTOR('',#3384,1.);
#3384 = DIRECTION('',(1.,1.110223024625E-16,0.));
#3385 = ORIENTED_EDGE('',*,*,#3386,.T.);
#3386 = EDGE_CURVE('',#3379,#3387,#3389,.T.);
#3387 = VERTEX_POINT('',#3388);
#3388 = CARTESIAN_POINT('',(1.55,0.64,0.15));
#3389 = LINE('',#3390,#3391);
#3390 = CARTESIAN_POINT('',(1.55,0.64,-2.775557561563E-17));
#3391 = VECTOR('',#3392,1.);
#3392 = DIRECTION('',(0.,0.,1.));
#3393 = ORIENTED_EDGE('',*,*,#3394,.T.);
#3394 = EDGE_CURVE('',#3387,#3395,#3397,.T.);
#3395 = VERTEX_POINT('',#3396);
#3396 = CARTESIAN_POINT('',(1.476449047106,0.64,0.15));
#3397 = LINE('',#3398,#3399);
#3398 = CARTESIAN_POINT('',(1.55,0.64,0.15));
#3399 = VECTOR('',#3400,1.);
#3400 = DIRECTION('',(-1.,-1.110223024625E-16,0.));
#3401 = ORIENTED_EDGE('',*,*,#3402,.T.);
#3402 = EDGE_CURVE('',#3395,#3403,#3405,.T.);
#3403 = VERTEX_POINT('',#3404);
#3404 = CARTESIAN_POINT('',(1.427208659456,0.64,0.191317591117));
#3405 = CIRCLE('',#3406,5.E-02);
#3406 = AXIS2_PLACEMENT_3D('',#3407,#3408,#3409);
#3407 = CARTESIAN_POINT('',(1.476449047106,0.64,0.2));
#3408 = DIRECTION('',(-1.110223024625E-16,1.,0.));
#3409 = DIRECTION('',(0.,0.,-1.));
#3410 = ORIENTED_EDGE('',*,*,#3411,.T.);
#3411 = EDGE_CURVE('',#3403,#3412,#3414,.T.);
#3412 = VERTEX_POINT('',#3413);
#3413 = CARTESIAN_POINT('',(1.396961550602,0.64,0.384729635533));
#3414 = LINE('',#3415,#3416);
#3415 = CARTESIAN_POINT('',(1.427208659456,0.64,0.191317591117));
#3416 = VECTOR('',#3417,1.);
#3417 = DIRECTION('',(-0.154508905503,-1.715393443994E-17,0.987991395772
    ));
#3418 = ORIENTED_EDGE('',*,*,#3419,.T.);
#3419 = EDGE_CURVE('',#3412,#2319,#3420,.T.);
#3420 = CIRCLE('',#3421,0.2);
#3421 = AXIS2_PLACEMENT_3D('',#3422,#3423,#3424);
#3422 = CARTESIAN_POINT('',(1.2,0.64,0.35));
#3423 = DIRECTION('',(1.110223024625E-16,-1.,0.));
#3424 = DIRECTION('',(0.984807753012,1.093356242223E-16,0.173648177667)
  );
#3425 = ORIENTED_EDGE('',*,*,#2326,.T.);
#3426 = PLANE('',#3427);
#3427 = AXIS2_PLACEMENT_3D('',#3428,#3429,#3430);
#3428 = CARTESIAN_POINT('',(1.311077541001,0.64,0.291705835417));
#3429 = DIRECTION('',(1.110223024625E-16,-1.,0.));
#3430 = DIRECTION('',(0.,0.,1.));
#3431 = ADVANCED_FACE('',(#3432),#3443,.F.);
#3432 = FACE_BOUND('',#3433,.F.);
#3433 = EDGE_LOOP('',(#3434,#3435,#3436,#3442));
#3434 = ORIENTED_EDGE('',*,*,#2332,.F.);
#3435 = ORIENTED_EDGE('',*,*,#1761,.T.);
#3436 = ORIENTED_EDGE('',*,*,#3437,.T.);
#3437 = EDGE_CURVE('',#1754,#2233,#3438,.T.);
#3438 = LINE('',#3439,#3440);
#3439 = CARTESIAN_POINT('',(1.2,0.36,0.55));
#3440 = VECTOR('',#3441,1.);
#3441 = DIRECTION('',(-1.,-1.110223024625E-16,0.));
#3442 = ORIENTED_EDGE('',*,*,#2232,.F.);
#3443 = PLANE('',#3444);
#3444 = AXIS2_PLACEMENT_3D('',#3445,#3446,#3447);
#3445 = CARTESIAN_POINT('',(-5.319436351458E-17,0.975,0.55));
#3446 = DIRECTION('',(-1.336794903956E-31,1.084683744679E-27,-1.));
#3447 = DIRECTION('',(1.,1.11414478245E-16,-1.336794903955E-31));
#3448 = ADVANCED_FACE('',(#3449),#3535,.F.);
#3449 = FACE_BOUND('',#3450,.F.);
#3450 = EDGE_LOOP('',(#3451,#3452,#3453,#3462,#3470,#3479,#3487,#3495,
    #3503,#3512,#3520,#3529));
#3451 = ORIENTED_EDGE('',*,*,#1753,.F.);
#3452 = ORIENTED_EDGE('',*,*,#1775,.T.);
#3453 = ORIENTED_EDGE('',*,*,#3454,.T.);
#3454 = EDGE_CURVE('',#1776,#3455,#3457,.T.);
#3455 = VERTEX_POINT('',#3456);
#3456 = CARTESIAN_POINT('',(1.249240387651,0.36,0.358682408883));
#3457 = CIRCLE('',#3458,5.E-02);
#3458 = AXIS2_PLACEMENT_3D('',#3459,#3460,#3461);
#3459 = CARTESIAN_POINT('',(1.2,0.36,0.35));
#3460 = DIRECTION('',(-1.110223024625E-16,1.,0.));
#3461 = DIRECTION('',(0.,0.,1.));
#3462 = ORIENTED_EDGE('',*,*,#3463,.T.);
#3463 = EDGE_CURVE('',#3455,#3464,#3466,.T.);
#3464 = VERTEX_POINT('',#3465);
#3465 = CARTESIAN_POINT('',(1.279487496504,0.36,0.165270364467));
#3466 = LINE('',#3467,#3468);
#3467 = CARTESIAN_POINT('',(1.249240387651,0.36,0.358682408883));
#3468 = VECTOR('',#3469,1.);
#3469 = DIRECTION('',(0.154508905503,1.715393443994E-17,-0.987991395772)
  );
#3470 = ORIENTED_EDGE('',*,*,#3471,.T.);
#3471 = EDGE_CURVE('',#3464,#3472,#3474,.T.);
#3472 = VERTEX_POINT('',#3473);
#3473 = CARTESIAN_POINT('',(1.476449047106,0.36,-2.775557561563E-17));
#3474 = CIRCLE('',#3475,0.2);
#3475 = AXIS2_PLACEMENT_3D('',#3476,#3477,#3478);
#3476 = CARTESIAN_POINT('',(1.476449047106,0.36,0.2));
#3477 = DIRECTION('',(1.110223024625E-16,-1.,0.));
#3478 = DIRECTION('',(-0.984807753012,-1.093356242223E-16,
    -0.173648177667));
#3479 = ORIENTED_EDGE('',*,*,#3480,.T.);
#3480 = EDGE_CURVE('',#3472,#3481,#3483,.T.);
#3481 = VERTEX_POINT('',#3482);
#3482 = CARTESIAN_POINT('',(1.55,0.36,-2.775557561563E-17));
#3483 = LINE('',#3484,#3485);
#3484 = CARTESIAN_POINT('',(1.476449047106,0.36,-2.775557561563E-17));
#3485 = VECTOR('',#3486,1.);
#3486 = DIRECTION('',(1.,1.110223024625E-16,0.));
#3487 = ORIENTED_EDGE('',*,*,#3488,.T.);
#3488 = EDGE_CURVE('',#3481,#3489,#3491,.T.);
#3489 = VERTEX_POINT('',#3490);
#3490 = CARTESIAN_POINT('',(1.55,0.36,0.15));
#3491 = LINE('',#3492,#3493);
#3492 = CARTESIAN_POINT('',(1.55,0.36,-2.775557561563E-17));
#3493 = VECTOR('',#3494,1.);
#3494 = DIRECTION('',(0.,0.,1.));
#3495 = ORIENTED_EDGE('',*,*,#3496,.T.);
#3496 = EDGE_CURVE('',#3489,#3497,#3499,.T.);
#3497 = VERTEX_POINT('',#3498);
#3498 = CARTESIAN_POINT('',(1.476449047106,0.36,0.15));
#3499 = LINE('',#3500,#3501);
#3500 = CARTESIAN_POINT('',(1.55,0.36,0.15));
#3501 = VECTOR('',#3502,1.);
#3502 = DIRECTION('',(-1.,-1.110223024625E-16,0.));
#3503 = ORIENTED_EDGE('',*,*,#3504,.T.);
#3504 = EDGE_CURVE('',#3497,#3505,#3507,.T.);
#3505 = VERTEX_POINT('',#3506);
#3506 = CARTESIAN_POINT('',(1.427208659456,0.36,0.191317591117));
#3507 = CIRCLE('',#3508,5.E-02);
#3508 = AXIS2_PLACEMENT_3D('',#3509,#3510,#3511);
#3509 = CARTESIAN_POINT('',(1.476449047106,0.36,0.2));
#3510 = DIRECTION('',(-1.110223024625E-16,1.,0.));
#3511 = DIRECTION('',(0.,0.,-1.));
#3512 = ORIENTED_EDGE('',*,*,#3513,.T.);
#3513 = EDGE_CURVE('',#3505,#3514,#3516,.T.);
#3514 = VERTEX_POINT('',#3515);
#3515 = CARTESIAN_POINT('',(1.396961550602,0.36,0.384729635533));
#3516 = LINE('',#3517,#3518);
#3517 = CARTESIAN_POINT('',(1.427208659456,0.36,0.191317591117));
#3518 = VECTOR('',#3519,1.);
#3519 = DIRECTION('',(-0.154508905503,-1.715393443994E-17,0.987991395772
    ));
#3520 = ORIENTED_EDGE('',*,*,#3521,.T.);
#3521 = EDGE_CURVE('',#3514,#3522,#3524,.T.);
#3522 = VERTEX_POINT('',#3523);
#3523 = CARTESIAN_POINT('',(1.2,0.36,0.55));
#3524 = CIRCLE('',#3525,0.2);
#3525 = AXIS2_PLACEMENT_3D('',#3526,#3527,#3528);
#3526 = CARTESIAN_POINT('',(1.2,0.36,0.35));
#3527 = DIRECTION('',(1.110223024625E-16,-1.,0.));
#3528 = DIRECTION('',(0.984807753012,1.093356242223E-16,0.173648177667)
  );
#3529 = ORIENTED_EDGE('',*,*,#3530,.T.);
#3530 = EDGE_CURVE('',#3522,#1754,#3531,.T.);
#3531 = LINE('',#3532,#3533);
#3532 = CARTESIAN_POINT('',(1.2,0.36,0.55));
#3533 = VECTOR('',#3534,1.);
#3534 = DIRECTION('',(-1.,-1.110223024625E-16,0.));
#3535 = PLANE('',#3536);
#3536 = AXIS2_PLACEMENT_3D('',#3537,#3538,#3539);
#3537 = CARTESIAN_POINT('',(1.311077541001,0.36,0.291705835417));
#3538 = DIRECTION('',(1.110223024625E-16,-1.,0.));
#3539 = DIRECTION('',(0.,0.,1.));
#3540 = ADVANCED_FACE('',(#3541),#3560,.F.);
#3541 = FACE_BOUND('',#3542,.F.);
#3542 = EDGE_LOOP('',(#3543,#3544,#3553,#3559));
#3543 = ORIENTED_EDGE('',*,*,#1792,.T.);
#3544 = ORIENTED_EDGE('',*,*,#3545,.T.);
#3545 = EDGE_CURVE('',#1785,#3546,#3548,.T.);
#3546 = VERTEX_POINT('',#3547);
#3547 = CARTESIAN_POINT('',(1.249240387651,0.14,0.358682408883));
#3548 = CIRCLE('',#3549,5.E-02);
#3549 = AXIS2_PLACEMENT_3D('',#3550,#3551,#3552);
#3550 = CARTESIAN_POINT('',(1.2,0.14,0.35));
#3551 = DIRECTION('',(-1.110223024625E-16,1.,0.));
#3552 = DIRECTION('',(0.,0.,1.));
#3553 = ORIENTED_EDGE('',*,*,#3554,.F.);
#3554 = EDGE_CURVE('',#3455,#3546,#3555,.T.);
#3555 = LINE('',#3556,#3557);
#3556 = CARTESIAN_POINT('',(1.249240387651,0.36,0.358682408883));
#3557 = VECTOR('',#3558,1.);
#3558 = DIRECTION('',(1.110223024625E-16,-1.,0.));
#3559 = ORIENTED_EDGE('',*,*,#3454,.F.);
#3560 = CYLINDRICAL_SURFACE('',#3561,5.E-02);
#3561 = AXIS2_PLACEMENT_3D('',#3562,#3563,#3564);
#3562 = CARTESIAN_POINT('',(1.2,0.36,0.35));
#3563 = DIRECTION('',(-1.110223024625E-16,1.,0.));
#3564 = DIRECTION('',(0.,0.,1.));
#3565 = ADVANCED_FACE('',(#3566),#3644,.T.);
#3566 = FACE_BOUND('',#3567,.T.);
#3567 = EDGE_LOOP('',(#3568,#3569,#3570,#3571,#3579,#3588,#3596,#3604,
    #3612,#3621,#3629,#3638));
#3568 = ORIENTED_EDGE('',*,*,#1806,.F.);
#3569 = ORIENTED_EDGE('',*,*,#1784,.T.);
#3570 = ORIENTED_EDGE('',*,*,#3545,.T.);
#3571 = ORIENTED_EDGE('',*,*,#3572,.T.);
#3572 = EDGE_CURVE('',#3546,#3573,#3575,.T.);
#3573 = VERTEX_POINT('',#3574);
#3574 = CARTESIAN_POINT('',(1.279487496504,0.14,0.165270364467));
#3575 = LINE('',#3576,#3577);
#3576 = CARTESIAN_POINT('',(1.249240387651,0.14,0.358682408883));
#3577 = VECTOR('',#3578,1.);
#3578 = DIRECTION('',(0.154508905503,1.715393443994E-17,-0.987991395772)
  );
#3579 = ORIENTED_EDGE('',*,*,#3580,.T.);
#3580 = EDGE_CURVE('',#3573,#3581,#3583,.T.);
#3581 = VERTEX_POINT('',#3582);
#3582 = CARTESIAN_POINT('',(1.476449047106,0.14,-2.775557561563E-17));
#3583 = CIRCLE('',#3584,0.2);
#3584 = AXIS2_PLACEMENT_3D('',#3585,#3586,#3587);
#3585 = CARTESIAN_POINT('',(1.476449047106,0.14,0.2));
#3586 = DIRECTION('',(1.110223024625E-16,-1.,0.));
#3587 = DIRECTION('',(-0.984807753012,-1.093356242223E-16,
    -0.173648177667));
#3588 = ORIENTED_EDGE('',*,*,#3589,.T.);
#3589 = EDGE_CURVE('',#3581,#3590,#3592,.T.);
#3590 = VERTEX_POINT('',#3591);
#3591 = CARTESIAN_POINT('',(1.55,0.14,-2.775557561563E-17));
#3592 = LINE('',#3593,#3594);
#3593 = CARTESIAN_POINT('',(1.476449047106,0.14,-2.775557561563E-17));
#3594 = VECTOR('',#3595,1.);
#3595 = DIRECTION('',(1.,1.110223024625E-16,0.));
#3596 = ORIENTED_EDGE('',*,*,#3597,.T.);
#3597 = EDGE_CURVE('',#3590,#3598,#3600,.T.);
#3598 = VERTEX_POINT('',#3599);
#3599 = CARTESIAN_POINT('',(1.55,0.14,0.15));
#3600 = LINE('',#3601,#3602);
#3601 = CARTESIAN_POINT('',(1.55,0.14,-2.775557561563E-17));
#3602 = VECTOR('',#3603,1.);
#3603 = DIRECTION('',(0.,0.,1.));
#3604 = ORIENTED_EDGE('',*,*,#3605,.T.);
#3605 = EDGE_CURVE('',#3598,#3606,#3608,.T.);
#3606 = VERTEX_POINT('',#3607);
#3607 = CARTESIAN_POINT('',(1.476449047106,0.14,0.15));
#3608 = LINE('',#3609,#3610);
#3609 = CARTESIAN_POINT('',(1.55,0.14,0.15));
#3610 = VECTOR('',#3611,1.);
#3611 = DIRECTION('',(-1.,-1.110223024625E-16,0.));
#3612 = ORIENTED_EDGE('',*,*,#3613,.T.);
#3613 = EDGE_CURVE('',#3606,#3614,#3616,.T.);
#3614 = VERTEX_POINT('',#3615);
#3615 = CARTESIAN_POINT('',(1.427208659456,0.14,0.191317591117));
#3616 = CIRCLE('',#3617,5.E-02);
#3617 = AXIS2_PLACEMENT_3D('',#3618,#3619,#3620);
#3618 = CARTESIAN_POINT('',(1.476449047106,0.14,0.2));
#3619 = DIRECTION('',(-1.110223024625E-16,1.,0.));
#3620 = DIRECTION('',(0.,0.,-1.));
#3621 = ORIENTED_EDGE('',*,*,#3622,.T.);
#3622 = EDGE_CURVE('',#3614,#3623,#3625,.T.);
#3623 = VERTEX_POINT('',#3624);
#3624 = CARTESIAN_POINT('',(1.396961550602,0.14,0.384729635533));
#3625 = LINE('',#3626,#3627);
#3626 = CARTESIAN_POINT('',(1.427208659456,0.14,0.191317591117));
#3627 = VECTOR('',#3628,1.);
#3628 = DIRECTION('',(-0.154508905503,-1.715393443994E-17,0.987991395772
    ));
#3629 = ORIENTED_EDGE('',*,*,#3630,.T.);
#3630 = EDGE_CURVE('',#3623,#3631,#3633,.T.);
#3631 = VERTEX_POINT('',#3632);
#3632 = CARTESIAN_POINT('',(1.2,0.14,0.55));
#3633 = CIRCLE('',#3634,0.2);
#3634 = AXIS2_PLACEMENT_3D('',#3635,#3636,#3637);
#3635 = CARTESIAN_POINT('',(1.2,0.14,0.35));
#3636 = DIRECTION('',(1.110223024625E-16,-1.,0.));
#3637 = DIRECTION('',(0.984807753012,1.093356242223E-16,0.173648177667)
  );
#3638 = ORIENTED_EDGE('',*,*,#3639,.T.);
#3639 = EDGE_CURVE('',#3631,#1807,#3640,.T.);
#3640 = LINE('',#3641,#3642);
#3641 = CARTESIAN_POINT('',(1.2,0.14,0.55));
#3642 = VECTOR('',#3643,1.);
#3643 = DIRECTION('',(-1.,-1.110223024625E-16,0.));
#3644 = PLANE('',#3645);
#3645 = AXIS2_PLACEMENT_3D('',#3646,#3647,#3648);
#3646 = CARTESIAN_POINT('',(1.311077541001,0.14,0.291705835417));
#3647 = DIRECTION('',(1.110223024625E-16,-1.,0.));
#3648 = DIRECTION('',(0.,0.,1.));
#3649 = ADVANCED_FACE('',(#3650),#3666,.F.);
#3650 = FACE_BOUND('',#3651,.F.);
#3651 = EDGE_LOOP('',(#3652,#3658,#3659,#3665));
#3652 = ORIENTED_EDGE('',*,*,#3653,.F.);
#3653 = EDGE_CURVE('',#1807,#2241,#3654,.T.);
#3654 = LINE('',#3655,#3656);
#3655 = CARTESIAN_POINT('',(1.2,0.14,0.55));
#3656 = VECTOR('',#3657,1.);
#3657 = DIRECTION('',(-1.,-1.110223024625E-16,0.));
#3658 = ORIENTED_EDGE('',*,*,#1823,.T.);
#3659 = ORIENTED_EDGE('',*,*,#3660,.T.);
#3660 = EDGE_CURVE('',#1816,#2249,#3661,.T.);
#3661 = LINE('',#3662,#3663);
#3662 = CARTESIAN_POINT('',(1.2,-0.14,0.55));
#3663 = VECTOR('',#3664,1.);
#3664 = DIRECTION('',(-1.,-1.110223024625E-16,0.));
#3665 = ORIENTED_EDGE('',*,*,#2248,.F.);
#3666 = PLANE('',#3667);
#3667 = AXIS2_PLACEMENT_3D('',#3668,#3669,#3670);
#3668 = CARTESIAN_POINT('',(-5.319436351458E-17,0.975,0.55));
#3669 = DIRECTION('',(-1.336794903956E-31,1.084683744679E-27,-1.));
#3670 = DIRECTION('',(1.,1.11414478245E-16,-1.336794903955E-31));
#3671 = ADVANCED_FACE('',(#3672),#3758,.F.);
#3672 = FACE_BOUND('',#3673,.F.);
#3673 = EDGE_LOOP('',(#3674,#3675,#3676,#3685,#3693,#3702,#3710,#3718,
    #3726,#3735,#3743,#3752));
#3674 = ORIENTED_EDGE('',*,*,#1815,.F.);
#3675 = ORIENTED_EDGE('',*,*,#1837,.T.);
#3676 = ORIENTED_EDGE('',*,*,#3677,.T.);
#3677 = EDGE_CURVE('',#1838,#3678,#3680,.T.);
#3678 = VERTEX_POINT('',#3679);
#3679 = CARTESIAN_POINT('',(1.249240387651,-0.14,0.358682408883));
#3680 = CIRCLE('',#3681,5.E-02);
#3681 = AXIS2_PLACEMENT_3D('',#3682,#3683,#3684);
#3682 = CARTESIAN_POINT('',(1.2,-0.14,0.35));
#3683 = DIRECTION('',(-1.110223024625E-16,1.,0.));
#3684 = DIRECTION('',(0.,0.,1.));
#3685 = ORIENTED_EDGE('',*,*,#3686,.T.);
#3686 = EDGE_CURVE('',#3678,#3687,#3689,.T.);
#3687 = VERTEX_POINT('',#3688);
#3688 = CARTESIAN_POINT('',(1.279487496504,-0.14,0.165270364467));
#3689 = LINE('',#3690,#3691);
#3690 = CARTESIAN_POINT('',(1.249240387651,-0.14,0.358682408883));
#3691 = VECTOR('',#3692,1.);
#3692 = DIRECTION('',(0.154508905503,1.715393443994E-17,-0.987991395772)
  );
#3693 = ORIENTED_EDGE('',*,*,#3694,.T.);
#3694 = EDGE_CURVE('',#3687,#3695,#3697,.T.);
#3695 = VERTEX_POINT('',#3696);
#3696 = CARTESIAN_POINT('',(1.476449047106,-0.14,-2.775557561563E-17));
#3697 = CIRCLE('',#3698,0.2);
#3698 = AXIS2_PLACEMENT_3D('',#3699,#3700,#3701);
#3699 = CARTESIAN_POINT('',(1.476449047106,-0.14,0.2));
#3700 = DIRECTION('',(1.110223024625E-16,-1.,0.));
#3701 = DIRECTION('',(-0.984807753012,-1.093356242223E-16,
    -0.173648177667));
#3702 = ORIENTED_EDGE('',*,*,#3703,.T.);
#3703 = EDGE_CURVE('',#3695,#3704,#3706,.T.);
#3704 = VERTEX_POINT('',#3705);
#3705 = CARTESIAN_POINT('',(1.55,-0.14,-2.775557561563E-17));
#3706 = LINE('',#3707,#3708);
#3707 = CARTESIAN_POINT('',(1.476449047106,-0.14,-2.775557561563E-17));
#3708 = VECTOR('',#3709,1.);
#3709 = DIRECTION('',(1.,1.110223024625E-16,0.));
#3710 = ORIENTED_EDGE('',*,*,#3711,.T.);
#3711 = EDGE_CURVE('',#3704,#3712,#3714,.T.);
#3712 = VERTEX_POINT('',#3713);
#3713 = CARTESIAN_POINT('',(1.55,-0.14,0.15));
#3714 = LINE('',#3715,#3716);
#3715 = CARTESIAN_POINT('',(1.55,-0.14,-2.775557561563E-17));
#3716 = VECTOR('',#3717,1.);
#3717 = DIRECTION('',(0.,0.,1.));
#3718 = ORIENTED_EDGE('',*,*,#3719,.T.);
#3719 = EDGE_CURVE('',#3712,#3720,#3722,.T.);
#3720 = VERTEX_POINT('',#3721);
#3721 = CARTESIAN_POINT('',(1.476449047106,-0.14,0.15));
#3722 = LINE('',#3723,#3724);
#3723 = CARTESIAN_POINT('',(1.55,-0.14,0.15));
#3724 = VECTOR('',#3725,1.);
#3725 = DIRECTION('',(-1.,-1.110223024625E-16,0.));
#3726 = ORIENTED_EDGE('',*,*,#3727,.T.);
#3727 = EDGE_CURVE('',#3720,#3728,#3730,.T.);
#3728 = VERTEX_POINT('',#3729);
#3729 = CARTESIAN_POINT('',(1.427208659456,-0.14,0.191317591117));
#3730 = CIRCLE('',#3731,5.E-02);
#3731 = AXIS2_PLACEMENT_3D('',#3732,#3733,#3734);
#3732 = CARTESIAN_POINT('',(1.476449047106,-0.14,0.2));
#3733 = DIRECTION('',(-1.110223024625E-16,1.,0.));
#3734 = DIRECTION('',(0.,0.,-1.));
#3735 = ORIENTED_EDGE('',*,*,#3736,.T.);
#3736 = EDGE_CURVE('',#3728,#3737,#3739,.T.);
#3737 = VERTEX_POINT('',#3738);
#3738 = CARTESIAN_POINT('',(1.396961550602,-0.14,0.384729635533));
#3739 = LINE('',#3740,#3741);
#3740 = CARTESIAN_POINT('',(1.427208659456,-0.14,0.191317591117));
#3741 = VECTOR('',#3742,1.);
#3742 = DIRECTION('',(-0.154508905503,-1.715393443994E-17,0.987991395772
    ));
#3743 = ORIENTED_EDGE('',*,*,#3744,.T.);
#3744 = EDGE_CURVE('',#3737,#3745,#3747,.T.);
#3745 = VERTEX_POINT('',#3746);
#3746 = CARTESIAN_POINT('',(1.2,-0.14,0.55));
#3747 = CIRCLE('',#3748,0.2);
#3748 = AXIS2_PLACEMENT_3D('',#3749,#3750,#3751);
#3749 = CARTESIAN_POINT('',(1.2,-0.14,0.35));
#3750 = DIRECTION('',(1.110223024625E-16,-1.,0.));
#3751 = DIRECTION('',(0.984807753012,1.093356242223E-16,0.173648177667)
  );
#3752 = ORIENTED_EDGE('',*,*,#3753,.T.);
#3753 = EDGE_CURVE('',#3745,#1816,#3754,.T.);
#3754 = LINE('',#3755,#3756);
#3755 = CARTESIAN_POINT('',(1.2,-0.14,0.55));
#3756 = VECTOR('',#3757,1.);
#3757 = DIRECTION('',(-1.,-1.110223024625E-16,0.));
#3758 = PLANE('',#3759);
#3759 = AXIS2_PLACEMENT_3D('',#3760,#3761,#3762);
#3760 = CARTESIAN_POINT('',(1.311077541001,-0.14,0.291705835417));
#3761 = DIRECTION('',(1.110223024625E-16,-1.,0.));
#3762 = DIRECTION('',(0.,0.,1.));
#3763 = ADVANCED_FACE('',(#3764),#3783,.F.);
#3764 = FACE_BOUND('',#3765,.F.);
#3765 = EDGE_LOOP('',(#3766,#3767,#3776,#3782));
#3766 = ORIENTED_EDGE('',*,*,#1854,.T.);
#3767 = ORIENTED_EDGE('',*,*,#3768,.T.);
#3768 = EDGE_CURVE('',#1847,#3769,#3771,.T.);
#3769 = VERTEX_POINT('',#3770);
#3770 = CARTESIAN_POINT('',(1.249240387651,-0.36,0.358682408883));
#3771 = CIRCLE('',#3772,5.E-02);
#3772 = AXIS2_PLACEMENT_3D('',#3773,#3774,#3775);
#3773 = CARTESIAN_POINT('',(1.2,-0.36,0.35));
#3774 = DIRECTION('',(-1.110223024625E-16,1.,0.));
#3775 = DIRECTION('',(0.,0.,1.));
#3776 = ORIENTED_EDGE('',*,*,#3777,.F.);
#3777 = EDGE_CURVE('',#3678,#3769,#3778,.T.);
#3778 = LINE('',#3779,#3780);
#3779 = CARTESIAN_POINT('',(1.249240387651,-0.14,0.358682408883));
#3780 = VECTOR('',#3781,1.);
#3781 = DIRECTION('',(1.110223024625E-16,-1.,0.));
#3782 = ORIENTED_EDGE('',*,*,#3677,.F.);
#3783 = CYLINDRICAL_SURFACE('',#3784,5.E-02);
#3784 = AXIS2_PLACEMENT_3D('',#3785,#3786,#3787);
#3785 = CARTESIAN_POINT('',(1.2,-0.14,0.35));
#3786 = DIRECTION('',(-1.110223024625E-16,1.,0.));
#3787 = DIRECTION('',(0.,0.,1.));
#3788 = ADVANCED_FACE('',(#3789),#3867,.T.);
#3789 = FACE_BOUND('',#3790,.T.);
#3790 = EDGE_LOOP('',(#3791,#3792,#3793,#3794,#3802,#3811,#3819,#3827,
    #3835,#3844,#3852,#3861));
#3791 = ORIENTED_EDGE('',*,*,#1868,.F.);
#3792 = ORIENTED_EDGE('',*,*,#1846,.T.);
#3793 = ORIENTED_EDGE('',*,*,#3768,.T.);
#3794 = ORIENTED_EDGE('',*,*,#3795,.T.);
#3795 = EDGE_CURVE('',#3769,#3796,#3798,.T.);
#3796 = VERTEX_POINT('',#3797);
#3797 = CARTESIAN_POINT('',(1.279487496504,-0.36,0.165270364467));
#3798 = LINE('',#3799,#3800);
#3799 = CARTESIAN_POINT('',(1.249240387651,-0.36,0.358682408883));
#3800 = VECTOR('',#3801,1.);
#3801 = DIRECTION('',(0.154508905503,1.715393443994E-17,-0.987991395772)
  );
#3802 = ORIENTED_EDGE('',*,*,#3803,.T.);
#3803 = EDGE_CURVE('',#3796,#3804,#3806,.T.);
#3804 = VERTEX_POINT('',#3805);
#3805 = CARTESIAN_POINT('',(1.476449047106,-0.36,-2.775557561563E-17));
#3806 = CIRCLE('',#3807,0.2);
#3807 = AXIS2_PLACEMENT_3D('',#3808,#3809,#3810);
#3808 = CARTESIAN_POINT('',(1.476449047106,-0.36,0.2));
#3809 = DIRECTION('',(1.110223024625E-16,-1.,0.));
#3810 = DIRECTION('',(-0.984807753012,-1.093356242223E-16,
    -0.173648177667));
#3811 = ORIENTED_EDGE('',*,*,#3812,.T.);
#3812 = EDGE_CURVE('',#3804,#3813,#3815,.T.);
#3813 = VERTEX_POINT('',#3814);
#3814 = CARTESIAN_POINT('',(1.55,-0.36,-2.775557561563E-17));
#3815 = LINE('',#3816,#3817);
#3816 = CARTESIAN_POINT('',(1.476449047106,-0.36,-2.775557561563E-17));
#3817 = VECTOR('',#3818,1.);
#3818 = DIRECTION('',(1.,1.110223024625E-16,0.));
#3819 = ORIENTED_EDGE('',*,*,#3820,.T.);
#3820 = EDGE_CURVE('',#3813,#3821,#3823,.T.);
#3821 = VERTEX_POINT('',#3822);
#3822 = CARTESIAN_POINT('',(1.55,-0.36,0.15));
#3823 = LINE('',#3824,#3825);
#3824 = CARTESIAN_POINT('',(1.55,-0.36,-2.775557561563E-17));
#3825 = VECTOR('',#3826,1.);
#3826 = DIRECTION('',(0.,0.,1.));
#3827 = ORIENTED_EDGE('',*,*,#3828,.T.);
#3828 = EDGE_CURVE('',#3821,#3829,#3831,.T.);
#3829 = VERTEX_POINT('',#3830);
#3830 = CARTESIAN_POINT('',(1.476449047106,-0.36,0.15));
#3831 = LINE('',#3832,#3833);
#3832 = CARTESIAN_POINT('',(1.55,-0.36,0.15));
#3833 = VECTOR('',#3834,1.);
#3834 = DIRECTION('',(-1.,-1.110223024625E-16,0.));
#3835 = ORIENTED_EDGE('',*,*,#3836,.T.);
#3836 = EDGE_CURVE('',#3829,#3837,#3839,.T.);
#3837 = VERTEX_POINT('',#3838);
#3838 = CARTESIAN_POINT('',(1.427208659456,-0.36,0.191317591117));
#3839 = CIRCLE('',#3840,5.E-02);
#3840 = AXIS2_PLACEMENT_3D('',#3841,#3842,#3843);
#3841 = CARTESIAN_POINT('',(1.476449047106,-0.36,0.2));
#3842 = DIRECTION('',(-1.110223024625E-16,1.,0.));
#3843 = DIRECTION('',(0.,0.,-1.));
#3844 = ORIENTED_EDGE('',*,*,#3845,.T.);
#3845 = EDGE_CURVE('',#3837,#3846,#3848,.T.);
#3846 = VERTEX_POINT('',#3847);
#3847 = CARTESIAN_POINT('',(1.396961550602,-0.36,0.384729635533));
#3848 = LINE('',#3849,#3850);
#3849 = CARTESIAN_POINT('',(1.427208659456,-0.36,0.191317591117));
#3850 = VECTOR('',#3851,1.);
#3851 = DIRECTION('',(-0.154508905503,-1.715393443994E-17,0.987991395772
    ));
#3852 = ORIENTED_EDGE('',*,*,#3853,.T.);
#3853 = EDGE_CURVE('',#3846,#3854,#3856,.T.);
#3854 = VERTEX_POINT('',#3855);
#3855 = CARTESIAN_POINT('',(1.2,-0.36,0.55));
#3856 = CIRCLE('',#3857,0.2);
#3857 = AXIS2_PLACEMENT_3D('',#3858,#3859,#3860);
#3858 = CARTESIAN_POINT('',(1.2,-0.36,0.35));
#3859 = DIRECTION('',(1.110223024625E-16,-1.,0.));
#3860 = DIRECTION('',(0.984807753012,1.093356242223E-16,0.173648177667)
  );
#3861 = ORIENTED_EDGE('',*,*,#3862,.T.);
#3862 = EDGE_CURVE('',#3854,#1869,#3863,.T.);
#3863 = LINE('',#3864,#3865);
#3864 = CARTESIAN_POINT('',(1.2,-0.36,0.55));
#3865 = VECTOR('',#3866,1.);
#3866 = DIRECTION('',(-1.,-1.110223024625E-16,0.));
#3867 = PLANE('',#3868);
#3868 = AXIS2_PLACEMENT_3D('',#3869,#3870,#3871);
#3869 = CARTESIAN_POINT('',(1.311077541001,-0.36,0.291705835417));
#3870 = DIRECTION('',(1.110223024625E-16,-1.,0.));
#3871 = DIRECTION('',(0.,0.,1.));
#3872 = ADVANCED_FACE('',(#3873),#3889,.F.);
#3873 = FACE_BOUND('',#3874,.F.);
#3874 = EDGE_LOOP('',(#3875,#3881,#3882,#3888));
#3875 = ORIENTED_EDGE('',*,*,#3876,.F.);
#3876 = EDGE_CURVE('',#1869,#2257,#3877,.T.);
#3877 = LINE('',#3878,#3879);
#3878 = CARTESIAN_POINT('',(1.2,-0.36,0.55));
#3879 = VECTOR('',#3880,1.);
#3880 = DIRECTION('',(-1.,-1.110223024625E-16,0.));
#3881 = ORIENTED_EDGE('',*,*,#1885,.T.);
#3882 = ORIENTED_EDGE('',*,*,#3883,.T.);
#3883 = EDGE_CURVE('',#1878,#2265,#3884,.T.);
#3884 = LINE('',#3885,#3886);
#3885 = CARTESIAN_POINT('',(1.2,-0.64,0.55));
#3886 = VECTOR('',#3887,1.);
#3887 = DIRECTION('',(-1.,-1.110223024625E-16,0.));
#3888 = ORIENTED_EDGE('',*,*,#2264,.F.);
#3889 = PLANE('',#3890);
#3890 = AXIS2_PLACEMENT_3D('',#3891,#3892,#3893);
#3891 = CARTESIAN_POINT('',(-5.319436351458E-17,0.975,0.55));
#3892 = DIRECTION('',(-1.336794903956E-31,1.084683744679E-27,-1.));
#3893 = DIRECTION('',(1.,1.11414478245E-16,-1.336794903955E-31));
#3894 = ADVANCED_FACE('',(#3895),#3981,.F.);
#3895 = FACE_BOUND('',#3896,.F.);
#3896 = EDGE_LOOP('',(#3897,#3898,#3899,#3908,#3916,#3925,#3933,#3941,
    #3949,#3958,#3966,#3975));
#3897 = ORIENTED_EDGE('',*,*,#1877,.F.);
#3898 = ORIENTED_EDGE('',*,*,#1899,.T.);
#3899 = ORIENTED_EDGE('',*,*,#3900,.T.);
#3900 = EDGE_CURVE('',#1900,#3901,#3903,.T.);
#3901 = VERTEX_POINT('',#3902);
#3902 = CARTESIAN_POINT('',(1.249240387651,-0.64,0.358682408883));
#3903 = CIRCLE('',#3904,5.E-02);
#3904 = AXIS2_PLACEMENT_3D('',#3905,#3906,#3907);
#3905 = CARTESIAN_POINT('',(1.2,-0.64,0.35));
#3906 = DIRECTION('',(-1.110223024625E-16,1.,0.));
#3907 = DIRECTION('',(0.,0.,1.));
#3908 = ORIENTED_EDGE('',*,*,#3909,.T.);
#3909 = EDGE_CURVE('',#3901,#3910,#3912,.T.);
#3910 = VERTEX_POINT('',#3911);
#3911 = CARTESIAN_POINT('',(1.279487496504,-0.64,0.165270364467));
#3912 = LINE('',#3913,#3914);
#3913 = CARTESIAN_POINT('',(1.249240387651,-0.64,0.358682408883));
#3914 = VECTOR('',#3915,1.);
#3915 = DIRECTION('',(0.154508905503,1.715393443994E-17,-0.987991395772)
  );
#3916 = ORIENTED_EDGE('',*,*,#3917,.T.);
#3917 = EDGE_CURVE('',#3910,#3918,#3920,.T.);
#3918 = VERTEX_POINT('',#3919);
#3919 = CARTESIAN_POINT('',(1.476449047106,-0.64,-2.775557561563E-17));
#3920 = CIRCLE('',#3921,0.2);
#3921 = AXIS2_PLACEMENT_3D('',#3922,#3923,#3924);
#3922 = CARTESIAN_POINT('',(1.476449047106,-0.64,0.2));
#3923 = DIRECTION('',(1.110223024625E-16,-1.,0.));
#3924 = DIRECTION('',(-0.984807753012,-1.093356242223E-16,
    -0.173648177667));
#3925 = ORIENTED_EDGE('',*,*,#3926,.T.);
#3926 = EDGE_CURVE('',#3918,#3927,#3929,.T.);
#3927 = VERTEX_POINT('',#3928);
#3928 = CARTESIAN_POINT('',(1.55,-0.64,-2.775557561563E-17));
#3929 = LINE('',#3930,#3931);
#3930 = CARTESIAN_POINT('',(1.476449047106,-0.64,-2.775557561563E-17));
#3931 = VECTOR('',#3932,1.);
#3932 = DIRECTION('',(1.,1.110223024625E-16,0.));
#3933 = ORIENTED_EDGE('',*,*,#3934,.T.);
#3934 = EDGE_CURVE('',#3927,#3935,#3937,.T.);
#3935 = VERTEX_POINT('',#3936);
#3936 = CARTESIAN_POINT('',(1.55,-0.64,0.15));
#3937 = LINE('',#3938,#3939);
#3938 = CARTESIAN_POINT('',(1.55,-0.64,-2.775557561563E-17));
#3939 = VECTOR('',#3940,1.);
#3940 = DIRECTION('',(0.,0.,1.));
#3941 = ORIENTED_EDGE('',*,*,#3942,.T.);
#3942 = EDGE_CURVE('',#3935,#3943,#3945,.T.);
#3943 = VERTEX_POINT('',#3944);
#3944 = CARTESIAN_POINT('',(1.476449047106,-0.64,0.15));
#3945 = LINE('',#3946,#3947);
#3946 = CARTESIAN_POINT('',(1.55,-0.64,0.15));
#3947 = VECTOR('',#3948,1.);
#3948 = DIRECTION('',(-1.,-1.110223024625E-16,0.));
#3949 = ORIENTED_EDGE('',*,*,#3950,.T.);
#3950 = EDGE_CURVE('',#3943,#3951,#3953,.T.);
#3951 = VERTEX_POINT('',#3952);
#3952 = CARTESIAN_POINT('',(1.427208659456,-0.64,0.191317591117));
#3953 = CIRCLE('',#3954,5.E-02);
#3954 = AXIS2_PLACEMENT_3D('',#3955,#3956,#3957);
#3955 = CARTESIAN_POINT('',(1.476449047106,-0.64,0.2));
#3956 = DIRECTION('',(-1.110223024625E-16,1.,0.));
#3957 = DIRECTION('',(0.,0.,-1.));
#3958 = ORIENTED_EDGE('',*,*,#3959,.T.);
#3959 = EDGE_CURVE('',#3951,#3960,#3962,.T.);
#3960 = VERTEX_POINT('',#3961);
#3961 = CARTESIAN_POINT('',(1.396961550602,-0.64,0.384729635533));
#3962 = LINE('',#3963,#3964);
#3963 = CARTESIAN_POINT('',(1.427208659456,-0.64,0.191317591117));
#3964 = VECTOR('',#3965,1.);
#3965 = DIRECTION('',(-0.154508905503,-1.715393443994E-17,0.987991395772
    ));
#3966 = ORIENTED_EDGE('',*,*,#3967,.T.);
#3967 = EDGE_CURVE('',#3960,#3968,#3970,.T.);
#3968 = VERTEX_POINT('',#3969);
#3969 = CARTESIAN_POINT('',(1.2,-0.64,0.55));
#3970 = CIRCLE('',#3971,0.2);
#3971 = AXIS2_PLACEMENT_3D('',#3972,#3973,#3974);
#3972 = CARTESIAN_POINT('',(1.2,-0.64,0.35));
#3973 = DIRECTION('',(1.110223024625E-16,-1.,0.));
#3974 = DIRECTION('',(0.984807753012,1.093356242223E-16,0.173648177667)
  );
#3975 = ORIENTED_EDGE('',*,*,#3976,.T.);
#3976 = EDGE_CURVE('',#3968,#1878,#3977,.T.);
#3977 = LINE('',#3978,#3979);
#3978 = CARTESIAN_POINT('',(1.2,-0.64,0.55));
#3979 = VECTOR('',#3980,1.);
#3980 = DIRECTION('',(-1.,-1.110223024625E-16,0.));
#3981 = PLANE('',#3982);
#3982 = AXIS2_PLACEMENT_3D('',#3983,#3984,#3985);
#3983 = CARTESIAN_POINT('',(1.311077541001,-0.64,0.291705835417));
#3984 = DIRECTION('',(1.110223024625E-16,-1.,0.));
#3985 = DIRECTION('',(0.,0.,1.));
#3986 = ADVANCED_FACE('',(#3987),#4006,.F.);
#3987 = FACE_BOUND('',#3988,.F.);
#3988 = EDGE_LOOP('',(#3989,#3990,#3999,#4005));
#3989 = ORIENTED_EDGE('',*,*,#1916,.T.);
#3990 = ORIENTED_EDGE('',*,*,#3991,.T.);
#3991 = EDGE_CURVE('',#1909,#3992,#3994,.T.);
#3992 = VERTEX_POINT('',#3993);
#3993 = CARTESIAN_POINT('',(1.249240387651,-0.86,0.358682408883));
#3994 = CIRCLE('',#3995,5.E-02);
#3995 = AXIS2_PLACEMENT_3D('',#3996,#3997,#3998);
#3996 = CARTESIAN_POINT('',(1.2,-0.86,0.35));
#3997 = DIRECTION('',(-1.110223024625E-16,1.,0.));
#3998 = DIRECTION('',(0.,0.,1.));
#3999 = ORIENTED_EDGE('',*,*,#4000,.F.);
#4000 = EDGE_CURVE('',#3901,#3992,#4001,.T.);
#4001 = LINE('',#4002,#4003);
#4002 = CARTESIAN_POINT('',(1.249240387651,-0.64,0.358682408883));
#4003 = VECTOR('',#4004,1.);
#4004 = DIRECTION('',(1.110223024625E-16,-1.,0.));
#4005 = ORIENTED_EDGE('',*,*,#3900,.F.);
#4006 = CYLINDRICAL_SURFACE('',#4007,5.E-02);
#4007 = AXIS2_PLACEMENT_3D('',#4008,#4009,#4010);
#4008 = CARTESIAN_POINT('',(1.2,-0.64,0.35));
#4009 = DIRECTION('',(-1.110223024625E-16,1.,0.));
#4010 = DIRECTION('',(0.,0.,1.));
#4011 = ADVANCED_FACE('',(#4012),#4090,.T.);
#4012 = FACE_BOUND('',#4013,.T.);
#4013 = EDGE_LOOP('',(#4014,#4015,#4016,#4017,#4025,#4034,#4042,#4050,
    #4058,#4067,#4075,#4084));
#4014 = ORIENTED_EDGE('',*,*,#1930,.F.);
#4015 = ORIENTED_EDGE('',*,*,#1908,.T.);
#4016 = ORIENTED_EDGE('',*,*,#3991,.T.);
#4017 = ORIENTED_EDGE('',*,*,#4018,.T.);
#4018 = EDGE_CURVE('',#3992,#4019,#4021,.T.);
#4019 = VERTEX_POINT('',#4020);
#4020 = CARTESIAN_POINT('',(1.279487496504,-0.86,0.165270364467));
#4021 = LINE('',#4022,#4023);
#4022 = CARTESIAN_POINT('',(1.249240387651,-0.86,0.358682408883));
#4023 = VECTOR('',#4024,1.);
#4024 = DIRECTION('',(0.154508905503,1.715393443994E-17,-0.987991395772)
  );
#4025 = ORIENTED_EDGE('',*,*,#4026,.T.);
#4026 = EDGE_CURVE('',#4019,#4027,#4029,.T.);
#4027 = VERTEX_POINT('',#4028);
#4028 = CARTESIAN_POINT('',(1.476449047106,-0.86,-2.775557561563E-17));
#4029 = CIRCLE('',#4030,0.2);
#4030 = AXIS2_PLACEMENT_3D('',#4031,#4032,#4033);
#4031 = CARTESIAN_POINT('',(1.476449047106,-0.86,0.2));
#4032 = DIRECTION('',(1.110223024625E-16,-1.,0.));
#4033 = DIRECTION('',(-0.984807753012,-1.093356242223E-16,
    -0.173648177667));
#4034 = ORIENTED_EDGE('',*,*,#4035,.T.);
#4035 = EDGE_CURVE('',#4027,#4036,#4038,.T.);
#4036 = VERTEX_POINT('',#4037);
#4037 = CARTESIAN_POINT('',(1.55,-0.86,-2.775557561563E-17));
#4038 = LINE('',#4039,#4040);
#4039 = CARTESIAN_POINT('',(1.476449047106,-0.86,-2.775557561563E-17));
#4040 = VECTOR('',#4041,1.);
#4041 = DIRECTION('',(1.,1.110223024625E-16,0.));
#4042 = ORIENTED_EDGE('',*,*,#4043,.T.);
#4043 = EDGE_CURVE('',#4036,#4044,#4046,.T.);
#4044 = VERTEX_POINT('',#4045);
#4045 = CARTESIAN_POINT('',(1.55,-0.86,0.15));
#4046 = LINE('',#4047,#4048);
#4047 = CARTESIAN_POINT('',(1.55,-0.86,-2.775557561563E-17));
#4048 = VECTOR('',#4049,1.);
#4049 = DIRECTION('',(0.,0.,1.));
#4050 = ORIENTED_EDGE('',*,*,#4051,.T.);
#4051 = EDGE_CURVE('',#4044,#4052,#4054,.T.);
#4052 = VERTEX_POINT('',#4053);
#4053 = CARTESIAN_POINT('',(1.476449047106,-0.86,0.15));
#4054 = LINE('',#4055,#4056);
#4055 = CARTESIAN_POINT('',(1.55,-0.86,0.15));
#4056 = VECTOR('',#4057,1.);
#4057 = DIRECTION('',(-1.,-1.110223024625E-16,0.));
#4058 = ORIENTED_EDGE('',*,*,#4059,.T.);
#4059 = EDGE_CURVE('',#4052,#4060,#4062,.T.);
#4060 = VERTEX_POINT('',#4061);
#4061 = CARTESIAN_POINT('',(1.427208659456,-0.86,0.191317591117));
#4062 = CIRCLE('',#4063,5.E-02);
#4063 = AXIS2_PLACEMENT_3D('',#4064,#4065,#4066);
#4064 = CARTESIAN_POINT('',(1.476449047106,-0.86,0.2));
#4065 = DIRECTION('',(-1.110223024625E-16,1.,0.));
#4066 = DIRECTION('',(0.,0.,-1.));
#4067 = ORIENTED_EDGE('',*,*,#4068,.T.);
#4068 = EDGE_CURVE('',#4060,#4069,#4071,.T.);
#4069 = VERTEX_POINT('',#4070);
#4070 = CARTESIAN_POINT('',(1.396961550602,-0.86,0.384729635533));
#4071 = LINE('',#4072,#4073);
#4072 = CARTESIAN_POINT('',(1.427208659456,-0.86,0.191317591117));
#4073 = VECTOR('',#4074,1.);
#4074 = DIRECTION('',(-0.154508905503,-1.715393443994E-17,0.987991395772
    ));
#4075 = ORIENTED_EDGE('',*,*,#4076,.T.);
#4076 = EDGE_CURVE('',#4069,#4077,#4079,.T.);
#4077 = VERTEX_POINT('',#4078);
#4078 = CARTESIAN_POINT('',(1.2,-0.86,0.55));
#4079 = CIRCLE('',#4080,0.2);
#4080 = AXIS2_PLACEMENT_3D('',#4081,#4082,#4083);
#4081 = CARTESIAN_POINT('',(1.2,-0.86,0.35));
#4082 = DIRECTION('',(1.110223024625E-16,-1.,0.));
#4083 = DIRECTION('',(0.984807753012,1.093356242223E-16,0.173648177667)
  );
#4084 = ORIENTED_EDGE('',*,*,#4085,.T.);
#4085 = EDGE_CURVE('',#4077,#1931,#4086,.T.);
#4086 = LINE('',#4087,#4088);
#4087 = CARTESIAN_POINT('',(1.2,-0.86,0.55));
#4088 = VECTOR('',#4089,1.);
#4089 = DIRECTION('',(-1.,-1.110223024625E-16,0.));
#4090 = PLANE('',#4091);
#4091 = AXIS2_PLACEMENT_3D('',#4092,#4093,#4094);
#4092 = CARTESIAN_POINT('',(1.311077541001,-0.86,0.291705835417));
#4093 = DIRECTION('',(1.110223024625E-16,-1.,0.));
#4094 = DIRECTION('',(0.,0.,1.));
#4095 = ADVANCED_FACE('',(#4096),#4107,.T.);
#4096 = FACE_BOUND('',#4097,.T.);
#4097 = EDGE_LOOP('',(#4098,#4099,#4100,#4101));
#4098 = ORIENTED_EDGE('',*,*,#3130,.T.);
#4099 = ORIENTED_EDGE('',*,*,#2031,.T.);
#4100 = ORIENTED_EDGE('',*,*,#3232,.F.);
#4101 = ORIENTED_EDGE('',*,*,#4102,.F.);
#4102 = EDGE_CURVE('',#3123,#3225,#4103,.T.);
#4103 = LINE('',#4104,#4105);
#4104 = CARTESIAN_POINT('',(-1.396961550602,0.64,0.384729635533));
#4105 = VECTOR('',#4106,1.);
#4106 = DIRECTION('',(1.144237745222E-17,1.,0.));
#4107 = CYLINDRICAL_SURFACE('',#4108,0.2);
#4108 = AXIS2_PLACEMENT_3D('',#4109,#4110,#4111);
#4109 = CARTESIAN_POINT('',(-1.2,0.64,0.35));
#4110 = DIRECTION('',(-1.144237745222E-17,-1.,0.));
#4111 = DIRECTION('',(-0.984807753012,1.126854202784E-17,0.173648177667)
  );
#4112 = ADVANCED_FACE('',(#4113),#4126,.F.);
#4113 = FACE_BOUND('',#4114,.F.);
#4114 = EDGE_LOOP('',(#4115,#4116,#4122,#4123,#4124,#4125));
#4115 = ORIENTED_EDGE('',*,*,#2475,.F.);
#4116 = ORIENTED_EDGE('',*,*,#4117,.T.);
#4117 = EDGE_CURVE('',#2467,#2576,#4118,.T.);
#4118 = LINE('',#4119,#4120);
#4119 = CARTESIAN_POINT('',(-1.2,-0.86,0.55));
#4120 = VECTOR('',#4121,1.);
#4121 = DIRECTION('',(1.144237745222E-17,1.,0.));
#4122 = ORIENTED_EDGE('',*,*,#2584,.T.);
#4123 = ORIENTED_EDGE('',*,*,#2606,.T.);
#4124 = ORIENTED_EDGE('',*,*,#2078,.F.);
#4125 = ORIENTED_EDGE('',*,*,#2349,.F.);
#4126 = PLANE('',#4127);
#4127 = AXIS2_PLACEMENT_3D('',#4128,#4129,#4130);
#4128 = CARTESIAN_POINT('',(-1.2,-0.86,0.55));
#4129 = DIRECTION('',(0.,0.,-1.));
#4130 = DIRECTION('',(1.,-1.144237745222E-17,0.));
#4131 = ADVANCED_FACE('',(#4132),#4145,.F.);
#4132 = FACE_BOUND('',#4133,.F.);
#4133 = EDGE_LOOP('',(#4134,#4135,#4141,#4142,#4143,#4144));
#4134 = ORIENTED_EDGE('',*,*,#2698,.F.);
#4135 = ORIENTED_EDGE('',*,*,#4136,.T.);
#4136 = EDGE_CURVE('',#2690,#2799,#4137,.T.);
#4137 = LINE('',#4138,#4139);
#4138 = CARTESIAN_POINT('',(-1.2,-0.36,0.55));
#4139 = VECTOR('',#4140,1.);
#4140 = DIRECTION('',(1.144237745222E-17,1.,0.));
#4141 = ORIENTED_EDGE('',*,*,#2807,.T.);
#4142 = ORIENTED_EDGE('',*,*,#2829,.T.);
#4143 = ORIENTED_EDGE('',*,*,#2094,.F.);
#4144 = ORIENTED_EDGE('',*,*,#2599,.F.);
#4145 = PLANE('',#4146);
#4146 = AXIS2_PLACEMENT_3D('',#4147,#4148,#4149);
#4147 = CARTESIAN_POINT('',(-1.2,-0.36,0.55));
#4148 = DIRECTION('',(0.,0.,-1.));
#4149 = DIRECTION('',(1.,-1.144237745222E-17,0.));
#4150 = ADVANCED_FACE('',(#4151),#4164,.F.);
#4151 = FACE_BOUND('',#4152,.F.);
#4152 = EDGE_LOOP('',(#4153,#4154,#4160,#4161,#4162,#4163));
#4153 = ORIENTED_EDGE('',*,*,#2921,.F.);
#4154 = ORIENTED_EDGE('',*,*,#4155,.T.);
#4155 = EDGE_CURVE('',#2913,#3022,#4156,.T.);
#4156 = LINE('',#4157,#4158);
#4157 = CARTESIAN_POINT('',(-1.2,0.14,0.55));
#4158 = VECTOR('',#4159,1.);
#4159 = DIRECTION('',(1.144237745222E-17,1.,0.));
#4160 = ORIENTED_EDGE('',*,*,#3030,.T.);
#4161 = ORIENTED_EDGE('',*,*,#3047,.T.);
#4162 = ORIENTED_EDGE('',*,*,#2110,.F.);
#4163 = ORIENTED_EDGE('',*,*,#2822,.F.);
#4164 = PLANE('',#4165);
#4165 = AXIS2_PLACEMENT_3D('',#4166,#4167,#4168);
#4166 = CARTESIAN_POINT('',(-1.2,0.14,0.55));
#4167 = DIRECTION('',(0.,0.,-1.));
#4168 = DIRECTION('',(1.,-1.144237745222E-17,0.));
#4169 = ADVANCED_FACE('',(#4170,#4199),#4210,.F.);
#4170 = FACE_BOUND('',#4171,.F.);
#4171 = EDGE_LOOP('',(#4172,#4173,#4174,#4175,#4183,#4191,#4197,#4198));
#4172 = ORIENTED_EDGE('',*,*,#2185,.T.);
#4173 = ORIENTED_EDGE('',*,*,#2208,.T.);
#4174 = ORIENTED_EDGE('',*,*,#2295,.T.);
#4175 = ORIENTED_EDGE('',*,*,#4176,.T.);
#4176 = EDGE_CURVE('',#2289,#4177,#4179,.T.);
#4177 = VERTEX_POINT('',#4178);
#4178 = CARTESIAN_POINT('',(1.003116515749,-0.886233031499,0.85));
#4179 = LINE('',#4180,#4181);
#4180 = CARTESIAN_POINT('',(1.036233031499,-0.853116515749,0.85));
#4181 = VECTOR('',#4182,1.);
#4182 = DIRECTION('',(-0.707106781187,-0.707106781187,0.));
#4183 = ORIENTED_EDGE('',*,*,#4184,.T.);
#4184 = EDGE_CURVE('',#4177,#4185,#4187,.T.);
#4185 = VERTEX_POINT('',#4186);
#4186 = CARTESIAN_POINT('',(-1.003116515749,-0.886233031499,0.85));
#4187 = LINE('',#4188,#4189);
#4188 = CARTESIAN_POINT('',(1.003116515749,-0.886233031499,0.85));
#4189 = VECTOR('',#4190,1.);
#4190 = DIRECTION('',(-1.,-1.110223024625E-16,0.));
#4191 = ORIENTED_EDGE('',*,*,#4192,.T.);
#4192 = EDGE_CURVE('',#4185,#2134,#4193,.T.);
#4193 = LINE('',#4194,#4195);
#4194 = CARTESIAN_POINT('',(-1.003116515749,-0.886233031499,0.85));
#4195 = VECTOR('',#4196,1.);
#4196 = DIRECTION('',(-0.707106781187,0.707106781187,0.));
#4197 = ORIENTED_EDGE('',*,*,#2133,.T.);
#4198 = ORIENTED_EDGE('',*,*,#2162,.T.);
#4199 = FACE_BOUND('',#4200,.F.);
#4200 = EDGE_LOOP('',(#4201));
#4201 = ORIENTED_EDGE('',*,*,#4202,.F.);
#4202 = EDGE_CURVE('',#4203,#4203,#4205,.T.);
#4203 = VERTEX_POINT('',#4204);
#4204 = CARTESIAN_POINT('',(-0.736233031499,0.461233031499,0.85));
#4205 = CIRCLE('',#4206,0.125);
#4206 = AXIS2_PLACEMENT_3D('',#4207,#4208,#4209);
#4207 = CARTESIAN_POINT('',(-0.736233031499,0.586233031499,0.85));
#4208 = DIRECTION('',(0.,-0.,-1.));
#4209 = DIRECTION('',(1.110223024625E-16,-1.,0.));
#4210 = PLANE('',#4211);
#4211 = AXIS2_PLACEMENT_3D('',#4212,#4213,#4214);
#4212 = CARTESIAN_POINT('',(-1.003116515749,0.886233031499,0.85));
#4213 = DIRECTION('',(0.,0.,-1.));
#4214 = DIRECTION('',(0.760851572006,-0.648925947529,0.));
#4215 = ADVANCED_FACE('',(#4216),#4226,.F.);
#4216 = FACE_BOUND('',#4217,.F.);
#4217 = EDGE_LOOP('',(#4218,#4219,#4220,#4221));
#4218 = ORIENTED_EDGE('',*,*,#2356,.T.);
#4219 = ORIENTED_EDGE('',*,*,#2141,.T.);
#4220 = ORIENTED_EDGE('',*,*,#4192,.F.);
#4221 = ORIENTED_EDGE('',*,*,#4222,.F.);
#4222 = EDGE_CURVE('',#2357,#4185,#4223,.T.);
#4223 = B_SPLINE_CURVE_WITH_KNOTS('',1,(#4224,#4225),.UNSPECIFIED.,.F.,
  .F.,(2,2),(0.,1.),.PIECEWISE_BEZIER_KNOTS.);
#4224 = CARTESIAN_POINT('',(-1.035,-0.95,0.55));
#4225 = CARTESIAN_POINT('',(-1.003116515749,-0.886233031499,0.85));
#4226 = B_SPLINE_SURFACE_WITH_KNOTS('',1,1,(
    (#4227,#4228)
    ,(#4229,#4230
    )),.UNSPECIFIED.,.F.,.F.,.F.,(2,2),(2,2),(0.,9.192388155425E-02),(0.
    ,1.),.PIECEWISE_BEZIER_KNOTS.);
#4227 = CARTESIAN_POINT('',(-1.035,-0.95,0.55));
#4228 = CARTESIAN_POINT('',(-1.003116515749,-0.886233031499,0.85));
#4229 = CARTESIAN_POINT('',(-1.1,-0.885,0.55));
#4230 = CARTESIAN_POINT('',(-1.036233031499,-0.853116515749,0.85));
#4231 = ADVANCED_FACE('',(#4232),#4245,.F.);
#4232 = FACE_BOUND('',#4233,.F.);
#4233 = EDGE_LOOP('',(#4234,#4235,#4241,#4242,#4243,#4244));
#4234 = ORIENTED_EDGE('',*,*,#3530,.F.);
#4235 = ORIENTED_EDGE('',*,*,#4236,.T.);
#4236 = EDGE_CURVE('',#3522,#3631,#4237,.T.);
#4237 = LINE('',#4238,#4239);
#4238 = CARTESIAN_POINT('',(1.2,0.36,0.55));
#4239 = VECTOR('',#4240,1.);
#4240 = DIRECTION('',(1.110223024625E-16,-1.,0.));
#4241 = ORIENTED_EDGE('',*,*,#3639,.T.);
#4242 = ORIENTED_EDGE('',*,*,#3653,.T.);
#4243 = ORIENTED_EDGE('',*,*,#2240,.F.);
#4244 = ORIENTED_EDGE('',*,*,#3437,.F.);
#4245 = PLANE('',#4246);
#4246 = AXIS2_PLACEMENT_3D('',#4247,#4248,#4249);
#4247 = CARTESIAN_POINT('',(1.2,0.36,0.55));
#4248 = DIRECTION('',(0.,0.,-1.));
#4249 = DIRECTION('',(-1.,-1.110223024625E-16,-0.));
#4250 = ADVANCED_FACE('',(#4251),#4264,.F.);
#4251 = FACE_BOUND('',#4252,.F.);
#4252 = EDGE_LOOP('',(#4253,#4254,#4260,#4261,#4262,#4263));
#4253 = ORIENTED_EDGE('',*,*,#3753,.F.);
#4254 = ORIENTED_EDGE('',*,*,#4255,.T.);
#4255 = EDGE_CURVE('',#3745,#3854,#4256,.T.);
#4256 = LINE('',#4257,#4258);
#4257 = CARTESIAN_POINT('',(1.2,-0.14,0.55));
#4258 = VECTOR('',#4259,1.);
#4259 = DIRECTION('',(1.110223024625E-16,-1.,0.));
#4260 = ORIENTED_EDGE('',*,*,#3862,.T.);
#4261 = ORIENTED_EDGE('',*,*,#3876,.T.);
#4262 = ORIENTED_EDGE('',*,*,#2256,.F.);
#4263 = ORIENTED_EDGE('',*,*,#3660,.F.);
#4264 = PLANE('',#4265);
#4265 = AXIS2_PLACEMENT_3D('',#4266,#4267,#4268);
#4266 = CARTESIAN_POINT('',(1.2,-0.14,0.55));
#4267 = DIRECTION('',(0.,0.,-1.));
#4268 = DIRECTION('',(-1.,-1.110223024625E-16,-0.));
#4269 = ADVANCED_FACE('',(#4270),#4283,.F.);
#4270 = FACE_BOUND('',#4271,.F.);
#4271 = EDGE_LOOP('',(#4272,#4273,#4279,#4280,#4281,#4282));
#4272 = ORIENTED_EDGE('',*,*,#3976,.F.);
#4273 = ORIENTED_EDGE('',*,*,#4274,.T.);
#4274 = EDGE_CURVE('',#3968,#4077,#4275,.T.);
#4275 = LINE('',#4276,#4277);
#4276 = CARTESIAN_POINT('',(1.2,-0.64,0.55));
#4277 = VECTOR('',#4278,1.);
#4278 = DIRECTION('',(1.110223024625E-16,-1.,0.));
#4279 = ORIENTED_EDGE('',*,*,#4085,.T.);
#4280 = ORIENTED_EDGE('',*,*,#2379,.T.);
#4281 = ORIENTED_EDGE('',*,*,#2272,.F.);
#4282 = ORIENTED_EDGE('',*,*,#3883,.F.);
#4283 = PLANE('',#4284);
#4284 = AXIS2_PLACEMENT_3D('',#4285,#4286,#4287);
#4285 = CARTESIAN_POINT('',(1.2,-0.64,0.55));
#4286 = DIRECTION('',(0.,0.,-1.));
#4287 = DIRECTION('',(-1.,-1.110223024625E-16,-0.));
#4288 = ADVANCED_FACE('',(#4289),#4299,.F.);
#4289 = FACE_BOUND('',#4290,.F.);
#4290 = EDGE_LOOP('',(#4291,#4292,#4297,#4298));
#4291 = ORIENTED_EDGE('',*,*,#2372,.T.);
#4292 = ORIENTED_EDGE('',*,*,#4293,.T.);
#4293 = EDGE_CURVE('',#2365,#4177,#4294,.T.);
#4294 = B_SPLINE_CURVE_WITH_KNOTS('',1,(#4295,#4296),.UNSPECIFIED.,.F.,
  .F.,(2,2),(0.,1.),.PIECEWISE_BEZIER_KNOTS.);
#4295 = CARTESIAN_POINT('',(1.035,-0.95,0.55));
#4296 = CARTESIAN_POINT('',(1.003116515749,-0.886233031499,0.85));
#4297 = ORIENTED_EDGE('',*,*,#4176,.F.);
#4298 = ORIENTED_EDGE('',*,*,#2288,.F.);
#4299 = B_SPLINE_SURFACE_WITH_KNOTS('',1,1,(
    (#4300,#4301)
    ,(#4302,#4303
    )),.UNSPECIFIED.,.F.,.F.,.F.,(2,2),(2,2),(0.,9.192388155425E-02),(0.
    ,1.),.PIECEWISE_BEZIER_KNOTS.);
#4300 = CARTESIAN_POINT('',(1.1,-0.885,0.55));
#4301 = CARTESIAN_POINT('',(1.036233031499,-0.853116515749,0.85));
#4302 = CARTESIAN_POINT('',(1.035,-0.95,0.55));
#4303 = CARTESIAN_POINT('',(1.003116515749,-0.886233031499,0.85));
#4304 = ADVANCED_FACE('',(#4305),#4316,.T.);
#4305 = FACE_BOUND('',#4306,.T.);
#4306 = EDGE_LOOP('',(#4307,#4308,#4309,#4310));
#4307 = ORIENTED_EDGE('',*,*,#3317,.T.);
#4308 = ORIENTED_EDGE('',*,*,#2318,.T.);
#4309 = ORIENTED_EDGE('',*,*,#3419,.F.);
#4310 = ORIENTED_EDGE('',*,*,#4311,.F.);
#4311 = EDGE_CURVE('',#3310,#3412,#4312,.T.);
#4312 = LINE('',#4313,#4314);
#4313 = CARTESIAN_POINT('',(1.396961550602,0.86,0.384729635533));
#4314 = VECTOR('',#4315,1.);
#4315 = DIRECTION('',(1.110223024625E-16,-1.,0.));
#4316 = CYLINDRICAL_SURFACE('',#4317,0.2);
#4317 = AXIS2_PLACEMENT_3D('',#4318,#4319,#4320);
#4318 = CARTESIAN_POINT('',(1.2,0.86,0.35));
#4319 = DIRECTION('',(-1.110223024625E-16,1.,0.));
#4320 = DIRECTION('',(0.984807753012,1.093356242223E-16,0.173648177667)
  );
#4321 = ADVANCED_FACE('',(#4322),#4328,.F.);
#4322 = FACE_BOUND('',#4323,.F.);
#4323 = EDGE_LOOP('',(#4324,#4325,#4326,#4327));
#4324 = ORIENTED_EDGE('',*,*,#2364,.T.);
#4325 = ORIENTED_EDGE('',*,*,#4222,.T.);
#4326 = ORIENTED_EDGE('',*,*,#4184,.F.);
#4327 = ORIENTED_EDGE('',*,*,#4293,.F.);
#4328 = B_SPLINE_SURFACE_WITH_KNOTS('',1,1,(
    (#4329,#4330)
    ,(#4331,#4332
    )),.UNSPECIFIED.,.F.,.F.,.F.,(2,2),(2,2),(0.,2.07),(0.,1.),
  .PIECEWISE_BEZIER_KNOTS.);
#4329 = CARTESIAN_POINT('',(1.035,-0.95,0.55));
#4330 = CARTESIAN_POINT('',(1.003116515749,-0.886233031499,0.85));
#4331 = CARTESIAN_POINT('',(-1.035,-0.95,0.55));
#4332 = CARTESIAN_POINT('',(-1.003116515749,-0.886233031499,0.85));
#4333 = ADVANCED_FACE('',(#4334),#4345,.T.);
#4334 = FACE_BOUND('',#4335,.T.);
#4335 = EDGE_LOOP('',(#4336,#4337,#4338,#4339));
#4336 = ORIENTED_EDGE('',*,*,#2466,.T.);
#4337 = ORIENTED_EDGE('',*,*,#4117,.T.);
#4338 = ORIENTED_EDGE('',*,*,#2575,.F.);
#4339 = ORIENTED_EDGE('',*,*,#4340,.F.);
#4340 = EDGE_CURVE('',#2459,#2568,#4341,.T.);
#4341 = LINE('',#4342,#4343);
#4342 = CARTESIAN_POINT('',(-1.396961550602,-0.86,0.384729635533));
#4343 = VECTOR('',#4344,1.);
#4344 = DIRECTION('',(1.144237745222E-17,1.,0.));
#4345 = CYLINDRICAL_SURFACE('',#4346,0.2);
#4346 = AXIS2_PLACEMENT_3D('',#4347,#4348,#4349);
#4347 = CARTESIAN_POINT('',(-1.2,-0.86,0.35));
#4348 = DIRECTION('',(-1.144237745222E-17,-1.,0.));
#4349 = DIRECTION('',(-0.984807753012,1.126854202784E-17,0.173648177667)
  );
#4350 = ADVANCED_FACE('',(#4351),#4362,.F.);
#4351 = FACE_BOUND('',#4352,.F.);
#4352 = EDGE_LOOP('',(#4353,#4359,#4360,#4361));
#4353 = ORIENTED_EDGE('',*,*,#4354,.T.);
#4354 = EDGE_CURVE('',#2450,#2559,#4355,.T.);
#4355 = LINE('',#4356,#4357);
#4356 = CARTESIAN_POINT('',(-1.427208659456,-0.86,0.191317591117));
#4357 = VECTOR('',#4358,1.);
#4358 = DIRECTION('',(1.144237745222E-17,1.,0.));
#4359 = ORIENTED_EDGE('',*,*,#2567,.T.);
#4360 = ORIENTED_EDGE('',*,*,#4340,.F.);
#4361 = ORIENTED_EDGE('',*,*,#2458,.F.);
#4362 = PLANE('',#4363);
#4363 = AXIS2_PLACEMENT_3D('',#4364,#4365,#4366);
#4364 = CARTESIAN_POINT('',(-1.427208659456,-0.86,0.191317591117));
#4365 = DIRECTION('',(0.987991395772,-1.130497046997E-17,-0.154508905503
    ));
#4366 = DIRECTION('',(0.154508905503,-1.767949216498E-18,0.987991395772)
  );
#4367 = ADVANCED_FACE('',(#4368),#4379,.F.);
#4368 = FACE_BOUND('',#4369,.F.);
#4369 = EDGE_LOOP('',(#4370,#4376,#4377,#4378));
#4370 = ORIENTED_EDGE('',*,*,#4371,.T.);
#4371 = EDGE_CURVE('',#2442,#2551,#4372,.T.);
#4372 = LINE('',#4373,#4374);
#4373 = CARTESIAN_POINT('',(-1.476449047106,-0.86,0.15));
#4374 = VECTOR('',#4375,1.);
#4375 = DIRECTION('',(1.144237745222E-17,1.,0.));
#4376 = ORIENTED_EDGE('',*,*,#2558,.T.);
#4377 = ORIENTED_EDGE('',*,*,#4354,.F.);
#4378 = ORIENTED_EDGE('',*,*,#2449,.F.);
#4379 = CYLINDRICAL_SURFACE('',#4380,5.E-02);
#4380 = AXIS2_PLACEMENT_3D('',#4381,#4382,#4383);
#4381 = CARTESIAN_POINT('',(-1.476449047106,-0.86,0.2));
#4382 = DIRECTION('',(-1.144237745222E-17,-1.,0.));
#4383 = DIRECTION('',(-0.,0.,-1.));
#4384 = ADVANCED_FACE('',(#4385),#4396,.F.);
#4385 = FACE_BOUND('',#4386,.F.);
#4386 = EDGE_LOOP('',(#4387,#4393,#4394,#4395));
#4387 = ORIENTED_EDGE('',*,*,#4388,.T.);
#4388 = EDGE_CURVE('',#2434,#2543,#4389,.T.);
#4389 = LINE('',#4390,#4391);
#4390 = CARTESIAN_POINT('',(-1.55,-0.86,0.15));
#4391 = VECTOR('',#4392,1.);
#4392 = DIRECTION('',(1.144237745222E-17,1.,0.));
#4393 = ORIENTED_EDGE('',*,*,#2550,.T.);
#4394 = ORIENTED_EDGE('',*,*,#4371,.F.);
#4395 = ORIENTED_EDGE('',*,*,#2441,.F.);
#4396 = PLANE('',#4397);
#4397 = AXIS2_PLACEMENT_3D('',#4398,#4399,#4400);
#4398 = CARTESIAN_POINT('',(-1.55,-0.86,0.15));
#4399 = DIRECTION('',(0.,0.,-1.));
#4400 = DIRECTION('',(1.,-1.144237745222E-17,0.));
#4401 = ADVANCED_FACE('',(#4402),#4413,.F.);
#4402 = FACE_BOUND('',#4403,.F.);
#4403 = EDGE_LOOP('',(#4404,#4410,#4411,#4412));
#4404 = ORIENTED_EDGE('',*,*,#4405,.T.);
#4405 = EDGE_CURVE('',#2426,#2535,#4406,.T.);
#4406 = LINE('',#4407,#4408);
#4407 = CARTESIAN_POINT('',(-1.55,-0.86,-2.775557561563E-17));
#4408 = VECTOR('',#4409,1.);
#4409 = DIRECTION('',(1.144237745222E-17,1.,0.));
#4410 = ORIENTED_EDGE('',*,*,#2542,.T.);
#4411 = ORIENTED_EDGE('',*,*,#4388,.F.);
#4412 = ORIENTED_EDGE('',*,*,#2433,.F.);
#4413 = PLANE('',#4414);
#4414 = AXIS2_PLACEMENT_3D('',#4415,#4416,#4417);
#4415 = CARTESIAN_POINT('',(-1.55,-0.86,-2.775557561563E-17));
#4416 = DIRECTION('',(1.,-1.144237745222E-17,0.));
#4417 = DIRECTION('',(0.,0.,1.));
#4418 = ADVANCED_FACE('',(#4419),#4430,.F.);
#4419 = FACE_BOUND('',#4420,.F.);
#4420 = EDGE_LOOP('',(#4421,#4427,#4428,#4429));
#4421 = ORIENTED_EDGE('',*,*,#4422,.T.);
#4422 = EDGE_CURVE('',#2417,#2526,#4423,.T.);
#4423 = LINE('',#4424,#4425);
#4424 = CARTESIAN_POINT('',(-1.476449047106,-0.86,-2.775557561563E-17));
#4425 = VECTOR('',#4426,1.);
#4426 = DIRECTION('',(1.144237745222E-17,1.,0.));
#4427 = ORIENTED_EDGE('',*,*,#2534,.T.);
#4428 = ORIENTED_EDGE('',*,*,#4405,.F.);
#4429 = ORIENTED_EDGE('',*,*,#2425,.F.);
#4430 = PLANE('',#4431);
#4431 = AXIS2_PLACEMENT_3D('',#4432,#4433,#4434);
#4432 = CARTESIAN_POINT('',(-1.476449047106,-0.86,-2.775557561563E-17));
#4433 = DIRECTION('',(0.,0.,1.));
#4434 = DIRECTION('',(-1.,1.144237745222E-17,0.));
#4435 = ADVANCED_FACE('',(#4436),#4447,.T.);
#4436 = FACE_BOUND('',#4437,.T.);
#4437 = EDGE_LOOP('',(#4438,#4439,#4440,#4441));
#4438 = ORIENTED_EDGE('',*,*,#2416,.T.);
#4439 = ORIENTED_EDGE('',*,*,#4422,.T.);
#4440 = ORIENTED_EDGE('',*,*,#2525,.F.);
#4441 = ORIENTED_EDGE('',*,*,#4442,.F.);
#4442 = EDGE_CURVE('',#2409,#2518,#4443,.T.);
#4443 = LINE('',#4444,#4445);
#4444 = CARTESIAN_POINT('',(-1.279487496504,-0.86,0.165270364467));
#4445 = VECTOR('',#4446,1.);
#4446 = DIRECTION('',(1.144237745222E-17,1.,0.));
#4447 = CYLINDRICAL_SURFACE('',#4448,0.2);
#4448 = AXIS2_PLACEMENT_3D('',#4449,#4450,#4451);
#4449 = CARTESIAN_POINT('',(-1.476449047106,-0.86,0.2));
#4450 = DIRECTION('',(-1.144237745222E-17,-1.,0.));
#4451 = DIRECTION('',(0.984807753012,-1.126854202784E-17,-0.173648177667
    ));
#4452 = ADVANCED_FACE('',(#4453),#4459,.F.);
#4453 = FACE_BOUND('',#4454,.F.);
#4454 = EDGE_LOOP('',(#4455,#4456,#4457,#4458));
#4455 = ORIENTED_EDGE('',*,*,#2499,.T.);
#4456 = ORIENTED_EDGE('',*,*,#2517,.T.);
#4457 = ORIENTED_EDGE('',*,*,#4442,.F.);
#4458 = ORIENTED_EDGE('',*,*,#2408,.F.);
#4459 = PLANE('',#4460);
#4460 = AXIS2_PLACEMENT_3D('',#4461,#4462,#4463);
#4461 = CARTESIAN_POINT('',(-1.249240387651,-0.86,0.358682408883));
#4462 = DIRECTION('',(-0.987991395772,1.130497046997E-17,0.154508905503)
  );
#4463 = DIRECTION('',(-0.154508905503,1.767949216498E-18,-0.987991395772
    ));
#4464 = ADVANCED_FACE('',(#4465),#4476,.T.);
#4465 = FACE_BOUND('',#4466,.T.);
#4466 = EDGE_LOOP('',(#4467,#4468,#4469,#4470));
#4467 = ORIENTED_EDGE('',*,*,#2689,.T.);
#4468 = ORIENTED_EDGE('',*,*,#4136,.T.);
#4469 = ORIENTED_EDGE('',*,*,#2798,.F.);
#4470 = ORIENTED_EDGE('',*,*,#4471,.F.);
#4471 = EDGE_CURVE('',#2682,#2791,#4472,.T.);
#4472 = LINE('',#4473,#4474);
#4473 = CARTESIAN_POINT('',(-1.396961550602,-0.36,0.384729635533));
#4474 = VECTOR('',#4475,1.);
#4475 = DIRECTION('',(1.144237745222E-17,1.,0.));
#4476 = CYLINDRICAL_SURFACE('',#4477,0.2);
#4477 = AXIS2_PLACEMENT_3D('',#4478,#4479,#4480);
#4478 = CARTESIAN_POINT('',(-1.2,-0.36,0.35));
#4479 = DIRECTION('',(-1.144237745222E-17,-1.,0.));
#4480 = DIRECTION('',(-0.984807753012,1.126854202784E-17,0.173648177667)
  );
#4481 = ADVANCED_FACE('',(#4482),#4493,.F.);
#4482 = FACE_BOUND('',#4483,.F.);
#4483 = EDGE_LOOP('',(#4484,#4490,#4491,#4492));
#4484 = ORIENTED_EDGE('',*,*,#4485,.T.);
#4485 = EDGE_CURVE('',#2673,#2782,#4486,.T.);
#4486 = LINE('',#4487,#4488);
#4487 = CARTESIAN_POINT('',(-1.427208659456,-0.36,0.191317591117));
#4488 = VECTOR('',#4489,1.);
#4489 = DIRECTION('',(1.144237745222E-17,1.,0.));
#4490 = ORIENTED_EDGE('',*,*,#2790,.T.);
#4491 = ORIENTED_EDGE('',*,*,#4471,.F.);
#4492 = ORIENTED_EDGE('',*,*,#2681,.F.);
#4493 = PLANE('',#4494);
#4494 = AXIS2_PLACEMENT_3D('',#4495,#4496,#4497);
#4495 = CARTESIAN_POINT('',(-1.427208659456,-0.36,0.191317591117));
#4496 = DIRECTION('',(0.987991395772,-1.130497046997E-17,-0.154508905503
    ));
#4497 = DIRECTION('',(0.154508905503,-1.767949216498E-18,0.987991395772)
  );
#4498 = ADVANCED_FACE('',(#4499),#4510,.F.);
#4499 = FACE_BOUND('',#4500,.F.);
#4500 = EDGE_LOOP('',(#4501,#4507,#4508,#4509));
#4501 = ORIENTED_EDGE('',*,*,#4502,.T.);
#4502 = EDGE_CURVE('',#2665,#2774,#4503,.T.);
#4503 = LINE('',#4504,#4505);
#4504 = CARTESIAN_POINT('',(-1.476449047106,-0.36,0.15));
#4505 = VECTOR('',#4506,1.);
#4506 = DIRECTION('',(1.144237745222E-17,1.,0.));
#4507 = ORIENTED_EDGE('',*,*,#2781,.T.);
#4508 = ORIENTED_EDGE('',*,*,#4485,.F.);
#4509 = ORIENTED_EDGE('',*,*,#2672,.F.);
#4510 = CYLINDRICAL_SURFACE('',#4511,5.E-02);
#4511 = AXIS2_PLACEMENT_3D('',#4512,#4513,#4514);
#4512 = CARTESIAN_POINT('',(-1.476449047106,-0.36,0.2));
#4513 = DIRECTION('',(-1.144237745222E-17,-1.,0.));
#4514 = DIRECTION('',(-0.,0.,-1.));
#4515 = ADVANCED_FACE('',(#4516),#4527,.F.);
#4516 = FACE_BOUND('',#4517,.F.);
#4517 = EDGE_LOOP('',(#4518,#4524,#4525,#4526));
#4518 = ORIENTED_EDGE('',*,*,#4519,.T.);
#4519 = EDGE_CURVE('',#2657,#2766,#4520,.T.);
#4520 = LINE('',#4521,#4522);
#4521 = CARTESIAN_POINT('',(-1.55,-0.36,0.15));
#4522 = VECTOR('',#4523,1.);
#4523 = DIRECTION('',(1.144237745222E-17,1.,0.));
#4524 = ORIENTED_EDGE('',*,*,#2773,.T.);
#4525 = ORIENTED_EDGE('',*,*,#4502,.F.);
#4526 = ORIENTED_EDGE('',*,*,#2664,.F.);
#4527 = PLANE('',#4528);
#4528 = AXIS2_PLACEMENT_3D('',#4529,#4530,#4531);
#4529 = CARTESIAN_POINT('',(-1.55,-0.36,0.15));
#4530 = DIRECTION('',(0.,0.,-1.));
#4531 = DIRECTION('',(1.,-1.144237745222E-17,0.));
#4532 = ADVANCED_FACE('',(#4533),#4544,.F.);
#4533 = FACE_BOUND('',#4534,.F.);
#4534 = EDGE_LOOP('',(#4535,#4541,#4542,#4543));
#4535 = ORIENTED_EDGE('',*,*,#4536,.T.);
#4536 = EDGE_CURVE('',#2649,#2758,#4537,.T.);
#4537 = LINE('',#4538,#4539);
#4538 = CARTESIAN_POINT('',(-1.55,-0.36,-2.775557561563E-17));
#4539 = VECTOR('',#4540,1.);
#4540 = DIRECTION('',(1.144237745222E-17,1.,0.));
#4541 = ORIENTED_EDGE('',*,*,#2765,.T.);
#4542 = ORIENTED_EDGE('',*,*,#4519,.F.);
#4543 = ORIENTED_EDGE('',*,*,#2656,.F.);
#4544 = PLANE('',#4545);
#4545 = AXIS2_PLACEMENT_3D('',#4546,#4547,#4548);
#4546 = CARTESIAN_POINT('',(-1.55,-0.36,-2.775557561563E-17));
#4547 = DIRECTION('',(1.,-1.144237745222E-17,0.));
#4548 = DIRECTION('',(0.,0.,1.));
#4549 = ADVANCED_FACE('',(#4550),#4561,.F.);
#4550 = FACE_BOUND('',#4551,.F.);
#4551 = EDGE_LOOP('',(#4552,#4558,#4559,#4560));
#4552 = ORIENTED_EDGE('',*,*,#4553,.T.);
#4553 = EDGE_CURVE('',#2640,#2749,#4554,.T.);
#4554 = LINE('',#4555,#4556);
#4555 = CARTESIAN_POINT('',(-1.476449047106,-0.36,-2.775557561563E-17));
#4556 = VECTOR('',#4557,1.);
#4557 = DIRECTION('',(1.144237745222E-17,1.,0.));
#4558 = ORIENTED_EDGE('',*,*,#2757,.T.);
#4559 = ORIENTED_EDGE('',*,*,#4536,.F.);
#4560 = ORIENTED_EDGE('',*,*,#2648,.F.);
#4561 = PLANE('',#4562);
#4562 = AXIS2_PLACEMENT_3D('',#4563,#4564,#4565);
#4563 = CARTESIAN_POINT('',(-1.476449047106,-0.36,-2.775557561563E-17));
#4564 = DIRECTION('',(0.,0.,1.));
#4565 = DIRECTION('',(-1.,1.144237745222E-17,0.));
#4566 = ADVANCED_FACE('',(#4567),#4578,.T.);
#4567 = FACE_BOUND('',#4568,.T.);
#4568 = EDGE_LOOP('',(#4569,#4570,#4571,#4572));
#4569 = ORIENTED_EDGE('',*,*,#2639,.T.);
#4570 = ORIENTED_EDGE('',*,*,#4553,.T.);
#4571 = ORIENTED_EDGE('',*,*,#2748,.F.);
#4572 = ORIENTED_EDGE('',*,*,#4573,.F.);
#4573 = EDGE_CURVE('',#2632,#2741,#4574,.T.);
#4574 = LINE('',#4575,#4576);
#4575 = CARTESIAN_POINT('',(-1.279487496504,-0.36,0.165270364467));
#4576 = VECTOR('',#4577,1.);
#4577 = DIRECTION('',(1.144237745222E-17,1.,0.));
#4578 = CYLINDRICAL_SURFACE('',#4579,0.2);
#4579 = AXIS2_PLACEMENT_3D('',#4580,#4581,#4582);
#4580 = CARTESIAN_POINT('',(-1.476449047106,-0.36,0.2));
#4581 = DIRECTION('',(-1.144237745222E-17,-1.,0.));
#4582 = DIRECTION('',(0.984807753012,-1.126854202784E-17,-0.173648177667
    ));
#4583 = ADVANCED_FACE('',(#4584),#4590,.F.);
#4584 = FACE_BOUND('',#4585,.F.);
#4585 = EDGE_LOOP('',(#4586,#4587,#4588,#4589));
#4586 = ORIENTED_EDGE('',*,*,#2722,.T.);
#4587 = ORIENTED_EDGE('',*,*,#2740,.T.);
#4588 = ORIENTED_EDGE('',*,*,#4573,.F.);
#4589 = ORIENTED_EDGE('',*,*,#2631,.F.);
#4590 = PLANE('',#4591);
#4591 = AXIS2_PLACEMENT_3D('',#4592,#4593,#4594);
#4592 = CARTESIAN_POINT('',(-1.249240387651,-0.36,0.358682408883));
#4593 = DIRECTION('',(-0.987991395772,1.130497046997E-17,0.154508905503)
  );
#4594 = DIRECTION('',(-0.154508905503,1.767949216498E-18,-0.987991395772
    ));
#4595 = ADVANCED_FACE('',(#4596),#4607,.T.);
#4596 = FACE_BOUND('',#4597,.T.);
#4597 = EDGE_LOOP('',(#4598,#4599,#4600,#4601));
#4598 = ORIENTED_EDGE('',*,*,#2912,.T.);
#4599 = ORIENTED_EDGE('',*,*,#4155,.T.);
#4600 = ORIENTED_EDGE('',*,*,#3021,.F.);
#4601 = ORIENTED_EDGE('',*,*,#4602,.F.);
#4602 = EDGE_CURVE('',#2905,#3014,#4603,.T.);
#4603 = LINE('',#4604,#4605);
#4604 = CARTESIAN_POINT('',(-1.396961550602,0.14,0.384729635533));
#4605 = VECTOR('',#4606,1.);
#4606 = DIRECTION('',(1.144237745222E-17,1.,0.));
#4607 = CYLINDRICAL_SURFACE('',#4608,0.2);
#4608 = AXIS2_PLACEMENT_3D('',#4609,#4610,#4611);
#4609 = CARTESIAN_POINT('',(-1.2,0.14,0.35));
#4610 = DIRECTION('',(-1.144237745222E-17,-1.,0.));
#4611 = DIRECTION('',(-0.984807753012,1.126854202784E-17,0.173648177667)
  );
#4612 = ADVANCED_FACE('',(#4613),#4624,.F.);
#4613 = FACE_BOUND('',#4614,.F.);
#4614 = EDGE_LOOP('',(#4615,#4621,#4622,#4623));
#4615 = ORIENTED_EDGE('',*,*,#4616,.T.);
#4616 = EDGE_CURVE('',#2896,#3005,#4617,.T.);
#4617 = LINE('',#4618,#4619);
#4618 = CARTESIAN_POINT('',(-1.427208659456,0.14,0.191317591117));
#4619 = VECTOR('',#4620,1.);
#4620 = DIRECTION('',(1.144237745222E-17,1.,0.));
#4621 = ORIENTED_EDGE('',*,*,#3013,.T.);
#4622 = ORIENTED_EDGE('',*,*,#4602,.F.);
#4623 = ORIENTED_EDGE('',*,*,#2904,.F.);
#4624 = PLANE('',#4625);
#4625 = AXIS2_PLACEMENT_3D('',#4626,#4627,#4628);
#4626 = CARTESIAN_POINT('',(-1.427208659456,0.14,0.191317591117));
#4627 = DIRECTION('',(0.987991395772,-1.130497046997E-17,-0.154508905503
    ));
#4628 = DIRECTION('',(0.154508905503,-1.767949216498E-18,0.987991395772)
  );
#4629 = ADVANCED_FACE('',(#4630),#4641,.F.);
#4630 = FACE_BOUND('',#4631,.F.);
#4631 = EDGE_LOOP('',(#4632,#4638,#4639,#4640));
#4632 = ORIENTED_EDGE('',*,*,#4633,.T.);
#4633 = EDGE_CURVE('',#2888,#2997,#4634,.T.);
#4634 = LINE('',#4635,#4636);
#4635 = CARTESIAN_POINT('',(-1.476449047106,0.14,0.15));
#4636 = VECTOR('',#4637,1.);
#4637 = DIRECTION('',(1.144237745222E-17,1.,0.));
#4638 = ORIENTED_EDGE('',*,*,#3004,.T.);
#4639 = ORIENTED_EDGE('',*,*,#4616,.F.);
#4640 = ORIENTED_EDGE('',*,*,#2895,.F.);
#4641 = CYLINDRICAL_SURFACE('',#4642,5.E-02);
#4642 = AXIS2_PLACEMENT_3D('',#4643,#4644,#4645);
#4643 = CARTESIAN_POINT('',(-1.476449047106,0.14,0.2));
#4644 = DIRECTION('',(-1.144237745222E-17,-1.,0.));
#4645 = DIRECTION('',(-0.,0.,-1.));
#4646 = ADVANCED_FACE('',(#4647),#4658,.F.);
#4647 = FACE_BOUND('',#4648,.F.);
#4648 = EDGE_LOOP('',(#4649,#4655,#4656,#4657));
#4649 = ORIENTED_EDGE('',*,*,#4650,.T.);
#4650 = EDGE_CURVE('',#2880,#2989,#4651,.T.);
#4651 = LINE('',#4652,#4653);
#4652 = CARTESIAN_POINT('',(-1.55,0.14,0.15));
#4653 = VECTOR('',#4654,1.);
#4654 = DIRECTION('',(1.144237745222E-17,1.,0.));
#4655 = ORIENTED_EDGE('',*,*,#2996,.T.);
#4656 = ORIENTED_EDGE('',*,*,#4633,.F.);
#4657 = ORIENTED_EDGE('',*,*,#2887,.F.);
#4658 = PLANE('',#4659);
#4659 = AXIS2_PLACEMENT_3D('',#4660,#4661,#4662);
#4660 = CARTESIAN_POINT('',(-1.55,0.14,0.15));
#4661 = DIRECTION('',(0.,0.,-1.));
#4662 = DIRECTION('',(1.,-1.144237745222E-17,0.));
#4663 = ADVANCED_FACE('',(#4664),#4675,.F.);
#4664 = FACE_BOUND('',#4665,.F.);
#4665 = EDGE_LOOP('',(#4666,#4672,#4673,#4674));
#4666 = ORIENTED_EDGE('',*,*,#4667,.T.);
#4667 = EDGE_CURVE('',#2872,#2981,#4668,.T.);
#4668 = LINE('',#4669,#4670);
#4669 = CARTESIAN_POINT('',(-1.55,0.14,-2.775557561563E-17));
#4670 = VECTOR('',#4671,1.);
#4671 = DIRECTION('',(1.144237745222E-17,1.,0.));
#4672 = ORIENTED_EDGE('',*,*,#2988,.T.);
#4673 = ORIENTED_EDGE('',*,*,#4650,.F.);
#4674 = ORIENTED_EDGE('',*,*,#2879,.F.);
#4675 = PLANE('',#4676);
#4676 = AXIS2_PLACEMENT_3D('',#4677,#4678,#4679);
#4677 = CARTESIAN_POINT('',(-1.55,0.14,-2.775557561563E-17));
#4678 = DIRECTION('',(1.,-1.144237745222E-17,0.));
#4679 = DIRECTION('',(0.,0.,1.));
#4680 = ADVANCED_FACE('',(#4681),#4692,.F.);
#4681 = FACE_BOUND('',#4682,.F.);
#4682 = EDGE_LOOP('',(#4683,#4689,#4690,#4691));
#4683 = ORIENTED_EDGE('',*,*,#4684,.T.);
#4684 = EDGE_CURVE('',#2863,#2972,#4685,.T.);
#4685 = LINE('',#4686,#4687);
#4686 = CARTESIAN_POINT('',(-1.476449047106,0.14,-2.775557561563E-17));
#4687 = VECTOR('',#4688,1.);
#4688 = DIRECTION('',(1.144237745222E-17,1.,0.));
#4689 = ORIENTED_EDGE('',*,*,#2980,.T.);
#4690 = ORIENTED_EDGE('',*,*,#4667,.F.);
#4691 = ORIENTED_EDGE('',*,*,#2871,.F.);
#4692 = PLANE('',#4693);
#4693 = AXIS2_PLACEMENT_3D('',#4694,#4695,#4696);
#4694 = CARTESIAN_POINT('',(-1.476449047106,0.14,-2.775557561563E-17));
#4695 = DIRECTION('',(0.,0.,1.));
#4696 = DIRECTION('',(-1.,1.144237745222E-17,0.));
#4697 = ADVANCED_FACE('',(#4698),#4709,.T.);
#4698 = FACE_BOUND('',#4699,.T.);
#4699 = EDGE_LOOP('',(#4700,#4701,#4702,#4703));
#4700 = ORIENTED_EDGE('',*,*,#2862,.T.);
#4701 = ORIENTED_EDGE('',*,*,#4684,.T.);
#4702 = ORIENTED_EDGE('',*,*,#2971,.F.);
#4703 = ORIENTED_EDGE('',*,*,#4704,.F.);
#4704 = EDGE_CURVE('',#2855,#2964,#4705,.T.);
#4705 = LINE('',#4706,#4707);
#4706 = CARTESIAN_POINT('',(-1.279487496504,0.14,0.165270364467));
#4707 = VECTOR('',#4708,1.);
#4708 = DIRECTION('',(1.144237745222E-17,1.,0.));
#4709 = CYLINDRICAL_SURFACE('',#4710,0.2);
#4710 = AXIS2_PLACEMENT_3D('',#4711,#4712,#4713);
#4711 = CARTESIAN_POINT('',(-1.476449047106,0.14,0.2));
#4712 = DIRECTION('',(-1.144237745222E-17,-1.,0.));
#4713 = DIRECTION('',(0.984807753012,-1.126854202784E-17,-0.173648177667
    ));
#4714 = ADVANCED_FACE('',(#4715),#4721,.F.);
#4715 = FACE_BOUND('',#4716,.F.);
#4716 = EDGE_LOOP('',(#4717,#4718,#4719,#4720));
#4717 = ORIENTED_EDGE('',*,*,#2945,.T.);
#4718 = ORIENTED_EDGE('',*,*,#2963,.T.);
#4719 = ORIENTED_EDGE('',*,*,#4704,.F.);
#4720 = ORIENTED_EDGE('',*,*,#2854,.F.);
#4721 = PLANE('',#4722);
#4722 = AXIS2_PLACEMENT_3D('',#4723,#4724,#4725);
#4723 = CARTESIAN_POINT('',(-1.249240387651,0.14,0.358682408883));
#4724 = DIRECTION('',(-0.987991395772,1.130497046997E-17,0.154508905503)
  );
#4725 = DIRECTION('',(-0.154508905503,1.767949216498E-18,-0.987991395772
    ));
#4726 = ADVANCED_FACE('',(#4727),#4738,.F.);
#4727 = FACE_BOUND('',#4728,.F.);
#4728 = EDGE_LOOP('',(#4729,#4735,#4736,#4737));
#4729 = ORIENTED_EDGE('',*,*,#4730,.T.);
#4730 = EDGE_CURVE('',#3114,#3216,#4731,.T.);
#4731 = LINE('',#4732,#4733);
#4732 = CARTESIAN_POINT('',(-1.427208659456,0.64,0.191317591117));
#4733 = VECTOR('',#4734,1.);
#4734 = DIRECTION('',(1.144237745222E-17,1.,0.));
#4735 = ORIENTED_EDGE('',*,*,#3224,.T.);
#4736 = ORIENTED_EDGE('',*,*,#4102,.F.);
#4737 = ORIENTED_EDGE('',*,*,#3122,.F.);
#4738 = PLANE('',#4739);
#4739 = AXIS2_PLACEMENT_3D('',#4740,#4741,#4742);
#4740 = CARTESIAN_POINT('',(-1.427208659456,0.64,0.191317591117));
#4741 = DIRECTION('',(0.987991395772,-1.130497046997E-17,-0.154508905503
    ));
#4742 = DIRECTION('',(0.154508905503,-1.767949216498E-18,0.987991395772)
  );
#4743 = ADVANCED_FACE('',(#4744),#4755,.F.);
#4744 = FACE_BOUND('',#4745,.F.);
#4745 = EDGE_LOOP('',(#4746,#4752,#4753,#4754));
#4746 = ORIENTED_EDGE('',*,*,#4747,.T.);
#4747 = EDGE_CURVE('',#3106,#3208,#4748,.T.);
#4748 = LINE('',#4749,#4750);
#4749 = CARTESIAN_POINT('',(-1.476449047106,0.64,0.15));
#4750 = VECTOR('',#4751,1.);
#4751 = DIRECTION('',(1.144237745222E-17,1.,0.));
#4752 = ORIENTED_EDGE('',*,*,#3215,.T.);
#4753 = ORIENTED_EDGE('',*,*,#4730,.F.);
#4754 = ORIENTED_EDGE('',*,*,#3113,.F.);
#4755 = CYLINDRICAL_SURFACE('',#4756,5.E-02);
#4756 = AXIS2_PLACEMENT_3D('',#4757,#4758,#4759);
#4757 = CARTESIAN_POINT('',(-1.476449047106,0.64,0.2));
#4758 = DIRECTION('',(-1.144237745222E-17,-1.,0.));
#4759 = DIRECTION('',(-0.,0.,-1.));
#4760 = ADVANCED_FACE('',(#4761),#4772,.F.);
#4761 = FACE_BOUND('',#4762,.F.);
#4762 = EDGE_LOOP('',(#4763,#4769,#4770,#4771));
#4763 = ORIENTED_EDGE('',*,*,#4764,.T.);
#4764 = EDGE_CURVE('',#3098,#3200,#4765,.T.);
#4765 = LINE('',#4766,#4767);
#4766 = CARTESIAN_POINT('',(-1.55,0.64,0.15));
#4767 = VECTOR('',#4768,1.);
#4768 = DIRECTION('',(1.144237745222E-17,1.,0.));
#4769 = ORIENTED_EDGE('',*,*,#3207,.T.);
#4770 = ORIENTED_EDGE('',*,*,#4747,.F.);
#4771 = ORIENTED_EDGE('',*,*,#3105,.F.);
#4772 = PLANE('',#4773);
#4773 = AXIS2_PLACEMENT_3D('',#4774,#4775,#4776);
#4774 = CARTESIAN_POINT('',(-1.55,0.64,0.15));
#4775 = DIRECTION('',(0.,0.,-1.));
#4776 = DIRECTION('',(1.,-1.144237745222E-17,0.));
#4777 = ADVANCED_FACE('',(#4778),#4789,.F.);
#4778 = FACE_BOUND('',#4779,.F.);
#4779 = EDGE_LOOP('',(#4780,#4786,#4787,#4788));
#4780 = ORIENTED_EDGE('',*,*,#4781,.T.);
#4781 = EDGE_CURVE('',#3090,#3192,#4782,.T.);
#4782 = LINE('',#4783,#4784);
#4783 = CARTESIAN_POINT('',(-1.55,0.64,-2.775557561563E-17));
#4784 = VECTOR('',#4785,1.);
#4785 = DIRECTION('',(1.144237745222E-17,1.,0.));
#4786 = ORIENTED_EDGE('',*,*,#3199,.T.);
#4787 = ORIENTED_EDGE('',*,*,#4764,.F.);
#4788 = ORIENTED_EDGE('',*,*,#3097,.F.);
#4789 = PLANE('',#4790);
#4790 = AXIS2_PLACEMENT_3D('',#4791,#4792,#4793);
#4791 = CARTESIAN_POINT('',(-1.55,0.64,-2.775557561563E-17));
#4792 = DIRECTION('',(1.,-1.144237745222E-17,0.));
#4793 = DIRECTION('',(0.,0.,1.));
#4794 = ADVANCED_FACE('',(#4795),#4806,.F.);
#4795 = FACE_BOUND('',#4796,.F.);
#4796 = EDGE_LOOP('',(#4797,#4803,#4804,#4805));
#4797 = ORIENTED_EDGE('',*,*,#4798,.T.);
#4798 = EDGE_CURVE('',#3081,#3183,#4799,.T.);
#4799 = LINE('',#4800,#4801);
#4800 = CARTESIAN_POINT('',(-1.476449047106,0.64,-2.775557561563E-17));
#4801 = VECTOR('',#4802,1.);
#4802 = DIRECTION('',(1.144237745222E-17,1.,0.));
#4803 = ORIENTED_EDGE('',*,*,#3191,.T.);
#4804 = ORIENTED_EDGE('',*,*,#4781,.F.);
#4805 = ORIENTED_EDGE('',*,*,#3089,.F.);
#4806 = PLANE('',#4807);
#4807 = AXIS2_PLACEMENT_3D('',#4808,#4809,#4810);
#4808 = CARTESIAN_POINT('',(-1.476449047106,0.64,-2.775557561563E-17));
#4809 = DIRECTION('',(0.,0.,1.));
#4810 = DIRECTION('',(-1.,1.144237745222E-17,0.));
#4811 = ADVANCED_FACE('',(#4812),#4823,.T.);
#4812 = FACE_BOUND('',#4813,.T.);
#4813 = EDGE_LOOP('',(#4814,#4815,#4816,#4817));
#4814 = ORIENTED_EDGE('',*,*,#3080,.T.);
#4815 = ORIENTED_EDGE('',*,*,#4798,.T.);
#4816 = ORIENTED_EDGE('',*,*,#3182,.F.);
#4817 = ORIENTED_EDGE('',*,*,#4818,.F.);
#4818 = EDGE_CURVE('',#3073,#3175,#4819,.T.);
#4819 = LINE('',#4820,#4821);
#4820 = CARTESIAN_POINT('',(-1.279487496504,0.64,0.165270364467));
#4821 = VECTOR('',#4822,1.);
#4822 = DIRECTION('',(1.144237745222E-17,1.,0.));
#4823 = CYLINDRICAL_SURFACE('',#4824,0.2);
#4824 = AXIS2_PLACEMENT_3D('',#4825,#4826,#4827);
#4825 = CARTESIAN_POINT('',(-1.476449047106,0.64,0.2));
#4826 = DIRECTION('',(-1.144237745222E-17,-1.,0.));
#4827 = DIRECTION('',(0.984807753012,-1.126854202784E-17,-0.173648177667
    ));
#4828 = ADVANCED_FACE('',(#4829),#4835,.F.);
#4829 = FACE_BOUND('',#4830,.F.);
#4830 = EDGE_LOOP('',(#4831,#4832,#4833,#4834));
#4831 = ORIENTED_EDGE('',*,*,#3156,.T.);
#4832 = ORIENTED_EDGE('',*,*,#3174,.T.);
#4833 = ORIENTED_EDGE('',*,*,#4818,.F.);
#4834 = ORIENTED_EDGE('',*,*,#3072,.F.);
#4835 = PLANE('',#4836);
#4836 = AXIS2_PLACEMENT_3D('',#4837,#4838,#4839);
#4837 = CARTESIAN_POINT('',(-1.249240387651,0.64,0.358682408883));
#4838 = DIRECTION('',(-0.987991395772,1.130497046997E-17,0.154508905503)
  );
#4839 = DIRECTION('',(-0.154508905503,1.767949216498E-18,-0.987991395772
    ));
#4840 = ADVANCED_FACE('',(#4841),#4852,.F.);
#4841 = FACE_BOUND('',#4842,.F.);
#4842 = EDGE_LOOP('',(#4843,#4849,#4850,#4851));
#4843 = ORIENTED_EDGE('',*,*,#4844,.T.);
#4844 = EDGE_CURVE('',#3301,#3403,#4845,.T.);
#4845 = LINE('',#4846,#4847);
#4846 = CARTESIAN_POINT('',(1.427208659456,0.86,0.191317591117));
#4847 = VECTOR('',#4848,1.);
#4848 = DIRECTION('',(1.110223024625E-16,-1.,0.));
#4849 = ORIENTED_EDGE('',*,*,#3411,.T.);
#4850 = ORIENTED_EDGE('',*,*,#4311,.F.);
#4851 = ORIENTED_EDGE('',*,*,#3309,.F.);
#4852 = PLANE('',#4853);
#4853 = AXIS2_PLACEMENT_3D('',#4854,#4855,#4856);
#4854 = CARTESIAN_POINT('',(1.427208659456,0.86,0.191317591117));
#4855 = DIRECTION('',(-0.987991395772,-1.096890795718E-16,
    -0.154508905503));
#4856 = DIRECTION('',(-0.154508905503,-1.715393443994E-17,0.987991395772
    ));
#4857 = ADVANCED_FACE('',(#4858),#4869,.F.);
#4858 = FACE_BOUND('',#4859,.F.);
#4859 = EDGE_LOOP('',(#4860,#4866,#4867,#4868));
#4860 = ORIENTED_EDGE('',*,*,#4861,.T.);
#4861 = EDGE_CURVE('',#3293,#3395,#4862,.T.);
#4862 = LINE('',#4863,#4864);
#4863 = CARTESIAN_POINT('',(1.476449047106,0.86,0.15));
#4864 = VECTOR('',#4865,1.);
#4865 = DIRECTION('',(1.110223024625E-16,-1.,0.));
#4866 = ORIENTED_EDGE('',*,*,#3402,.T.);
#4867 = ORIENTED_EDGE('',*,*,#4844,.F.);
#4868 = ORIENTED_EDGE('',*,*,#3300,.F.);
#4869 = CYLINDRICAL_SURFACE('',#4870,5.E-02);
#4870 = AXIS2_PLACEMENT_3D('',#4871,#4872,#4873);
#4871 = CARTESIAN_POINT('',(1.476449047106,0.86,0.2));
#4872 = DIRECTION('',(-1.110223024625E-16,1.,0.));
#4873 = DIRECTION('',(0.,0.,-1.));
#4874 = ADVANCED_FACE('',(#4875),#4886,.F.);
#4875 = FACE_BOUND('',#4876,.F.);
#4876 = EDGE_LOOP('',(#4877,#4883,#4884,#4885));
#4877 = ORIENTED_EDGE('',*,*,#4878,.T.);
#4878 = EDGE_CURVE('',#3285,#3387,#4879,.T.);
#4879 = LINE('',#4880,#4881);
#4880 = CARTESIAN_POINT('',(1.55,0.86,0.15));
#4881 = VECTOR('',#4882,1.);
#4882 = DIRECTION('',(1.110223024625E-16,-1.,0.));
#4883 = ORIENTED_EDGE('',*,*,#3394,.T.);
#4884 = ORIENTED_EDGE('',*,*,#4861,.F.);
#4885 = ORIENTED_EDGE('',*,*,#3292,.F.);
#4886 = PLANE('',#4887);
#4887 = AXIS2_PLACEMENT_3D('',#4888,#4889,#4890);
#4888 = CARTESIAN_POINT('',(1.55,0.86,0.15));
#4889 = DIRECTION('',(0.,0.,-1.));
#4890 = DIRECTION('',(-1.,-1.110223024625E-16,-0.));
#4891 = ADVANCED_FACE('',(#4892),#4903,.F.);
#4892 = FACE_BOUND('',#4893,.F.);
#4893 = EDGE_LOOP('',(#4894,#4900,#4901,#4902));
#4894 = ORIENTED_EDGE('',*,*,#4895,.T.);
#4895 = EDGE_CURVE('',#3277,#3379,#4896,.T.);
#4896 = LINE('',#4897,#4898);
#4897 = CARTESIAN_POINT('',(1.55,0.86,-2.775557561563E-17));
#4898 = VECTOR('',#4899,1.);
#4899 = DIRECTION('',(1.110223024625E-16,-1.,0.));
#4900 = ORIENTED_EDGE('',*,*,#3386,.T.);
#4901 = ORIENTED_EDGE('',*,*,#4878,.F.);
#4902 = ORIENTED_EDGE('',*,*,#3284,.F.);
#4903 = PLANE('',#4904);
#4904 = AXIS2_PLACEMENT_3D('',#4905,#4906,#4907);
#4905 = CARTESIAN_POINT('',(1.55,0.86,-2.775557561563E-17));
#4906 = DIRECTION('',(-1.,-1.110223024625E-16,0.));
#4907 = DIRECTION('',(0.,0.,1.));
#4908 = ADVANCED_FACE('',(#4909),#4920,.F.);
#4909 = FACE_BOUND('',#4910,.F.);
#4910 = EDGE_LOOP('',(#4911,#4917,#4918,#4919));
#4911 = ORIENTED_EDGE('',*,*,#4912,.T.);
#4912 = EDGE_CURVE('',#3268,#3370,#4913,.T.);
#4913 = LINE('',#4914,#4915);
#4914 = CARTESIAN_POINT('',(1.476449047106,0.86,-2.775557561563E-17));
#4915 = VECTOR('',#4916,1.);
#4916 = DIRECTION('',(1.110223024625E-16,-1.,0.));
#4917 = ORIENTED_EDGE('',*,*,#3378,.T.);
#4918 = ORIENTED_EDGE('',*,*,#4895,.F.);
#4919 = ORIENTED_EDGE('',*,*,#3276,.F.);
#4920 = PLANE('',#4921);
#4921 = AXIS2_PLACEMENT_3D('',#4922,#4923,#4924);
#4922 = CARTESIAN_POINT('',(1.476449047106,0.86,-2.775557561563E-17));
#4923 = DIRECTION('',(0.,0.,1.));
#4924 = DIRECTION('',(1.,1.110223024625E-16,-0.));
#4925 = ADVANCED_FACE('',(#4926),#4937,.T.);
#4926 = FACE_BOUND('',#4927,.T.);
#4927 = EDGE_LOOP('',(#4928,#4929,#4930,#4931));
#4928 = ORIENTED_EDGE('',*,*,#3267,.T.);
#4929 = ORIENTED_EDGE('',*,*,#4912,.T.);
#4930 = ORIENTED_EDGE('',*,*,#3369,.F.);
#4931 = ORIENTED_EDGE('',*,*,#4932,.F.);
#4932 = EDGE_CURVE('',#3260,#3362,#4933,.T.);
#4933 = LINE('',#4934,#4935);
#4934 = CARTESIAN_POINT('',(1.279487496504,0.86,0.165270364467));
#4935 = VECTOR('',#4936,1.);
#4936 = DIRECTION('',(1.110223024625E-16,-1.,0.));
#4937 = CYLINDRICAL_SURFACE('',#4938,0.2);
#4938 = AXIS2_PLACEMENT_3D('',#4939,#4940,#4941);
#4939 = CARTESIAN_POINT('',(1.476449047106,0.86,0.2));
#4940 = DIRECTION('',(-1.110223024625E-16,1.,0.));
#4941 = DIRECTION('',(-0.984807753012,-1.093356242223E-16,
    -0.173648177667));
#4942 = ADVANCED_FACE('',(#4943),#4949,.F.);
#4943 = FACE_BOUND('',#4944,.F.);
#4944 = EDGE_LOOP('',(#4945,#4946,#4947,#4948));
#4945 = ORIENTED_EDGE('',*,*,#3343,.T.);
#4946 = ORIENTED_EDGE('',*,*,#3361,.T.);
#4947 = ORIENTED_EDGE('',*,*,#4932,.F.);
#4948 = ORIENTED_EDGE('',*,*,#3259,.F.);
#4949 = PLANE('',#4950);
#4950 = AXIS2_PLACEMENT_3D('',#4951,#4952,#4953);
#4951 = CARTESIAN_POINT('',(1.249240387651,0.86,0.358682408883));
#4952 = DIRECTION('',(0.987991395772,1.096890795718E-16,0.154508905503)
  );
#4953 = DIRECTION('',(0.154508905503,1.715393443994E-17,-0.987991395772)
  );
#4954 = ADVANCED_FACE('',(#4955),#4966,.T.);
#4955 = FACE_BOUND('',#4956,.T.);
#4956 = EDGE_LOOP('',(#4957,#4958,#4959,#4960));
#4957 = ORIENTED_EDGE('',*,*,#3521,.T.);
#4958 = ORIENTED_EDGE('',*,*,#4236,.T.);
#4959 = ORIENTED_EDGE('',*,*,#3630,.F.);
#4960 = ORIENTED_EDGE('',*,*,#4961,.F.);
#4961 = EDGE_CURVE('',#3514,#3623,#4962,.T.);
#4962 = LINE('',#4963,#4964);
#4963 = CARTESIAN_POINT('',(1.396961550602,0.36,0.384729635533));
#4964 = VECTOR('',#4965,1.);
#4965 = DIRECTION('',(1.110223024625E-16,-1.,0.));
#4966 = CYLINDRICAL_SURFACE('',#4967,0.2);
#4967 = AXIS2_PLACEMENT_3D('',#4968,#4969,#4970);
#4968 = CARTESIAN_POINT('',(1.2,0.36,0.35));
#4969 = DIRECTION('',(-1.110223024625E-16,1.,0.));
#4970 = DIRECTION('',(0.984807753012,1.093356242223E-16,0.173648177667)
  );
#4971 = ADVANCED_FACE('',(#4972),#4983,.F.);
#4972 = FACE_BOUND('',#4973,.F.);
#4973 = EDGE_LOOP('',(#4974,#4980,#4981,#4982));
#4974 = ORIENTED_EDGE('',*,*,#4975,.T.);
#4975 = EDGE_CURVE('',#3505,#3614,#4976,.T.);
#4976 = LINE('',#4977,#4978);
#4977 = CARTESIAN_POINT('',(1.427208659456,0.36,0.191317591117));
#4978 = VECTOR('',#4979,1.);
#4979 = DIRECTION('',(1.110223024625E-16,-1.,0.));
#4980 = ORIENTED_EDGE('',*,*,#3622,.T.);
#4981 = ORIENTED_EDGE('',*,*,#4961,.F.);
#4982 = ORIENTED_EDGE('',*,*,#3513,.F.);
#4983 = PLANE('',#4984);
#4984 = AXIS2_PLACEMENT_3D('',#4985,#4986,#4987);
#4985 = CARTESIAN_POINT('',(1.427208659456,0.36,0.191317591117));
#4986 = DIRECTION('',(-0.987991395772,-1.096890795718E-16,
    -0.154508905503));
#4987 = DIRECTION('',(-0.154508905503,-1.715393443994E-17,0.987991395772
    ));
#4988 = ADVANCED_FACE('',(#4989),#5000,.F.);
#4989 = FACE_BOUND('',#4990,.F.);
#4990 = EDGE_LOOP('',(#4991,#4997,#4998,#4999));
#4991 = ORIENTED_EDGE('',*,*,#4992,.T.);
#4992 = EDGE_CURVE('',#3497,#3606,#4993,.T.);
#4993 = LINE('',#4994,#4995);
#4994 = CARTESIAN_POINT('',(1.476449047106,0.36,0.15));
#4995 = VECTOR('',#4996,1.);
#4996 = DIRECTION('',(1.110223024625E-16,-1.,0.));
#4997 = ORIENTED_EDGE('',*,*,#3613,.T.);
#4998 = ORIENTED_EDGE('',*,*,#4975,.F.);
#4999 = ORIENTED_EDGE('',*,*,#3504,.F.);
#5000 = CYLINDRICAL_SURFACE('',#5001,5.E-02);
#5001 = AXIS2_PLACEMENT_3D('',#5002,#5003,#5004);
#5002 = CARTESIAN_POINT('',(1.476449047106,0.36,0.2));
#5003 = DIRECTION('',(-1.110223024625E-16,1.,0.));
#5004 = DIRECTION('',(0.,0.,-1.));
#5005 = ADVANCED_FACE('',(#5006),#5017,.F.);
#5006 = FACE_BOUND('',#5007,.F.);
#5007 = EDGE_LOOP('',(#5008,#5014,#5015,#5016));
#5008 = ORIENTED_EDGE('',*,*,#5009,.T.);
#5009 = EDGE_CURVE('',#3489,#3598,#5010,.T.);
#5010 = LINE('',#5011,#5012);
#5011 = CARTESIAN_POINT('',(1.55,0.36,0.15));
#5012 = VECTOR('',#5013,1.);
#5013 = DIRECTION('',(1.110223024625E-16,-1.,0.));
#5014 = ORIENTED_EDGE('',*,*,#3605,.T.);
#5015 = ORIENTED_EDGE('',*,*,#4992,.F.);
#5016 = ORIENTED_EDGE('',*,*,#3496,.F.);
#5017 = PLANE('',#5018);
#5018 = AXIS2_PLACEMENT_3D('',#5019,#5020,#5021);
#5019 = CARTESIAN_POINT('',(1.55,0.36,0.15));
#5020 = DIRECTION('',(0.,0.,-1.));
#5021 = DIRECTION('',(-1.,-1.110223024625E-16,-0.));
#5022 = ADVANCED_FACE('',(#5023),#5034,.F.);
#5023 = FACE_BOUND('',#5024,.F.);
#5024 = EDGE_LOOP('',(#5025,#5031,#5032,#5033));
#5025 = ORIENTED_EDGE('',*,*,#5026,.T.);
#5026 = EDGE_CURVE('',#3481,#3590,#5027,.T.);
#5027 = LINE('',#5028,#5029);
#5028 = CARTESIAN_POINT('',(1.55,0.36,-2.775557561563E-17));
#5029 = VECTOR('',#5030,1.);
#5030 = DIRECTION('',(1.110223024625E-16,-1.,0.));
#5031 = ORIENTED_EDGE('',*,*,#3597,.T.);
#5032 = ORIENTED_EDGE('',*,*,#5009,.F.);
#5033 = ORIENTED_EDGE('',*,*,#3488,.F.);
#5034 = PLANE('',#5035);
#5035 = AXIS2_PLACEMENT_3D('',#5036,#5037,#5038);
#5036 = CARTESIAN_POINT('',(1.55,0.36,-2.775557561563E-17));
#5037 = DIRECTION('',(-1.,-1.110223024625E-16,0.));
#5038 = DIRECTION('',(0.,0.,1.));
#5039 = ADVANCED_FACE('',(#5040),#5051,.F.);
#5040 = FACE_BOUND('',#5041,.F.);
#5041 = EDGE_LOOP('',(#5042,#5048,#5049,#5050));
#5042 = ORIENTED_EDGE('',*,*,#5043,.T.);
#5043 = EDGE_CURVE('',#3472,#3581,#5044,.T.);
#5044 = LINE('',#5045,#5046);
#5045 = CARTESIAN_POINT('',(1.476449047106,0.36,-2.775557561563E-17));
#5046 = VECTOR('',#5047,1.);
#5047 = DIRECTION('',(1.110223024625E-16,-1.,0.));
#5048 = ORIENTED_EDGE('',*,*,#3589,.T.);
#5049 = ORIENTED_EDGE('',*,*,#5026,.F.);
#5050 = ORIENTED_EDGE('',*,*,#3480,.F.);
#5051 = PLANE('',#5052);
#5052 = AXIS2_PLACEMENT_3D('',#5053,#5054,#5055);
#5053 = CARTESIAN_POINT('',(1.476449047106,0.36,-2.775557561563E-17));
#5054 = DIRECTION('',(0.,0.,1.));
#5055 = DIRECTION('',(1.,1.110223024625E-16,-0.));
#5056 = ADVANCED_FACE('',(#5057),#5068,.T.);
#5057 = FACE_BOUND('',#5058,.T.);
#5058 = EDGE_LOOP('',(#5059,#5060,#5061,#5062));
#5059 = ORIENTED_EDGE('',*,*,#3471,.T.);
#5060 = ORIENTED_EDGE('',*,*,#5043,.T.);
#5061 = ORIENTED_EDGE('',*,*,#3580,.F.);
#5062 = ORIENTED_EDGE('',*,*,#5063,.F.);
#5063 = EDGE_CURVE('',#3464,#3573,#5064,.T.);
#5064 = LINE('',#5065,#5066);
#5065 = CARTESIAN_POINT('',(1.279487496504,0.36,0.165270364467));
#5066 = VECTOR('',#5067,1.);
#5067 = DIRECTION('',(1.110223024625E-16,-1.,0.));
#5068 = CYLINDRICAL_SURFACE('',#5069,0.2);
#5069 = AXIS2_PLACEMENT_3D('',#5070,#5071,#5072);
#5070 = CARTESIAN_POINT('',(1.476449047106,0.36,0.2));
#5071 = DIRECTION('',(-1.110223024625E-16,1.,0.));
#5072 = DIRECTION('',(-0.984807753012,-1.093356242223E-16,
    -0.173648177667));
#5073 = ADVANCED_FACE('',(#5074),#5080,.F.);
#5074 = FACE_BOUND('',#5075,.F.);
#5075 = EDGE_LOOP('',(#5076,#5077,#5078,#5079));
#5076 = ORIENTED_EDGE('',*,*,#3554,.T.);
#5077 = ORIENTED_EDGE('',*,*,#3572,.T.);
#5078 = ORIENTED_EDGE('',*,*,#5063,.F.);
#5079 = ORIENTED_EDGE('',*,*,#3463,.F.);
#5080 = PLANE('',#5081);
#5081 = AXIS2_PLACEMENT_3D('',#5082,#5083,#5084);
#5082 = CARTESIAN_POINT('',(1.249240387651,0.36,0.358682408883));
#5083 = DIRECTION('',(0.987991395772,1.096890795718E-16,0.154508905503)
  );
#5084 = DIRECTION('',(0.154508905503,1.715393443994E-17,-0.987991395772)
  );
#5085 = ADVANCED_FACE('',(#5086),#5097,.T.);
#5086 = FACE_BOUND('',#5087,.T.);
#5087 = EDGE_LOOP('',(#5088,#5089,#5090,#5091));
#5088 = ORIENTED_EDGE('',*,*,#3744,.T.);
#5089 = ORIENTED_EDGE('',*,*,#4255,.T.);
#5090 = ORIENTED_EDGE('',*,*,#3853,.F.);
#5091 = ORIENTED_EDGE('',*,*,#5092,.F.);
#5092 = EDGE_CURVE('',#3737,#3846,#5093,.T.);
#5093 = LINE('',#5094,#5095);
#5094 = CARTESIAN_POINT('',(1.396961550602,-0.14,0.384729635533));
#5095 = VECTOR('',#5096,1.);
#5096 = DIRECTION('',(1.110223024625E-16,-1.,0.));
#5097 = CYLINDRICAL_SURFACE('',#5098,0.2);
#5098 = AXIS2_PLACEMENT_3D('',#5099,#5100,#5101);
#5099 = CARTESIAN_POINT('',(1.2,-0.14,0.35));
#5100 = DIRECTION('',(-1.110223024625E-16,1.,0.));
#5101 = DIRECTION('',(0.984807753012,1.093356242223E-16,0.173648177667)
  );
#5102 = ADVANCED_FACE('',(#5103),#5114,.F.);
#5103 = FACE_BOUND('',#5104,.F.);
#5104 = EDGE_LOOP('',(#5105,#5111,#5112,#5113));
#5105 = ORIENTED_EDGE('',*,*,#5106,.T.);
#5106 = EDGE_CURVE('',#3728,#3837,#5107,.T.);
#5107 = LINE('',#5108,#5109);
#5108 = CARTESIAN_POINT('',(1.427208659456,-0.14,0.191317591117));
#5109 = VECTOR('',#5110,1.);
#5110 = DIRECTION('',(1.110223024625E-16,-1.,0.));
#5111 = ORIENTED_EDGE('',*,*,#3845,.T.);
#5112 = ORIENTED_EDGE('',*,*,#5092,.F.);
#5113 = ORIENTED_EDGE('',*,*,#3736,.F.);
#5114 = PLANE('',#5115);
#5115 = AXIS2_PLACEMENT_3D('',#5116,#5117,#5118);
#5116 = CARTESIAN_POINT('',(1.427208659456,-0.14,0.191317591117));
#5117 = DIRECTION('',(-0.987991395772,-1.096890795718E-16,
    -0.154508905503));
#5118 = DIRECTION('',(-0.154508905503,-1.715393443994E-17,0.987991395772
    ));
#5119 = ADVANCED_FACE('',(#5120),#5131,.F.);
#5120 = FACE_BOUND('',#5121,.F.);
#5121 = EDGE_LOOP('',(#5122,#5128,#5129,#5130));
#5122 = ORIENTED_EDGE('',*,*,#5123,.T.);
#5123 = EDGE_CURVE('',#3720,#3829,#5124,.T.);
#5124 = LINE('',#5125,#5126);
#5125 = CARTESIAN_POINT('',(1.476449047106,-0.14,0.15));
#5126 = VECTOR('',#5127,1.);
#5127 = DIRECTION('',(1.110223024625E-16,-1.,0.));
#5128 = ORIENTED_EDGE('',*,*,#3836,.T.);
#5129 = ORIENTED_EDGE('',*,*,#5106,.F.);
#5130 = ORIENTED_EDGE('',*,*,#3727,.F.);
#5131 = CYLINDRICAL_SURFACE('',#5132,5.E-02);
#5132 = AXIS2_PLACEMENT_3D('',#5133,#5134,#5135);
#5133 = CARTESIAN_POINT('',(1.476449047106,-0.14,0.2));
#5134 = DIRECTION('',(-1.110223024625E-16,1.,0.));
#5135 = DIRECTION('',(0.,0.,-1.));
#5136 = ADVANCED_FACE('',(#5137),#5148,.F.);
#5137 = FACE_BOUND('',#5138,.F.);
#5138 = EDGE_LOOP('',(#5139,#5145,#5146,#5147));
#5139 = ORIENTED_EDGE('',*,*,#5140,.T.);
#5140 = EDGE_CURVE('',#3712,#3821,#5141,.T.);
#5141 = LINE('',#5142,#5143);
#5142 = CARTESIAN_POINT('',(1.55,-0.14,0.15));
#5143 = VECTOR('',#5144,1.);
#5144 = DIRECTION('',(1.110223024625E-16,-1.,0.));
#5145 = ORIENTED_EDGE('',*,*,#3828,.T.);
#5146 = ORIENTED_EDGE('',*,*,#5123,.F.);
#5147 = ORIENTED_EDGE('',*,*,#3719,.F.);
#5148 = PLANE('',#5149);
#5149 = AXIS2_PLACEMENT_3D('',#5150,#5151,#5152);
#5150 = CARTESIAN_POINT('',(1.55,-0.14,0.15));
#5151 = DIRECTION('',(0.,0.,-1.));
#5152 = DIRECTION('',(-1.,-1.110223024625E-16,-0.));
#5153 = ADVANCED_FACE('',(#5154),#5165,.F.);
#5154 = FACE_BOUND('',#5155,.F.);
#5155 = EDGE_LOOP('',(#5156,#5162,#5163,#5164));
#5156 = ORIENTED_EDGE('',*,*,#5157,.T.);
#5157 = EDGE_CURVE('',#3704,#3813,#5158,.T.);
#5158 = LINE('',#5159,#5160);
#5159 = CARTESIAN_POINT('',(1.55,-0.14,-2.775557561563E-17));
#5160 = VECTOR('',#5161,1.);
#5161 = DIRECTION('',(1.110223024625E-16,-1.,0.));
#5162 = ORIENTED_EDGE('',*,*,#3820,.T.);
#5163 = ORIENTED_EDGE('',*,*,#5140,.F.);
#5164 = ORIENTED_EDGE('',*,*,#3711,.F.);
#5165 = PLANE('',#5166);
#5166 = AXIS2_PLACEMENT_3D('',#5167,#5168,#5169);
#5167 = CARTESIAN_POINT('',(1.55,-0.14,-2.775557561563E-17));
#5168 = DIRECTION('',(-1.,-1.110223024625E-16,0.));
#5169 = DIRECTION('',(0.,0.,1.));
#5170 = ADVANCED_FACE('',(#5171),#5182,.F.);
#5171 = FACE_BOUND('',#5172,.F.);
#5172 = EDGE_LOOP('',(#5173,#5179,#5180,#5181));
#5173 = ORIENTED_EDGE('',*,*,#5174,.T.);
#5174 = EDGE_CURVE('',#3695,#3804,#5175,.T.);
#5175 = LINE('',#5176,#5177);
#5176 = CARTESIAN_POINT('',(1.476449047106,-0.14,-2.775557561563E-17));
#5177 = VECTOR('',#5178,1.);
#5178 = DIRECTION('',(1.110223024625E-16,-1.,0.));
#5179 = ORIENTED_EDGE('',*,*,#3812,.T.);
#5180 = ORIENTED_EDGE('',*,*,#5157,.F.);
#5181 = ORIENTED_EDGE('',*,*,#3703,.F.);
#5182 = PLANE('',#5183);
#5183 = AXIS2_PLACEMENT_3D('',#5184,#5185,#5186);
#5184 = CARTESIAN_POINT('',(1.476449047106,-0.14,-2.775557561563E-17));
#5185 = DIRECTION('',(0.,0.,1.));
#5186 = DIRECTION('',(1.,1.110223024625E-16,-0.));
#5187 = ADVANCED_FACE('',(#5188),#5199,.T.);
#5188 = FACE_BOUND('',#5189,.T.);
#5189 = EDGE_LOOP('',(#5190,#5191,#5192,#5193));
#5190 = ORIENTED_EDGE('',*,*,#3694,.T.);
#5191 = ORIENTED_EDGE('',*,*,#5174,.T.);
#5192 = ORIENTED_EDGE('',*,*,#3803,.F.);
#5193 = ORIENTED_EDGE('',*,*,#5194,.F.);
#5194 = EDGE_CURVE('',#3687,#3796,#5195,.T.);
#5195 = LINE('',#5196,#5197);
#5196 = CARTESIAN_POINT('',(1.279487496504,-0.14,0.165270364467));
#5197 = VECTOR('',#5198,1.);
#5198 = DIRECTION('',(1.110223024625E-16,-1.,0.));
#5199 = CYLINDRICAL_SURFACE('',#5200,0.2);
#5200 = AXIS2_PLACEMENT_3D('',#5201,#5202,#5203);
#5201 = CARTESIAN_POINT('',(1.476449047106,-0.14,0.2));
#5202 = DIRECTION('',(-1.110223024625E-16,1.,0.));
#5203 = DIRECTION('',(-0.984807753012,-1.093356242223E-16,
    -0.173648177667));
#5204 = ADVANCED_FACE('',(#5205),#5211,.F.);
#5205 = FACE_BOUND('',#5206,.F.);
#5206 = EDGE_LOOP('',(#5207,#5208,#5209,#5210));
#5207 = ORIENTED_EDGE('',*,*,#3777,.T.);
#5208 = ORIENTED_EDGE('',*,*,#3795,.T.);
#5209 = ORIENTED_EDGE('',*,*,#5194,.F.);
#5210 = ORIENTED_EDGE('',*,*,#3686,.F.);
#5211 = PLANE('',#5212);
#5212 = AXIS2_PLACEMENT_3D('',#5213,#5214,#5215);
#5213 = CARTESIAN_POINT('',(1.249240387651,-0.14,0.358682408883));
#5214 = DIRECTION('',(0.987991395772,1.096890795718E-16,0.154508905503)
  );
#5215 = DIRECTION('',(0.154508905503,1.715393443994E-17,-0.987991395772)
  );
#5216 = ADVANCED_FACE('',(#5217),#5228,.T.);
#5217 = FACE_BOUND('',#5218,.T.);
#5218 = EDGE_LOOP('',(#5219,#5220,#5221,#5222));
#5219 = ORIENTED_EDGE('',*,*,#3967,.T.);
#5220 = ORIENTED_EDGE('',*,*,#4274,.T.);
#5221 = ORIENTED_EDGE('',*,*,#4076,.F.);
#5222 = ORIENTED_EDGE('',*,*,#5223,.F.);
#5223 = EDGE_CURVE('',#3960,#4069,#5224,.T.);
#5224 = LINE('',#5225,#5226);
#5225 = CARTESIAN_POINT('',(1.396961550602,-0.64,0.384729635533));
#5226 = VECTOR('',#5227,1.);
#5227 = DIRECTION('',(1.110223024625E-16,-1.,0.));
#5228 = CYLINDRICAL_SURFACE('',#5229,0.2);
#5229 = AXIS2_PLACEMENT_3D('',#5230,#5231,#5232);
#5230 = CARTESIAN_POINT('',(1.2,-0.64,0.35));
#5231 = DIRECTION('',(-1.110223024625E-16,1.,0.));
#5232 = DIRECTION('',(0.984807753012,1.093356242223E-16,0.173648177667)
  );
#5233 = ADVANCED_FACE('',(#5234),#5245,.F.);
#5234 = FACE_BOUND('',#5235,.F.);
#5235 = EDGE_LOOP('',(#5236,#5242,#5243,#5244));
#5236 = ORIENTED_EDGE('',*,*,#5237,.T.);
#5237 = EDGE_CURVE('',#3951,#4060,#5238,.T.);
#5238 = LINE('',#5239,#5240);
#5239 = CARTESIAN_POINT('',(1.427208659456,-0.64,0.191317591117));
#5240 = VECTOR('',#5241,1.);
#5241 = DIRECTION('',(1.110223024625E-16,-1.,0.));
#5242 = ORIENTED_EDGE('',*,*,#4068,.T.);
#5243 = ORIENTED_EDGE('',*,*,#5223,.F.);
#5244 = ORIENTED_EDGE('',*,*,#3959,.F.);
#5245 = PLANE('',#5246);
#5246 = AXIS2_PLACEMENT_3D('',#5247,#5248,#5249);
#5247 = CARTESIAN_POINT('',(1.427208659456,-0.64,0.191317591117));
#5248 = DIRECTION('',(-0.987991395772,-1.096890795718E-16,
    -0.154508905503));
#5249 = DIRECTION('',(-0.154508905503,-1.715393443994E-17,0.987991395772
    ));
#5250 = ADVANCED_FACE('',(#5251),#5262,.F.);
#5251 = FACE_BOUND('',#5252,.F.);
#5252 = EDGE_LOOP('',(#5253,#5259,#5260,#5261));
#5253 = ORIENTED_EDGE('',*,*,#5254,.T.);
#5254 = EDGE_CURVE('',#3943,#4052,#5255,.T.);
#5255 = LINE('',#5256,#5257);
#5256 = CARTESIAN_POINT('',(1.476449047106,-0.64,0.15));
#5257 = VECTOR('',#5258,1.);
#5258 = DIRECTION('',(1.110223024625E-16,-1.,0.));
#5259 = ORIENTED_EDGE('',*,*,#4059,.T.);
#5260 = ORIENTED_EDGE('',*,*,#5237,.F.);
#5261 = ORIENTED_EDGE('',*,*,#3950,.F.);
#5262 = CYLINDRICAL_SURFACE('',#5263,5.E-02);
#5263 = AXIS2_PLACEMENT_3D('',#5264,#5265,#5266);
#5264 = CARTESIAN_POINT('',(1.476449047106,-0.64,0.2));
#5265 = DIRECTION('',(-1.110223024625E-16,1.,0.));
#5266 = DIRECTION('',(0.,0.,-1.));
#5267 = ADVANCED_FACE('',(#5268),#5279,.F.);
#5268 = FACE_BOUND('',#5269,.F.);
#5269 = EDGE_LOOP('',(#5270,#5276,#5277,#5278));
#5270 = ORIENTED_EDGE('',*,*,#5271,.T.);
#5271 = EDGE_CURVE('',#3935,#4044,#5272,.T.);
#5272 = LINE('',#5273,#5274);
#5273 = CARTESIAN_POINT('',(1.55,-0.64,0.15));
#5274 = VECTOR('',#5275,1.);
#5275 = DIRECTION('',(1.110223024625E-16,-1.,0.));
#5276 = ORIENTED_EDGE('',*,*,#4051,.T.);
#5277 = ORIENTED_EDGE('',*,*,#5254,.F.);
#5278 = ORIENTED_EDGE('',*,*,#3942,.F.);
#5279 = PLANE('',#5280);
#5280 = AXIS2_PLACEMENT_3D('',#5281,#5282,#5283);
#5281 = CARTESIAN_POINT('',(1.55,-0.64,0.15));
#5282 = DIRECTION('',(0.,0.,-1.));
#5283 = DIRECTION('',(-1.,-1.110223024625E-16,-0.));
#5284 = ADVANCED_FACE('',(#5285),#5296,.F.);
#5285 = FACE_BOUND('',#5286,.F.);
#5286 = EDGE_LOOP('',(#5287,#5293,#5294,#5295));
#5287 = ORIENTED_EDGE('',*,*,#5288,.T.);
#5288 = EDGE_CURVE('',#3927,#4036,#5289,.T.);
#5289 = LINE('',#5290,#5291);
#5290 = CARTESIAN_POINT('',(1.55,-0.64,-2.775557561563E-17));
#5291 = VECTOR('',#5292,1.);
#5292 = DIRECTION('',(1.110223024625E-16,-1.,0.));
#5293 = ORIENTED_EDGE('',*,*,#4043,.T.);
#5294 = ORIENTED_EDGE('',*,*,#5271,.F.);
#5295 = ORIENTED_EDGE('',*,*,#3934,.F.);
#5296 = PLANE('',#5297);
#5297 = AXIS2_PLACEMENT_3D('',#5298,#5299,#5300);
#5298 = CARTESIAN_POINT('',(1.55,-0.64,-2.775557561563E-17));
#5299 = DIRECTION('',(-1.,-1.110223024625E-16,0.));
#5300 = DIRECTION('',(0.,0.,1.));
#5301 = ADVANCED_FACE('',(#5302),#5313,.F.);
#5302 = FACE_BOUND('',#5303,.F.);
#5303 = EDGE_LOOP('',(#5304,#5310,#5311,#5312));
#5304 = ORIENTED_EDGE('',*,*,#5305,.T.);
#5305 = EDGE_CURVE('',#3918,#4027,#5306,.T.);
#5306 = LINE('',#5307,#5308);
#5307 = CARTESIAN_POINT('',(1.476449047106,-0.64,-2.775557561563E-17));
#5308 = VECTOR('',#5309,1.);
#5309 = DIRECTION('',(1.110223024625E-16,-1.,0.));
#5310 = ORIENTED_EDGE('',*,*,#4035,.T.);
#5311 = ORIENTED_EDGE('',*,*,#5288,.F.);
#5312 = ORIENTED_EDGE('',*,*,#3926,.F.);
#5313 = PLANE('',#5314);
#5314 = AXIS2_PLACEMENT_3D('',#5315,#5316,#5317);
#5315 = CARTESIAN_POINT('',(1.476449047106,-0.64,-2.775557561563E-17));
#5316 = DIRECTION('',(0.,0.,1.));
#5317 = DIRECTION('',(1.,1.110223024625E-16,-0.));
#5318 = ADVANCED_FACE('',(#5319),#5330,.T.);
#5319 = FACE_BOUND('',#5320,.T.);
#5320 = EDGE_LOOP('',(#5321,#5322,#5323,#5324));
#5321 = ORIENTED_EDGE('',*,*,#3917,.T.);
#5322 = ORIENTED_EDGE('',*,*,#5305,.T.);
#5323 = ORIENTED_EDGE('',*,*,#4026,.F.);
#5324 = ORIENTED_EDGE('',*,*,#5325,.F.);
#5325 = EDGE_CURVE('',#3910,#4019,#5326,.T.);
#5326 = LINE('',#5327,#5328);
#5327 = CARTESIAN_POINT('',(1.279487496504,-0.64,0.165270364467));
#5328 = VECTOR('',#5329,1.);
#5329 = DIRECTION('',(1.110223024625E-16,-1.,0.));
#5330 = CYLINDRICAL_SURFACE('',#5331,0.2);
#5331 = AXIS2_PLACEMENT_3D('',#5332,#5333,#5334);
#5332 = CARTESIAN_POINT('',(1.476449047106,-0.64,0.2));
#5333 = DIRECTION('',(-1.110223024625E-16,1.,0.));
#5334 = DIRECTION('',(-0.984807753012,-1.093356242223E-16,
    -0.173648177667));
#5335 = ADVANCED_FACE('',(#5336),#5342,.F.);
#5336 = FACE_BOUND('',#5337,.F.);
#5337 = EDGE_LOOP('',(#5338,#5339,#5340,#5341));
#5338 = ORIENTED_EDGE('',*,*,#4000,.T.);
#5339 = ORIENTED_EDGE('',*,*,#4018,.T.);
#5340 = ORIENTED_EDGE('',*,*,#5325,.F.);
#5341 = ORIENTED_EDGE('',*,*,#3909,.F.);
#5342 = PLANE('',#5343);
#5343 = AXIS2_PLACEMENT_3D('',#5344,#5345,#5346);
#5344 = CARTESIAN_POINT('',(1.249240387651,-0.64,0.358682408883));
#5345 = DIRECTION('',(0.987991395772,1.096890795718E-16,0.154508905503)
  );
#5346 = DIRECTION('',(0.154508905503,1.715393443994E-17,-0.987991395772)
  );
#5347 = ADVANCED_FACE('',(#5348),#5349,.F.);
#5348 = FACE_BOUND('',#4200,.T.);
#5349 = PLANE('',#5350);
#5350 = AXIS2_PLACEMENT_3D('',#5351,#5352,#5353);
#5351 = CARTESIAN_POINT('',(-0.736233031499,0.586233031499,0.85));
#5352 = DIRECTION('',(0.,0.,-1.));
#5353 = DIRECTION('',(1.110223024625E-16,-1.,0.));
#5354 = ( GEOMETRIC_REPRESENTATION_CONTEXT(3) 
GLOBAL_UNCERTAINTY_ASSIGNED_CONTEXT((#5358)) 
GLOBAL_UNIT_ASSIGNED_CONTEXT((#5355,#5356,#5357)) REPRESENTATION_CONTEXT
('Context #1','3D Context with UNIT and UNCERTAINTY') );
#5355 = ( LENGTH_UNIT() NAMED_UNIT(*) SI_UNIT(.MILLI.,.METRE.) );
#5356 = ( NAMED_UNIT(*) PLANE_ANGLE_UNIT() SI_UNIT($,.RADIAN.) );
#5357 = ( NAMED_UNIT(*) SI_UNIT($,.STERADIAN.) SOLID_ANGLE_UNIT() );
#5358 = UNCERTAINTY_MEASURE_WITH_UNIT(LENGTH_MEASURE(1.E-07),#5355,
  'distance_accuracy_value','confusion accuracy');
#5359 = CONTEXT_DEPENDENT_SHAPE_REPRESENTATION(#5360,#5362);
#5360 = ( REPRESENTATION_RELATIONSHIP('','',#885,#10) 
REPRESENTATION_RELATIONSHIP_WITH_TRANSFORMATION(#5361) 
SHAPE_REPRESENTATION_RELATIONSHIP() );
#5361 = ITEM_DEFINED_TRANSFORMATION('','',#11,#19);
#5362 = PRODUCT_DEFINITION_SHAPE('Placement','Placement of an item',
  #5363);
#5363 = NEXT_ASSEMBLY_USAGE_OCCURRENCE('2','U3','',#5,#880,$);
#5364 = PRODUCT_RELATED_PRODUCT_CATEGORY('part',$,(#882));
#5365 = SHAPE_DEFINITION_REPRESENTATION(#5366,#5372);
#5366 = PRODUCT_DEFINITION_SHAPE('','',#5367);
#5367 = PRODUCT_DEFINITION('design','',#5368,#5371);
#5368 = PRODUCT_DEFINITION_FORMATION('','',#5369);
#5369 = PRODUCT('C_0603_1608Metric','C_0603_1608Metric','',(#5370));
#5370 = PRODUCT_CONTEXT('',#2,'mechanical');
#5371 = PRODUCT_DEFINITION_CONTEXT('part definition',#2,'design');
#5372 = ADVANCED_BREP_SHAPE_REPRESENTATION('',(#11,#5373),#6227);
#5373 = MANIFOLD_SOLID_BREP('',#5374);
#5374 = CLOSED_SHELL('',(#5375,#5451,#5482,#5507,#5532,#5556,#5580,#5605
    ,#5630,#5647,#5733,#5765,#5789,#5814,#5838,#5863,#5887,#5912,#5929,
    #6015,#6046,#6071,#6096,#6120,#6144,#6169,#6194,#6211));
#5375 = ADVANCED_FACE('',(#5376),#5446,.F.);
#5376 = FACE_BOUND('',#5377,.F.);
#5377 = EDGE_LOOP('',(#5378,#5388,#5397,#5405,#5414,#5422,#5431,#5439));
#5378 = ORIENTED_EDGE('',*,*,#5379,.F.);
#5379 = EDGE_CURVE('',#5380,#5382,#5384,.T.);
#5380 = VERTEX_POINT('',#5381);
#5381 = CARTESIAN_POINT('',(-0.8,-0.4,3.E-02));
#5382 = VERTEX_POINT('',#5383);
#5383 = CARTESIAN_POINT('',(-0.8,-0.4,0.77));
#5384 = LINE('',#5385,#5386);
#5385 = CARTESIAN_POINT('',(-0.8,-0.4,0.));
#5386 = VECTOR('',#5387,1.);
#5387 = DIRECTION('',(0.,0.,1.));
#5388 = ORIENTED_EDGE('',*,*,#5389,.T.);
#5389 = EDGE_CURVE('',#5380,#5390,#5392,.T.);
#5390 = VERTEX_POINT('',#5391);
#5391 = CARTESIAN_POINT('',(-0.8,-0.37,0.));
#5392 = CIRCLE('',#5393,3.E-02);
#5393 = AXIS2_PLACEMENT_3D('',#5394,#5395,#5396);
#5394 = CARTESIAN_POINT('',(-0.8,-0.37,3.E-02));
#5395 = DIRECTION('',(1.,0.,-0.));
#5396 = DIRECTION('',(0.,0.,1.));
#5397 = ORIENTED_EDGE('',*,*,#5398,.T.);
#5398 = EDGE_CURVE('',#5390,#5399,#5401,.T.);
#5399 = VERTEX_POINT('',#5400);
#5400 = CARTESIAN_POINT('',(-0.8,0.37,0.));
#5401 = LINE('',#5402,#5403);
#5402 = CARTESIAN_POINT('',(-0.8,-0.4,0.));
#5403 = VECTOR('',#5404,1.);
#5404 = DIRECTION('',(0.,1.,0.));
#5405 = ORIENTED_EDGE('',*,*,#5406,.F.);
#5406 = EDGE_CURVE('',#5407,#5399,#5409,.T.);
#5407 = VERTEX_POINT('',#5408);
#5408 = CARTESIAN_POINT('',(-0.8,0.4,3.E-02));
#5409 = CIRCLE('',#5410,3.E-02);
#5410 = AXIS2_PLACEMENT_3D('',#5411,#5412,#5413);
#5411 = CARTESIAN_POINT('',(-0.8,0.37,3.E-02));
#5412 = DIRECTION('',(-1.,0.,0.));
#5413 = DIRECTION('',(0.,0.,1.));
#5414 = ORIENTED_EDGE('',*,*,#5415,.T.);
#5415 = EDGE_CURVE('',#5407,#5416,#5418,.T.);
#5416 = VERTEX_POINT('',#5417);
#5417 = CARTESIAN_POINT('',(-0.8,0.4,0.77));
#5418 = LINE('',#5419,#5420);
#5419 = CARTESIAN_POINT('',(-0.8,0.4,0.));
#5420 = VECTOR('',#5421,1.);
#5421 = DIRECTION('',(0.,0.,1.));
#5422 = ORIENTED_EDGE('',*,*,#5423,.T.);
#5423 = EDGE_CURVE('',#5416,#5424,#5426,.T.);
#5424 = VERTEX_POINT('',#5425);
#5425 = CARTESIAN_POINT('',(-0.8,0.37,0.8));
#5426 = CIRCLE('',#5427,3.E-02);
#5427 = AXIS2_PLACEMENT_3D('',#5428,#5429,#5430);
#5428 = CARTESIAN_POINT('',(-0.8,0.37,0.77));
#5429 = DIRECTION('',(1.,0.,-0.));
#5430 = DIRECTION('',(0.,0.,1.));
#5431 = ORIENTED_EDGE('',*,*,#5432,.F.);
#5432 = EDGE_CURVE('',#5433,#5424,#5435,.T.);
#5433 = VERTEX_POINT('',#5434);
#5434 = CARTESIAN_POINT('',(-0.8,-0.37,0.8));
#5435 = LINE('',#5436,#5437);
#5436 = CARTESIAN_POINT('',(-0.8,-0.4,0.8));
#5437 = VECTOR('',#5438,1.);
#5438 = DIRECTION('',(0.,1.,0.));
#5439 = ORIENTED_EDGE('',*,*,#5440,.F.);
#5440 = EDGE_CURVE('',#5382,#5433,#5441,.T.);
#5441 = CIRCLE('',#5442,3.E-02);
#5442 = AXIS2_PLACEMENT_3D('',#5443,#5444,#5445);
#5443 = CARTESIAN_POINT('',(-0.8,-0.37,0.77));
#5444 = DIRECTION('',(-1.,0.,0.));
#5445 = DIRECTION('',(0.,0.,1.));
#5446 = PLANE('',#5447);
#5447 = AXIS2_PLACEMENT_3D('',#5448,#5449,#5450);
#5448 = CARTESIAN_POINT('',(-0.8,-0.4,0.));
#5449 = DIRECTION('',(1.,0.,0.));
#5450 = DIRECTION('',(0.,0.,1.));
#5451 = ADVANCED_FACE('',(#5452),#5477,.F.);
#5452 = FACE_BOUND('',#5453,.F.);
#5453 = EDGE_LOOP('',(#5454,#5464,#5470,#5471));
#5454 = ORIENTED_EDGE('',*,*,#5455,.F.);
#5455 = EDGE_CURVE('',#5456,#5458,#5460,.T.);
#5456 = VERTEX_POINT('',#5457);
#5457 = CARTESIAN_POINT('',(-0.5,-0.4,3.E-02));
#5458 = VERTEX_POINT('',#5459);
#5459 = CARTESIAN_POINT('',(-0.5,-0.4,0.77));
#5460 = LINE('',#5461,#5462);
#5461 = CARTESIAN_POINT('',(-0.5,-0.4,0.));
#5462 = VECTOR('',#5463,1.);
#5463 = DIRECTION('',(0.,0.,1.));
#5464 = ORIENTED_EDGE('',*,*,#5465,.F.);
#5465 = EDGE_CURVE('',#5380,#5456,#5466,.T.);
#5466 = LINE('',#5467,#5468);
#5467 = CARTESIAN_POINT('',(-0.8,-0.4,3.E-02));
#5468 = VECTOR('',#5469,1.);
#5469 = DIRECTION('',(1.,0.,0.));
#5470 = ORIENTED_EDGE('',*,*,#5379,.T.);
#5471 = ORIENTED_EDGE('',*,*,#5472,.T.);
#5472 = EDGE_CURVE('',#5382,#5458,#5473,.T.);
#5473 = LINE('',#5474,#5475);
#5474 = CARTESIAN_POINT('',(-0.8,-0.4,0.77));
#5475 = VECTOR('',#5476,1.);
#5476 = DIRECTION('',(1.,0.,0.));
#5477 = PLANE('',#5478);
#5478 = AXIS2_PLACEMENT_3D('',#5479,#5480,#5481);
#5479 = CARTESIAN_POINT('',(-0.8,-0.4,0.));
#5480 = DIRECTION('',(0.,1.,0.));
#5481 = DIRECTION('',(0.,-0.,1.));
#5482 = ADVANCED_FACE('',(#5483),#5502,.T.);
#5483 = FACE_BOUND('',#5484,.T.);
#5484 = EDGE_LOOP('',(#5485,#5486,#5494,#5501));
#5485 = ORIENTED_EDGE('',*,*,#5389,.T.);
#5486 = ORIENTED_EDGE('',*,*,#5487,.T.);
#5487 = EDGE_CURVE('',#5390,#5488,#5490,.T.);
#5488 = VERTEX_POINT('',#5489);
#5489 = CARTESIAN_POINT('',(-0.5,-0.37,0.));
#5490 = LINE('',#5491,#5492);
#5491 = CARTESIAN_POINT('',(-0.8,-0.37,0.));
#5492 = VECTOR('',#5493,1.);
#5493 = DIRECTION('',(1.,0.,0.));
#5494 = ORIENTED_EDGE('',*,*,#5495,.F.);
#5495 = EDGE_CURVE('',#5456,#5488,#5496,.T.);
#5496 = CIRCLE('',#5497,3.E-02);
#5497 = AXIS2_PLACEMENT_3D('',#5498,#5499,#5500);
#5498 = CARTESIAN_POINT('',(-0.5,-0.37,3.E-02));
#5499 = DIRECTION('',(1.,0.,-0.));
#5500 = DIRECTION('',(0.,0.,1.));
#5501 = ORIENTED_EDGE('',*,*,#5465,.F.);
#5502 = CYLINDRICAL_SURFACE('',#5503,3.E-02);
#5503 = AXIS2_PLACEMENT_3D('',#5504,#5505,#5506);
#5504 = CARTESIAN_POINT('',(-0.8,-0.37,3.E-02));
#5505 = DIRECTION('',(1.,0.,0.));
#5506 = DIRECTION('',(0.,-1.,0.));
#5507 = ADVANCED_FACE('',(#5508),#5527,.T.);
#5508 = FACE_BOUND('',#5509,.T.);
#5509 = EDGE_LOOP('',(#5510,#5511,#5520,#5526));
#5510 = ORIENTED_EDGE('',*,*,#5472,.T.);
#5511 = ORIENTED_EDGE('',*,*,#5512,.T.);
#5512 = EDGE_CURVE('',#5458,#5513,#5515,.T.);
#5513 = VERTEX_POINT('',#5514);
#5514 = CARTESIAN_POINT('',(-0.5,-0.37,0.8));
#5515 = CIRCLE('',#5516,3.E-02);
#5516 = AXIS2_PLACEMENT_3D('',#5517,#5518,#5519);
#5517 = CARTESIAN_POINT('',(-0.5,-0.37,0.77));
#5518 = DIRECTION('',(-1.,0.,0.));
#5519 = DIRECTION('',(0.,0.,1.));
#5520 = ORIENTED_EDGE('',*,*,#5521,.F.);
#5521 = EDGE_CURVE('',#5433,#5513,#5522,.T.);
#5522 = LINE('',#5523,#5524);
#5523 = CARTESIAN_POINT('',(-0.8,-0.37,0.8));
#5524 = VECTOR('',#5525,1.);
#5525 = DIRECTION('',(1.,0.,0.));
#5526 = ORIENTED_EDGE('',*,*,#5440,.F.);
#5527 = CYLINDRICAL_SURFACE('',#5528,3.E-02);
#5528 = AXIS2_PLACEMENT_3D('',#5529,#5530,#5531);
#5529 = CARTESIAN_POINT('',(-0.8,-0.37,0.77));
#5530 = DIRECTION('',(1.,0.,0.));
#5531 = DIRECTION('',(0.,-1.,0.));
#5532 = ADVANCED_FACE('',(#5533),#5551,.F.);
#5533 = FACE_BOUND('',#5534,.F.);
#5534 = EDGE_LOOP('',(#5535,#5536,#5537,#5545));
#5535 = ORIENTED_EDGE('',*,*,#5398,.F.);
#5536 = ORIENTED_EDGE('',*,*,#5487,.T.);
#5537 = ORIENTED_EDGE('',*,*,#5538,.T.);
#5538 = EDGE_CURVE('',#5488,#5539,#5541,.T.);
#5539 = VERTEX_POINT('',#5540);
#5540 = CARTESIAN_POINT('',(-0.5,0.37,0.));
#5541 = LINE('',#5542,#5543);
#5542 = CARTESIAN_POINT('',(-0.5,-0.4,0.));
#5543 = VECTOR('',#5544,1.);
#5544 = DIRECTION('',(0.,1.,0.));
#5545 = ORIENTED_EDGE('',*,*,#5546,.F.);
#5546 = EDGE_CURVE('',#5399,#5539,#5547,.T.);
#5547 = LINE('',#5548,#5549);
#5548 = CARTESIAN_POINT('',(-0.8,0.37,0.));
#5549 = VECTOR('',#5550,1.);
#5550 = DIRECTION('',(1.,0.,0.));
#5551 = PLANE('',#5552);
#5552 = AXIS2_PLACEMENT_3D('',#5553,#5554,#5555);
#5553 = CARTESIAN_POINT('',(-0.8,-0.4,0.));
#5554 = DIRECTION('',(0.,0.,1.));
#5555 = DIRECTION('',(1.,0.,-0.));
#5556 = ADVANCED_FACE('',(#5557),#5575,.T.);
#5557 = FACE_BOUND('',#5558,.T.);
#5558 = EDGE_LOOP('',(#5559,#5560,#5561,#5569));
#5559 = ORIENTED_EDGE('',*,*,#5432,.F.);
#5560 = ORIENTED_EDGE('',*,*,#5521,.T.);
#5561 = ORIENTED_EDGE('',*,*,#5562,.T.);
#5562 = EDGE_CURVE('',#5513,#5563,#5565,.T.);
#5563 = VERTEX_POINT('',#5564);
#5564 = CARTESIAN_POINT('',(-0.5,0.37,0.8));
#5565 = LINE('',#5566,#5567);
#5566 = CARTESIAN_POINT('',(-0.5,-0.4,0.8));
#5567 = VECTOR('',#5568,1.);
#5568 = DIRECTION('',(0.,1.,0.));
#5569 = ORIENTED_EDGE('',*,*,#5570,.F.);
#5570 = EDGE_CURVE('',#5424,#5563,#5571,.T.);
#5571 = LINE('',#5572,#5573);
#5572 = CARTESIAN_POINT('',(-0.8,0.37,0.8));
#5573 = VECTOR('',#5574,1.);
#5574 = DIRECTION('',(1.,0.,0.));
#5575 = PLANE('',#5576);
#5576 = AXIS2_PLACEMENT_3D('',#5577,#5578,#5579);
#5577 = CARTESIAN_POINT('',(-0.8,-0.4,0.8));
#5578 = DIRECTION('',(0.,0.,1.));
#5579 = DIRECTION('',(1.,0.,-0.));
#5580 = ADVANCED_FACE('',(#5581),#5600,.T.);
#5581 = FACE_BOUND('',#5582,.T.);
#5582 = EDGE_LOOP('',(#5583,#5591,#5598,#5599));
#5583 = ORIENTED_EDGE('',*,*,#5584,.T.);
#5584 = EDGE_CURVE('',#5407,#5585,#5587,.T.);
#5585 = VERTEX_POINT('',#5586);
#5586 = CARTESIAN_POINT('',(-0.5,0.4,3.E-02));
#5587 = LINE('',#5588,#5589);
#5588 = CARTESIAN_POINT('',(-0.8,0.4,3.E-02));
#5589 = VECTOR('',#5590,1.);
#5590 = DIRECTION('',(1.,0.,0.));
#5591 = ORIENTED_EDGE('',*,*,#5592,.T.);
#5592 = EDGE_CURVE('',#5585,#5539,#5593,.T.);
#5593 = CIRCLE('',#5594,3.E-02);
#5594 = AXIS2_PLACEMENT_3D('',#5595,#5596,#5597);
#5595 = CARTESIAN_POINT('',(-0.5,0.37,3.E-02));
#5596 = DIRECTION('',(-1.,0.,0.));
#5597 = DIRECTION('',(0.,0.,1.));
#5598 = ORIENTED_EDGE('',*,*,#5546,.F.);
#5599 = ORIENTED_EDGE('',*,*,#5406,.F.);
#5600 = CYLINDRICAL_SURFACE('',#5601,3.E-02);
#5601 = AXIS2_PLACEMENT_3D('',#5602,#5603,#5604);
#5602 = CARTESIAN_POINT('',(-0.8,0.37,3.E-02));
#5603 = DIRECTION('',(1.,0.,0.));
#5604 = DIRECTION('',(-0.,1.,0.));
#5605 = ADVANCED_FACE('',(#5606),#5625,.T.);
#5606 = FACE_BOUND('',#5607,.T.);
#5607 = EDGE_LOOP('',(#5608,#5609,#5610,#5619));
#5608 = ORIENTED_EDGE('',*,*,#5423,.T.);
#5609 = ORIENTED_EDGE('',*,*,#5570,.T.);
#5610 = ORIENTED_EDGE('',*,*,#5611,.F.);
#5611 = EDGE_CURVE('',#5612,#5563,#5614,.T.);
#5612 = VERTEX_POINT('',#5613);
#5613 = CARTESIAN_POINT('',(-0.5,0.4,0.77));
#5614 = CIRCLE('',#5615,3.E-02);
#5615 = AXIS2_PLACEMENT_3D('',#5616,#5617,#5618);
#5616 = CARTESIAN_POINT('',(-0.5,0.37,0.77));
#5617 = DIRECTION('',(1.,0.,-0.));
#5618 = DIRECTION('',(0.,0.,1.));
#5619 = ORIENTED_EDGE('',*,*,#5620,.F.);
#5620 = EDGE_CURVE('',#5416,#5612,#5621,.T.);
#5621 = LINE('',#5622,#5623);
#5622 = CARTESIAN_POINT('',(-0.8,0.4,0.77));
#5623 = VECTOR('',#5624,1.);
#5624 = DIRECTION('',(1.,0.,0.));
#5625 = CYLINDRICAL_SURFACE('',#5626,3.E-02);
#5626 = AXIS2_PLACEMENT_3D('',#5627,#5628,#5629);
#5627 = CARTESIAN_POINT('',(-0.8,0.37,0.77));
#5628 = DIRECTION('',(1.,0.,0.));
#5629 = DIRECTION('',(-0.,1.,0.));
#5630 = ADVANCED_FACE('',(#5631),#5642,.T.);
#5631 = FACE_BOUND('',#5632,.T.);
#5632 = EDGE_LOOP('',(#5633,#5639,#5640,#5641));
#5633 = ORIENTED_EDGE('',*,*,#5634,.F.);
#5634 = EDGE_CURVE('',#5585,#5612,#5635,.T.);
#5635 = LINE('',#5636,#5637);
#5636 = CARTESIAN_POINT('',(-0.5,0.4,0.));
#5637 = VECTOR('',#5638,1.);
#5638 = DIRECTION('',(0.,0.,1.));
#5639 = ORIENTED_EDGE('',*,*,#5584,.F.);
#5640 = ORIENTED_EDGE('',*,*,#5415,.T.);
#5641 = ORIENTED_EDGE('',*,*,#5620,.T.);
#5642 = PLANE('',#5643);
#5643 = AXIS2_PLACEMENT_3D('',#5644,#5645,#5646);
#5644 = CARTESIAN_POINT('',(-0.8,0.4,0.));
#5645 = DIRECTION('',(0.,1.,0.));
#5646 = DIRECTION('',(0.,-0.,1.));
#5647 = ADVANCED_FACE('',(#5648,#5658),#5728,.T.);
#5648 = FACE_BOUND('',#5649,.T.);
#5649 = EDGE_LOOP('',(#5650,#5651,#5652,#5653,#5654,#5655,#5656,#5657));
#5650 = ORIENTED_EDGE('',*,*,#5455,.F.);
#5651 = ORIENTED_EDGE('',*,*,#5495,.T.);
#5652 = ORIENTED_EDGE('',*,*,#5538,.T.);
#5653 = ORIENTED_EDGE('',*,*,#5592,.F.);
#5654 = ORIENTED_EDGE('',*,*,#5634,.T.);
#5655 = ORIENTED_EDGE('',*,*,#5611,.T.);
#5656 = ORIENTED_EDGE('',*,*,#5562,.F.);
#5657 = ORIENTED_EDGE('',*,*,#5512,.F.);
#5658 = FACE_BOUND('',#5659,.T.);
#5659 = EDGE_LOOP('',(#5660,#5671,#5679,#5688,#5696,#5705,#5713,#5722));
#5660 = ORIENTED_EDGE('',*,*,#5661,.F.);
#5661 = EDGE_CURVE('',#5662,#5664,#5666,.T.);
#5662 = VERTEX_POINT('',#5663);
#5663 = CARTESIAN_POINT('',(-0.5,-0.37,6.E-02));
#5664 = VERTEX_POINT('',#5665);
#5665 = CARTESIAN_POINT('',(-0.5,-0.34,3.E-02));
#5666 = CIRCLE('',#5667,3.E-02);
#5667 = AXIS2_PLACEMENT_3D('',#5668,#5669,#5670);
#5668 = CARTESIAN_POINT('',(-0.5,-0.34,6.E-02));
#5669 = DIRECTION('',(1.,0.,-0.));
#5670 = DIRECTION('',(0.,0.,1.));
#5671 = ORIENTED_EDGE('',*,*,#5672,.T.);
#5672 = EDGE_CURVE('',#5662,#5673,#5675,.T.);
#5673 = VERTEX_POINT('',#5674);
#5674 = CARTESIAN_POINT('',(-0.5,-0.37,0.74));
#5675 = LINE('',#5676,#5677);
#5676 = CARTESIAN_POINT('',(-0.5,-0.37,3.E-02));
#5677 = VECTOR('',#5678,1.);
#5678 = DIRECTION('',(0.,0.,1.));
#5679 = ORIENTED_EDGE('',*,*,#5680,.T.);
#5680 = EDGE_CURVE('',#5673,#5681,#5683,.T.);
#5681 = VERTEX_POINT('',#5682);
#5682 = CARTESIAN_POINT('',(-0.5,-0.34,0.77));
#5683 = CIRCLE('',#5684,3.E-02);
#5684 = AXIS2_PLACEMENT_3D('',#5685,#5686,#5687);
#5685 = CARTESIAN_POINT('',(-0.5,-0.34,0.74));
#5686 = DIRECTION('',(-1.,0.,0.));
#5687 = DIRECTION('',(0.,0.,1.));
#5688 = ORIENTED_EDGE('',*,*,#5689,.T.);
#5689 = EDGE_CURVE('',#5681,#5690,#5692,.T.);
#5690 = VERTEX_POINT('',#5691);
#5691 = CARTESIAN_POINT('',(-0.5,0.34,0.77));
#5692 = LINE('',#5693,#5694);
#5693 = CARTESIAN_POINT('',(-0.5,-0.37,0.77));
#5694 = VECTOR('',#5695,1.);
#5695 = DIRECTION('',(0.,1.,0.));
#5696 = ORIENTED_EDGE('',*,*,#5697,.F.);
#5697 = EDGE_CURVE('',#5698,#5690,#5700,.T.);
#5698 = VERTEX_POINT('',#5699);
#5699 = CARTESIAN_POINT('',(-0.5,0.37,0.74));
#5700 = CIRCLE('',#5701,3.E-02);
#5701 = AXIS2_PLACEMENT_3D('',#5702,#5703,#5704);
#5702 = CARTESIAN_POINT('',(-0.5,0.34,0.74));
#5703 = DIRECTION('',(1.,0.,-0.));
#5704 = DIRECTION('',(0.,0.,1.));
#5705 = ORIENTED_EDGE('',*,*,#5706,.F.);
#5706 = EDGE_CURVE('',#5707,#5698,#5709,.T.);
#5707 = VERTEX_POINT('',#5708);
#5708 = CARTESIAN_POINT('',(-0.5,0.37,6.E-02));
#5709 = LINE('',#5710,#5711);
#5710 = CARTESIAN_POINT('',(-0.5,0.37,3.E-02));
#5711 = VECTOR('',#5712,1.);
#5712 = DIRECTION('',(0.,0.,1.));
#5713 = ORIENTED_EDGE('',*,*,#5714,.T.);
#5714 = EDGE_CURVE('',#5707,#5715,#5717,.T.);
#5715 = VERTEX_POINT('',#5716);
#5716 = CARTESIAN_POINT('',(-0.5,0.34,3.E-02));
#5717 = CIRCLE('',#5718,3.E-02);
#5718 = AXIS2_PLACEMENT_3D('',#5719,#5720,#5721);
#5719 = CARTESIAN_POINT('',(-0.5,0.34,6.E-02));
#5720 = DIRECTION('',(-1.,0.,0.));
#5721 = DIRECTION('',(0.,0.,1.));
#5722 = ORIENTED_EDGE('',*,*,#5723,.F.);
#5723 = EDGE_CURVE('',#5664,#5715,#5724,.T.);
#5724 = LINE('',#5725,#5726);
#5725 = CARTESIAN_POINT('',(-0.5,-0.37,3.E-02));
#5726 = VECTOR('',#5727,1.);
#5727 = DIRECTION('',(0.,1.,0.));
#5728 = PLANE('',#5729);
#5729 = AXIS2_PLACEMENT_3D('',#5730,#5731,#5732);
#5730 = CARTESIAN_POINT('',(-0.5,-0.4,0.));
#5731 = DIRECTION('',(1.,0.,0.));
#5732 = DIRECTION('',(0.,0.,1.));
#5733 = ADVANCED_FACE('',(#5734),#5760,.T.);
#5734 = FACE_BOUND('',#5735,.T.);
#5735 = EDGE_LOOP('',(#5736,#5737,#5745,#5754));
#5736 = ORIENTED_EDGE('',*,*,#5661,.T.);
#5737 = ORIENTED_EDGE('',*,*,#5738,.T.);
#5738 = EDGE_CURVE('',#5664,#5739,#5741,.T.);
#5739 = VERTEX_POINT('',#5740);
#5740 = CARTESIAN_POINT('',(0.5,-0.34,3.E-02));
#5741 = LINE('',#5742,#5743);
#5742 = CARTESIAN_POINT('',(-0.5,-0.34,3.E-02));
#5743 = VECTOR('',#5744,1.);
#5744 = DIRECTION('',(1.,0.,0.));
#5745 = ORIENTED_EDGE('',*,*,#5746,.F.);
#5746 = EDGE_CURVE('',#5747,#5739,#5749,.T.);
#5747 = VERTEX_POINT('',#5748);
#5748 = CARTESIAN_POINT('',(0.5,-0.37,6.E-02));
#5749 = CIRCLE('',#5750,3.E-02);
#5750 = AXIS2_PLACEMENT_3D('',#5751,#5752,#5753);
#5751 = CARTESIAN_POINT('',(0.5,-0.34,6.E-02));
#5752 = DIRECTION('',(1.,0.,-0.));
#5753 = DIRECTION('',(0.,0.,1.));
#5754 = ORIENTED_EDGE('',*,*,#5755,.F.);
#5755 = EDGE_CURVE('',#5662,#5747,#5756,.T.);
#5756 = LINE('',#5757,#5758);
#5757 = CARTESIAN_POINT('',(-0.5,-0.37,6.E-02));
#5758 = VECTOR('',#5759,1.);
#5759 = DIRECTION('',(1.,0.,0.));
#5760 = CYLINDRICAL_SURFACE('',#5761,3.E-02);
#5761 = AXIS2_PLACEMENT_3D('',#5762,#5763,#5764);
#5762 = CARTESIAN_POINT('',(-0.5,-0.34,6.E-02));
#5763 = DIRECTION('',(1.,0.,0.));
#5764 = DIRECTION('',(0.,-1.,0.));
#5765 = ADVANCED_FACE('',(#5766),#5784,.F.);
#5766 = FACE_BOUND('',#5767,.F.);
#5767 = EDGE_LOOP('',(#5768,#5769,#5770,#5778));
#5768 = ORIENTED_EDGE('',*,*,#5723,.F.);
#5769 = ORIENTED_EDGE('',*,*,#5738,.T.);
#5770 = ORIENTED_EDGE('',*,*,#5771,.T.);
#5771 = EDGE_CURVE('',#5739,#5772,#5774,.T.);
#5772 = VERTEX_POINT('',#5773);
#5773 = CARTESIAN_POINT('',(0.5,0.34,3.E-02));
#5774 = LINE('',#5775,#5776);
#5775 = CARTESIAN_POINT('',(0.5,-0.37,3.E-02));
#5776 = VECTOR('',#5777,1.);
#5777 = DIRECTION('',(0.,1.,0.));
#5778 = ORIENTED_EDGE('',*,*,#5779,.F.);
#5779 = EDGE_CURVE('',#5715,#5772,#5780,.T.);
#5780 = LINE('',#5781,#5782);
#5781 = CARTESIAN_POINT('',(-0.5,0.34,3.E-02));
#5782 = VECTOR('',#5783,1.);
#5783 = DIRECTION('',(1.,0.,0.));
#5784 = PLANE('',#5785);
#5785 = AXIS2_PLACEMENT_3D('',#5786,#5787,#5788);
#5786 = CARTESIAN_POINT('',(-0.5,-0.37,3.E-02));
#5787 = DIRECTION('',(0.,0.,1.));
#5788 = DIRECTION('',(1.,0.,-0.));
#5789 = ADVANCED_FACE('',(#5790),#5809,.T.);
#5790 = FACE_BOUND('',#5791,.T.);
#5791 = EDGE_LOOP('',(#5792,#5800,#5807,#5808));
#5792 = ORIENTED_EDGE('',*,*,#5793,.T.);
#5793 = EDGE_CURVE('',#5707,#5794,#5796,.T.);
#5794 = VERTEX_POINT('',#5795);
#5795 = CARTESIAN_POINT('',(0.5,0.37,6.E-02));
#5796 = LINE('',#5797,#5798);
#5797 = CARTESIAN_POINT('',(-0.5,0.37,6.E-02));
#5798 = VECTOR('',#5799,1.);
#5799 = DIRECTION('',(1.,0.,0.));
#5800 = ORIENTED_EDGE('',*,*,#5801,.T.);
#5801 = EDGE_CURVE('',#5794,#5772,#5802,.T.);
#5802 = CIRCLE('',#5803,3.E-02);
#5803 = AXIS2_PLACEMENT_3D('',#5804,#5805,#5806);
#5804 = CARTESIAN_POINT('',(0.5,0.34,6.E-02));
#5805 = DIRECTION('',(-1.,0.,0.));
#5806 = DIRECTION('',(0.,0.,1.));
#5807 = ORIENTED_EDGE('',*,*,#5779,.F.);
#5808 = ORIENTED_EDGE('',*,*,#5714,.F.);
#5809 = CYLINDRICAL_SURFACE('',#5810,3.E-02);
#5810 = AXIS2_PLACEMENT_3D('',#5811,#5812,#5813);
#5811 = CARTESIAN_POINT('',(-0.5,0.34,6.E-02));
#5812 = DIRECTION('',(1.,0.,0.));
#5813 = DIRECTION('',(-0.,1.,0.));
#5814 = ADVANCED_FACE('',(#5815),#5833,.T.);
#5815 = FACE_BOUND('',#5816,.T.);
#5816 = EDGE_LOOP('',(#5817,#5825,#5826,#5827));
#5817 = ORIENTED_EDGE('',*,*,#5818,.F.);
#5818 = EDGE_CURVE('',#5794,#5819,#5821,.T.);
#5819 = VERTEX_POINT('',#5820);
#5820 = CARTESIAN_POINT('',(0.5,0.37,0.74));
#5821 = LINE('',#5822,#5823);
#5822 = CARTESIAN_POINT('',(0.5,0.37,3.E-02));
#5823 = VECTOR('',#5824,1.);
#5824 = DIRECTION('',(0.,0.,1.));
#5825 = ORIENTED_EDGE('',*,*,#5793,.F.);
#5826 = ORIENTED_EDGE('',*,*,#5706,.T.);
#5827 = ORIENTED_EDGE('',*,*,#5828,.T.);
#5828 = EDGE_CURVE('',#5698,#5819,#5829,.T.);
#5829 = LINE('',#5830,#5831);
#5830 = CARTESIAN_POINT('',(-0.5,0.37,0.74));
#5831 = VECTOR('',#5832,1.);
#5832 = DIRECTION('',(1.,0.,0.));
#5833 = PLANE('',#5834);
#5834 = AXIS2_PLACEMENT_3D('',#5835,#5836,#5837);
#5835 = CARTESIAN_POINT('',(-0.5,0.37,3.E-02));
#5836 = DIRECTION('',(0.,1.,0.));
#5837 = DIRECTION('',(0.,-0.,1.));
#5838 = ADVANCED_FACE('',(#5839),#5858,.T.);
#5839 = FACE_BOUND('',#5840,.T.);
#5840 = EDGE_LOOP('',(#5841,#5842,#5850,#5857));
#5841 = ORIENTED_EDGE('',*,*,#5697,.T.);
#5842 = ORIENTED_EDGE('',*,*,#5843,.T.);
#5843 = EDGE_CURVE('',#5690,#5844,#5846,.T.);
#5844 = VERTEX_POINT('',#5845);
#5845 = CARTESIAN_POINT('',(0.5,0.34,0.77));
#5846 = LINE('',#5847,#5848);
#5847 = CARTESIAN_POINT('',(-0.5,0.34,0.77));
#5848 = VECTOR('',#5849,1.);
#5849 = DIRECTION('',(1.,0.,0.));
#5850 = ORIENTED_EDGE('',*,*,#5851,.F.);
#5851 = EDGE_CURVE('',#5819,#5844,#5852,.T.);
#5852 = CIRCLE('',#5853,3.E-02);
#5853 = AXIS2_PLACEMENT_3D('',#5854,#5855,#5856);
#5854 = CARTESIAN_POINT('',(0.5,0.34,0.74));
#5855 = DIRECTION('',(1.,0.,-0.));
#5856 = DIRECTION('',(0.,0.,1.));
#5857 = ORIENTED_EDGE('',*,*,#5828,.F.);
#5858 = CYLINDRICAL_SURFACE('',#5859,3.E-02);
#5859 = AXIS2_PLACEMENT_3D('',#5860,#5861,#5862);
#5860 = CARTESIAN_POINT('',(-0.5,0.34,0.74));
#5861 = DIRECTION('',(1.,0.,0.));
#5862 = DIRECTION('',(-0.,1.,0.));
#5863 = ADVANCED_FACE('',(#5864),#5882,.T.);
#5864 = FACE_BOUND('',#5865,.T.);
#5865 = EDGE_LOOP('',(#5866,#5867,#5875,#5881));
#5866 = ORIENTED_EDGE('',*,*,#5689,.F.);
#5867 = ORIENTED_EDGE('',*,*,#5868,.T.);
#5868 = EDGE_CURVE('',#5681,#5869,#5871,.T.);
#5869 = VERTEX_POINT('',#5870);
#5870 = CARTESIAN_POINT('',(0.5,-0.34,0.77));
#5871 = LINE('',#5872,#5873);
#5872 = CARTESIAN_POINT('',(-0.5,-0.34,0.77));
#5873 = VECTOR('',#5874,1.);
#5874 = DIRECTION('',(1.,0.,0.));
#5875 = ORIENTED_EDGE('',*,*,#5876,.T.);
#5876 = EDGE_CURVE('',#5869,#5844,#5877,.T.);
#5877 = LINE('',#5878,#5879);
#5878 = CARTESIAN_POINT('',(0.5,-0.37,0.77));
#5879 = VECTOR('',#5880,1.);
#5880 = DIRECTION('',(0.,1.,0.));
#5881 = ORIENTED_EDGE('',*,*,#5843,.F.);
#5882 = PLANE('',#5883);
#5883 = AXIS2_PLACEMENT_3D('',#5884,#5885,#5886);
#5884 = CARTESIAN_POINT('',(-0.5,-0.37,0.77));
#5885 = DIRECTION('',(0.,0.,1.));
#5886 = DIRECTION('',(1.,0.,-0.));
#5887 = ADVANCED_FACE('',(#5888),#5907,.T.);
#5888 = FACE_BOUND('',#5889,.T.);
#5889 = EDGE_LOOP('',(#5890,#5898,#5905,#5906));
#5890 = ORIENTED_EDGE('',*,*,#5891,.T.);
#5891 = EDGE_CURVE('',#5673,#5892,#5894,.T.);
#5892 = VERTEX_POINT('',#5893);
#5893 = CARTESIAN_POINT('',(0.5,-0.37,0.74));
#5894 = LINE('',#5895,#5896);
#5895 = CARTESIAN_POINT('',(-0.5,-0.37,0.74));
#5896 = VECTOR('',#5897,1.);
#5897 = DIRECTION('',(1.,0.,0.));
#5898 = ORIENTED_EDGE('',*,*,#5899,.T.);
#5899 = EDGE_CURVE('',#5892,#5869,#5900,.T.);
#5900 = CIRCLE('',#5901,3.E-02);
#5901 = AXIS2_PLACEMENT_3D('',#5902,#5903,#5904);
#5902 = CARTESIAN_POINT('',(0.5,-0.34,0.74));
#5903 = DIRECTION('',(-1.,0.,0.));
#5904 = DIRECTION('',(0.,0.,1.));
#5905 = ORIENTED_EDGE('',*,*,#5868,.F.);
#5906 = ORIENTED_EDGE('',*,*,#5680,.F.);
#5907 = CYLINDRICAL_SURFACE('',#5908,3.E-02);
#5908 = AXIS2_PLACEMENT_3D('',#5909,#5910,#5911);
#5909 = CARTESIAN_POINT('',(-0.5,-0.34,0.74));
#5910 = DIRECTION('',(1.,0.,0.));
#5911 = DIRECTION('',(0.,-1.,0.));
#5912 = ADVANCED_FACE('',(#5913),#5924,.F.);
#5913 = FACE_BOUND('',#5914,.F.);
#5914 = EDGE_LOOP('',(#5915,#5921,#5922,#5923));
#5915 = ORIENTED_EDGE('',*,*,#5916,.F.);
#5916 = EDGE_CURVE('',#5747,#5892,#5917,.T.);
#5917 = LINE('',#5918,#5919);
#5918 = CARTESIAN_POINT('',(0.5,-0.37,3.E-02));
#5919 = VECTOR('',#5920,1.);
#5920 = DIRECTION('',(0.,0.,1.));
#5921 = ORIENTED_EDGE('',*,*,#5755,.F.);
#5922 = ORIENTED_EDGE('',*,*,#5672,.T.);
#5923 = ORIENTED_EDGE('',*,*,#5891,.T.);
#5924 = PLANE('',#5925);
#5925 = AXIS2_PLACEMENT_3D('',#5926,#5927,#5928);
#5926 = CARTESIAN_POINT('',(-0.5,-0.37,3.E-02));
#5927 = DIRECTION('',(0.,1.,0.));
#5928 = DIRECTION('',(0.,-0.,1.));
#5929 = ADVANCED_FACE('',(#5930,#6000),#6010,.F.);
#5930 = FACE_BOUND('',#5931,.F.);
#5931 = EDGE_LOOP('',(#5932,#5942,#5951,#5959,#5968,#5976,#5985,#5993));
#5932 = ORIENTED_EDGE('',*,*,#5933,.F.);
#5933 = EDGE_CURVE('',#5934,#5936,#5938,.T.);
#5934 = VERTEX_POINT('',#5935);
#5935 = CARTESIAN_POINT('',(0.5,-0.4,3.E-02));
#5936 = VERTEX_POINT('',#5937);
#5937 = CARTESIAN_POINT('',(0.5,-0.4,0.77));
#5938 = LINE('',#5939,#5940);
#5939 = CARTESIAN_POINT('',(0.5,-0.4,0.));
#5940 = VECTOR('',#5941,1.);
#5941 = DIRECTION('',(0.,0.,1.));
#5942 = ORIENTED_EDGE('',*,*,#5943,.T.);
#5943 = EDGE_CURVE('',#5934,#5944,#5946,.T.);
#5944 = VERTEX_POINT('',#5945);
#5945 = CARTESIAN_POINT('',(0.5,-0.37,0.));
#5946 = CIRCLE('',#5947,3.E-02);
#5947 = AXIS2_PLACEMENT_3D('',#5948,#5949,#5950);
#5948 = CARTESIAN_POINT('',(0.5,-0.37,3.E-02));
#5949 = DIRECTION('',(1.,0.,-0.));
#5950 = DIRECTION('',(0.,0.,1.));
#5951 = ORIENTED_EDGE('',*,*,#5952,.T.);
#5952 = EDGE_CURVE('',#5944,#5953,#5955,.T.);
#5953 = VERTEX_POINT('',#5954);
#5954 = CARTESIAN_POINT('',(0.5,0.37,0.));
#5955 = LINE('',#5956,#5957);
#5956 = CARTESIAN_POINT('',(0.5,-0.4,0.));
#5957 = VECTOR('',#5958,1.);
#5958 = DIRECTION('',(0.,1.,0.));
#5959 = ORIENTED_EDGE('',*,*,#5960,.F.);
#5960 = EDGE_CURVE('',#5961,#5953,#5963,.T.);
#5961 = VERTEX_POINT('',#5962);
#5962 = CARTESIAN_POINT('',(0.5,0.4,3.E-02));
#5963 = CIRCLE('',#5964,3.E-02);
#5964 = AXIS2_PLACEMENT_3D('',#5965,#5966,#5967);
#5965 = CARTESIAN_POINT('',(0.5,0.37,3.E-02));
#5966 = DIRECTION('',(-1.,0.,0.));
#5967 = DIRECTION('',(0.,0.,1.));
#5968 = ORIENTED_EDGE('',*,*,#5969,.T.);
#5969 = EDGE_CURVE('',#5961,#5970,#5972,.T.);
#5970 = VERTEX_POINT('',#5971);
#5971 = CARTESIAN_POINT('',(0.5,0.4,0.77));
#5972 = LINE('',#5973,#5974);
#5973 = CARTESIAN_POINT('',(0.5,0.4,0.));
#5974 = VECTOR('',#5975,1.);
#5975 = DIRECTION('',(0.,0.,1.));
#5976 = ORIENTED_EDGE('',*,*,#5977,.T.);
#5977 = EDGE_CURVE('',#5970,#5978,#5980,.T.);
#5978 = VERTEX_POINT('',#5979);
#5979 = CARTESIAN_POINT('',(0.5,0.37,0.8));
#5980 = CIRCLE('',#5981,3.E-02);
#5981 = AXIS2_PLACEMENT_3D('',#5982,#5983,#5984);
#5982 = CARTESIAN_POINT('',(0.5,0.37,0.77));
#5983 = DIRECTION('',(1.,0.,-0.));
#5984 = DIRECTION('',(0.,0.,1.));
#5985 = ORIENTED_EDGE('',*,*,#5986,.F.);
#5986 = EDGE_CURVE('',#5987,#5978,#5989,.T.);
#5987 = VERTEX_POINT('',#5988);
#5988 = CARTESIAN_POINT('',(0.5,-0.37,0.8));
#5989 = LINE('',#5990,#5991);
#5990 = CARTESIAN_POINT('',(0.5,-0.4,0.8));
#5991 = VECTOR('',#5992,1.);
#5992 = DIRECTION('',(0.,1.,0.));
#5993 = ORIENTED_EDGE('',*,*,#5994,.F.);
#5994 = EDGE_CURVE('',#5936,#5987,#5995,.T.);
#5995 = CIRCLE('',#5996,3.E-02);
#5996 = AXIS2_PLACEMENT_3D('',#5997,#5998,#5999);
#5997 = CARTESIAN_POINT('',(0.5,-0.37,0.77));
#5998 = DIRECTION('',(-1.,0.,0.));
#5999 = DIRECTION('',(0.,0.,1.));
#6000 = FACE_BOUND('',#6001,.F.);
#6001 = EDGE_LOOP('',(#6002,#6003,#6004,#6005,#6006,#6007,#6008,#6009));
#6002 = ORIENTED_EDGE('',*,*,#5746,.F.);
#6003 = ORIENTED_EDGE('',*,*,#5916,.T.);
#6004 = ORIENTED_EDGE('',*,*,#5899,.T.);
#6005 = ORIENTED_EDGE('',*,*,#5876,.T.);
#6006 = ORIENTED_EDGE('',*,*,#5851,.F.);
#6007 = ORIENTED_EDGE('',*,*,#5818,.F.);
#6008 = ORIENTED_EDGE('',*,*,#5801,.T.);
#6009 = ORIENTED_EDGE('',*,*,#5771,.F.);
#6010 = PLANE('',#6011);
#6011 = AXIS2_PLACEMENT_3D('',#6012,#6013,#6014);
#6012 = CARTESIAN_POINT('',(0.5,-0.4,0.));
#6013 = DIRECTION('',(1.,0.,0.));
#6014 = DIRECTION('',(0.,0.,1.));
#6015 = ADVANCED_FACE('',(#6016),#6041,.F.);
#6016 = FACE_BOUND('',#6017,.F.);
#6017 = EDGE_LOOP('',(#6018,#6028,#6034,#6035));
#6018 = ORIENTED_EDGE('',*,*,#6019,.F.);
#6019 = EDGE_CURVE('',#6020,#6022,#6024,.T.);
#6020 = VERTEX_POINT('',#6021);
#6021 = CARTESIAN_POINT('',(0.8,-0.4,3.E-02));
#6022 = VERTEX_POINT('',#6023);
#6023 = CARTESIAN_POINT('',(0.8,-0.4,0.77));
#6024 = LINE('',#6025,#6026);
#6025 = CARTESIAN_POINT('',(0.8,-0.4,0.));
#6026 = VECTOR('',#6027,1.);
#6027 = DIRECTION('',(0.,0.,1.));
#6028 = ORIENTED_EDGE('',*,*,#6029,.F.);
#6029 = EDGE_CURVE('',#5934,#6020,#6030,.T.);
#6030 = LINE('',#6031,#6032);
#6031 = CARTESIAN_POINT('',(0.5,-0.4,3.E-02));
#6032 = VECTOR('',#6033,1.);
#6033 = DIRECTION('',(1.,0.,0.));
#6034 = ORIENTED_EDGE('',*,*,#5933,.T.);
#6035 = ORIENTED_EDGE('',*,*,#6036,.T.);
#6036 = EDGE_CURVE('',#5936,#6022,#6037,.T.);
#6037 = LINE('',#6038,#6039);
#6038 = CARTESIAN_POINT('',(0.5,-0.4,0.77));
#6039 = VECTOR('',#6040,1.);
#6040 = DIRECTION('',(1.,0.,0.));
#6041 = PLANE('',#6042);
#6042 = AXIS2_PLACEMENT_3D('',#6043,#6044,#6045);
#6043 = CARTESIAN_POINT('',(0.5,-0.4,0.));
#6044 = DIRECTION('',(0.,1.,0.));
#6045 = DIRECTION('',(0.,-0.,1.));
#6046 = ADVANCED_FACE('',(#6047),#6066,.T.);
#6047 = FACE_BOUND('',#6048,.T.);
#6048 = EDGE_LOOP('',(#6049,#6050,#6058,#6065));
#6049 = ORIENTED_EDGE('',*,*,#5943,.T.);
#6050 = ORIENTED_EDGE('',*,*,#6051,.T.);
#6051 = EDGE_CURVE('',#5944,#6052,#6054,.T.);
#6052 = VERTEX_POINT('',#6053);
#6053 = CARTESIAN_POINT('',(0.8,-0.37,0.));
#6054 = LINE('',#6055,#6056);
#6055 = CARTESIAN_POINT('',(0.5,-0.37,0.));
#6056 = VECTOR('',#6057,1.);
#6057 = DIRECTION('',(1.,0.,0.));
#6058 = ORIENTED_EDGE('',*,*,#6059,.F.);
#6059 = EDGE_CURVE('',#6020,#6052,#6060,.T.);
#6060 = CIRCLE('',#6061,3.E-02);
#6061 = AXIS2_PLACEMENT_3D('',#6062,#6063,#6064);
#6062 = CARTESIAN_POINT('',(0.8,-0.37,3.E-02));
#6063 = DIRECTION('',(1.,0.,-0.));
#6064 = DIRECTION('',(0.,0.,1.));
#6065 = ORIENTED_EDGE('',*,*,#6029,.F.);
#6066 = CYLINDRICAL_SURFACE('',#6067,3.E-02);
#6067 = AXIS2_PLACEMENT_3D('',#6068,#6069,#6070);
#6068 = CARTESIAN_POINT('',(0.5,-0.37,3.E-02));
#6069 = DIRECTION('',(1.,0.,0.));
#6070 = DIRECTION('',(0.,-1.,0.));
#6071 = ADVANCED_FACE('',(#6072),#6091,.T.);
#6072 = FACE_BOUND('',#6073,.T.);
#6073 = EDGE_LOOP('',(#6074,#6075,#6084,#6090));
#6074 = ORIENTED_EDGE('',*,*,#6036,.T.);
#6075 = ORIENTED_EDGE('',*,*,#6076,.T.);
#6076 = EDGE_CURVE('',#6022,#6077,#6079,.T.);
#6077 = VERTEX_POINT('',#6078);
#6078 = CARTESIAN_POINT('',(0.8,-0.37,0.8));
#6079 = CIRCLE('',#6080,3.E-02);
#6080 = AXIS2_PLACEMENT_3D('',#6081,#6082,#6083);
#6081 = CARTESIAN_POINT('',(0.8,-0.37,0.77));
#6082 = DIRECTION('',(-1.,0.,0.));
#6083 = DIRECTION('',(0.,0.,1.));
#6084 = ORIENTED_EDGE('',*,*,#6085,.F.);
#6085 = EDGE_CURVE('',#5987,#6077,#6086,.T.);
#6086 = LINE('',#6087,#6088);
#6087 = CARTESIAN_POINT('',(0.5,-0.37,0.8));
#6088 = VECTOR('',#6089,1.);
#6089 = DIRECTION('',(1.,0.,0.));
#6090 = ORIENTED_EDGE('',*,*,#5994,.F.);
#6091 = CYLINDRICAL_SURFACE('',#6092,3.E-02);
#6092 = AXIS2_PLACEMENT_3D('',#6093,#6094,#6095);
#6093 = CARTESIAN_POINT('',(0.5,-0.37,0.77));
#6094 = DIRECTION('',(1.,0.,0.));
#6095 = DIRECTION('',(0.,-1.,0.));
#6096 = ADVANCED_FACE('',(#6097),#6115,.F.);
#6097 = FACE_BOUND('',#6098,.F.);
#6098 = EDGE_LOOP('',(#6099,#6100,#6101,#6109));
#6099 = ORIENTED_EDGE('',*,*,#5952,.F.);
#6100 = ORIENTED_EDGE('',*,*,#6051,.T.);
#6101 = ORIENTED_EDGE('',*,*,#6102,.T.);
#6102 = EDGE_CURVE('',#6052,#6103,#6105,.T.);
#6103 = VERTEX_POINT('',#6104);
#6104 = CARTESIAN_POINT('',(0.8,0.37,0.));
#6105 = LINE('',#6106,#6107);
#6106 = CARTESIAN_POINT('',(0.8,-0.4,0.));
#6107 = VECTOR('',#6108,1.);
#6108 = DIRECTION('',(0.,1.,0.));
#6109 = ORIENTED_EDGE('',*,*,#6110,.F.);
#6110 = EDGE_CURVE('',#5953,#6103,#6111,.T.);
#6111 = LINE('',#6112,#6113);
#6112 = CARTESIAN_POINT('',(0.5,0.37,0.));
#6113 = VECTOR('',#6114,1.);
#6114 = DIRECTION('',(1.,0.,0.));
#6115 = PLANE('',#6116);
#6116 = AXIS2_PLACEMENT_3D('',#6117,#6118,#6119);
#6117 = CARTESIAN_POINT('',(0.5,-0.4,0.));
#6118 = DIRECTION('',(0.,0.,1.));
#6119 = DIRECTION('',(1.,0.,-0.));
#6120 = ADVANCED_FACE('',(#6121),#6139,.T.);
#6121 = FACE_BOUND('',#6122,.T.);
#6122 = EDGE_LOOP('',(#6123,#6124,#6125,#6133));
#6123 = ORIENTED_EDGE('',*,*,#5986,.F.);
#6124 = ORIENTED_EDGE('',*,*,#6085,.T.);
#6125 = ORIENTED_EDGE('',*,*,#6126,.T.);
#6126 = EDGE_CURVE('',#6077,#6127,#6129,.T.);
#6127 = VERTEX_POINT('',#6128);
#6128 = CARTESIAN_POINT('',(0.8,0.37,0.8));
#6129 = LINE('',#6130,#6131);
#6130 = CARTESIAN_POINT('',(0.8,-0.4,0.8));
#6131 = VECTOR('',#6132,1.);
#6132 = DIRECTION('',(0.,1.,0.));
#6133 = ORIENTED_EDGE('',*,*,#6134,.F.);
#6134 = EDGE_CURVE('',#5978,#6127,#6135,.T.);
#6135 = LINE('',#6136,#6137);
#6136 = CARTESIAN_POINT('',(0.5,0.37,0.8));
#6137 = VECTOR('',#6138,1.);
#6138 = DIRECTION('',(1.,0.,0.));
#6139 = PLANE('',#6140);
#6140 = AXIS2_PLACEMENT_3D('',#6141,#6142,#6143);
#6141 = CARTESIAN_POINT('',(0.5,-0.4,0.8));
#6142 = DIRECTION('',(0.,0.,1.));
#6143 = DIRECTION('',(1.,0.,-0.));
#6144 = ADVANCED_FACE('',(#6145),#6164,.T.);
#6145 = FACE_BOUND('',#6146,.T.);
#6146 = EDGE_LOOP('',(#6147,#6155,#6162,#6163));
#6147 = ORIENTED_EDGE('',*,*,#6148,.T.);
#6148 = EDGE_CURVE('',#5961,#6149,#6151,.T.);
#6149 = VERTEX_POINT('',#6150);
#6150 = CARTESIAN_POINT('',(0.8,0.4,3.E-02));
#6151 = LINE('',#6152,#6153);
#6152 = CARTESIAN_POINT('',(0.5,0.4,3.E-02));
#6153 = VECTOR('',#6154,1.);
#6154 = DIRECTION('',(1.,0.,0.));
#6155 = ORIENTED_EDGE('',*,*,#6156,.T.);
#6156 = EDGE_CURVE('',#6149,#6103,#6157,.T.);
#6157 = CIRCLE('',#6158,3.E-02);
#6158 = AXIS2_PLACEMENT_3D('',#6159,#6160,#6161);
#6159 = CARTESIAN_POINT('',(0.8,0.37,3.E-02));
#6160 = DIRECTION('',(-1.,0.,0.));
#6161 = DIRECTION('',(0.,0.,1.));
#6162 = ORIENTED_EDGE('',*,*,#6110,.F.);
#6163 = ORIENTED_EDGE('',*,*,#5960,.F.);
#6164 = CYLINDRICAL_SURFACE('',#6165,3.E-02);
#6165 = AXIS2_PLACEMENT_3D('',#6166,#6167,#6168);
#6166 = CARTESIAN_POINT('',(0.5,0.37,3.E-02));
#6167 = DIRECTION('',(1.,0.,0.));
#6168 = DIRECTION('',(-0.,1.,0.));
#6169 = ADVANCED_FACE('',(#6170),#6189,.T.);
#6170 = FACE_BOUND('',#6171,.T.);
#6171 = EDGE_LOOP('',(#6172,#6173,#6174,#6183));
#6172 = ORIENTED_EDGE('',*,*,#5977,.T.);
#6173 = ORIENTED_EDGE('',*,*,#6134,.T.);
#6174 = ORIENTED_EDGE('',*,*,#6175,.F.);
#6175 = EDGE_CURVE('',#6176,#6127,#6178,.T.);
#6176 = VERTEX_POINT('',#6177);
#6177 = CARTESIAN_POINT('',(0.8,0.4,0.77));
#6178 = CIRCLE('',#6179,3.E-02);
#6179 = AXIS2_PLACEMENT_3D('',#6180,#6181,#6182);
#6180 = CARTESIAN_POINT('',(0.8,0.37,0.77));
#6181 = DIRECTION('',(1.,0.,-0.));
#6182 = DIRECTION('',(0.,0.,1.));
#6183 = ORIENTED_EDGE('',*,*,#6184,.F.);
#6184 = EDGE_CURVE('',#5970,#6176,#6185,.T.);
#6185 = LINE('',#6186,#6187);
#6186 = CARTESIAN_POINT('',(0.5,0.4,0.77));
#6187 = VECTOR('',#6188,1.);
#6188 = DIRECTION('',(1.,0.,0.));
#6189 = CYLINDRICAL_SURFACE('',#6190,3.E-02);
#6190 = AXIS2_PLACEMENT_3D('',#6191,#6192,#6193);
#6191 = CARTESIAN_POINT('',(0.5,0.37,0.77));
#6192 = DIRECTION('',(1.,0.,0.));
#6193 = DIRECTION('',(-0.,1.,0.));
#6194 = ADVANCED_FACE('',(#6195),#6206,.T.);
#6195 = FACE_BOUND('',#6196,.T.);
#6196 = EDGE_LOOP('',(#6197,#6203,#6204,#6205));
#6197 = ORIENTED_EDGE('',*,*,#6198,.F.);
#6198 = EDGE_CURVE('',#6149,#6176,#6199,.T.);
#6199 = LINE('',#6200,#6201);
#6200 = CARTESIAN_POINT('',(0.8,0.4,0.));
#6201 = VECTOR('',#6202,1.);
#6202 = DIRECTION('',(0.,0.,1.));
#6203 = ORIENTED_EDGE('',*,*,#6148,.F.);
#6204 = ORIENTED_EDGE('',*,*,#5969,.T.);
#6205 = ORIENTED_EDGE('',*,*,#6184,.T.);
#6206 = PLANE('',#6207);
#6207 = AXIS2_PLACEMENT_3D('',#6208,#6209,#6210);
#6208 = CARTESIAN_POINT('',(0.5,0.4,0.));
#6209 = DIRECTION('',(0.,1.,0.));
#6210 = DIRECTION('',(0.,-0.,1.));
#6211 = ADVANCED_FACE('',(#6212),#6222,.T.);
#6212 = FACE_BOUND('',#6213,.T.);
#6213 = EDGE_LOOP('',(#6214,#6215,#6216,#6217,#6218,#6219,#6220,#6221));
#6214 = ORIENTED_EDGE('',*,*,#6019,.F.);
#6215 = ORIENTED_EDGE('',*,*,#6059,.T.);
#6216 = ORIENTED_EDGE('',*,*,#6102,.T.);
#6217 = ORIENTED_EDGE('',*,*,#6156,.F.);
#6218 = ORIENTED_EDGE('',*,*,#6198,.T.);
#6219 = ORIENTED_EDGE('',*,*,#6175,.T.);
#6220 = ORIENTED_EDGE('',*,*,#6126,.F.);
#6221 = ORIENTED_EDGE('',*,*,#6076,.F.);
#6222 = PLANE('',#6223);
#6223 = AXIS2_PLACEMENT_3D('',#6224,#6225,#6226);
#6224 = CARTESIAN_POINT('',(0.8,-0.4,0.));
#6225 = DIRECTION('',(1.,0.,0.));
#6226 = DIRECTION('',(0.,0.,1.));
#6227 = ( GEOMETRIC_REPRESENTATION_CONTEXT(3) 
GLOBAL_UNCERTAINTY_ASSIGNED_CONTEXT((#6231)) 
GLOBAL_UNIT_ASSIGNED_CONTEXT((#6228,#6229,#6230)) REPRESENTATION_CONTEXT
('Context #1','3D Context with UNIT and UNCERTAINTY') );
#6228 = ( LENGTH_UNIT() NAMED_UNIT(*) SI_UNIT(.MILLI.,.METRE.) );
#6229 = ( NAMED_UNIT(*) PLANE_ANGLE_UNIT() SI_UNIT($,.RADIAN.) );
#6230 = ( NAMED_UNIT(*) SI_UNIT($,.STERADIAN.) SOLID_ANGLE_UNIT() );
#6231 = UNCERTAINTY_MEASURE_WITH_UNIT(LENGTH_MEASURE(1.E-07),#6228,
  'distance_accuracy_value','confusion accuracy');
#6232 = CONTEXT_DEPENDENT_SHAPE_REPRESENTATION(#6233,#6235);
#6233 = ( REPRESENTATION_RELATIONSHIP('','',#5372,#10) 
REPRESENTATION_RELATIONSHIP_WITH_TRANSFORMATION(#6234) 
SHAPE_REPRESENTATION_RELATIONSHIP() );
#6234 = ITEM_DEFINED_TRANSFORMATION('','',#11,#23);
#6235 = PRODUCT_DEFINITION_SHAPE('Placement','Placement of an item',
  #6236);
#6236 = NEXT_ASSEMBLY_USAGE_OCCURRENCE('3','C4','',#5,#5367,$);
#6237 = PRODUCT_RELATED_PRODUCT_CATEGORY('part',$,(#5369));
#6238 = SHAPE_DEFINITION_REPRESENTATION(#6239,#6245);
#6239 = PRODUCT_DEFINITION_SHAPE('','',#6240);
#6240 = PRODUCT_DEFINITION('design','',#6241,#6244);
#6241 = PRODUCT_DEFINITION_FORMATION('','',#6242);
#6242 = PRODUCT('LED_0603_1608Metric','LED_0603_1608Metric','',(#6243));
#6243 = PRODUCT_CONTEXT('',#2,'mechanical');
#6244 = PRODUCT_DEFINITION_CONTEXT('part definition',#2,'design');
#6245 = ADVANCED_BREP_SHAPE_REPRESENTATION('',(#11,#6246),#7769);
#6246 = MANIFOLD_SOLID_BREP('',#6247);
#6247 = CLOSED_SHELL('',(#6248,#6288,#6335,#6414,#6438,#6478,#6509,#6526
    ,#6559,#6583,#6650,#6771,#6838,#6862,#6893,#6926,#6982,#7006,#7030,
    #7054,#7087,#7099,#7162,#7187,#7204,#7228,#7246,#7264,#7282,#7299,
    #7316,#7347,#7372,#7397,#7421,#7438,#7469,#7493,#7510,#7538,#7563,
    #7587,#7612,#7659,#7676,#7688,#7710,#7722,#7740,#7758));
#6248 = ADVANCED_FACE('',(#6249),#6283,.F.);
#6249 = FACE_BOUND('',#6250,.F.);
#6250 = EDGE_LOOP('',(#6251,#6261,#6269,#6277));
#6251 = ORIENTED_EDGE('',*,*,#6252,.T.);
#6252 = EDGE_CURVE('',#6253,#6255,#6257,.T.);
#6253 = VERTEX_POINT('',#6254);
#6254 = CARTESIAN_POINT('',(-0.5,-0.4,0.47));
#6255 = VERTEX_POINT('',#6256);
#6256 = CARTESIAN_POINT('',(-0.45,-0.4,1.1));
#6257 = LINE('',#6258,#6259);
#6258 = CARTESIAN_POINT('',(-0.5,-0.4,0.47));
#6259 = VECTOR('',#6260,1.);
#6260 = DIRECTION('',(7.911630099815E-02,0.,0.996865392576));
#6261 = ORIENTED_EDGE('',*,*,#6262,.T.);
#6262 = EDGE_CURVE('',#6255,#6263,#6265,.T.);
#6263 = VERTEX_POINT('',#6264);
#6264 = CARTESIAN_POINT('',(0.45,-0.4,1.1));
#6265 = LINE('',#6266,#6267);
#6266 = CARTESIAN_POINT('',(-0.45,-0.4,1.1));
#6267 = VECTOR('',#6268,1.);
#6268 = DIRECTION('',(1.,0.,0.));
#6269 = ORIENTED_EDGE('',*,*,#6270,.T.);
#6270 = EDGE_CURVE('',#6263,#6271,#6273,.T.);
#6271 = VERTEX_POINT('',#6272);
#6272 = CARTESIAN_POINT('',(0.5,-0.4,0.47));
#6273 = LINE('',#6274,#6275);
#6274 = CARTESIAN_POINT('',(0.45,-0.4,1.1));
#6275 = VECTOR('',#6276,1.);
#6276 = DIRECTION('',(7.911630099815E-02,0.,-0.996865392576));
#6277 = ORIENTED_EDGE('',*,*,#6278,.T.);
#6278 = EDGE_CURVE('',#6271,#6253,#6279,.T.);
#6279 = LINE('',#6280,#6281);
#6280 = CARTESIAN_POINT('',(0.5,-0.4,0.47));
#6281 = VECTOR('',#6282,1.);
#6282 = DIRECTION('',(-1.,0.,0.));
#6283 = PLANE('',#6284);
#6284 = AXIS2_PLACEMENT_3D('',#6285,#6286,#6287);
#6285 = CARTESIAN_POINT('',(-8.772411109409E-18,-0.4,0.775044128294));
#6286 = DIRECTION('',(0.,1.,0.));
#6287 = DIRECTION('',(0.,-0.,1.));
#6288 = ADVANCED_FACE('',(#6289),#6330,.T.);
#6289 = FACE_BOUND('',#6290,.T.);
#6290 = EDGE_LOOP('',(#6291,#6301,#6309,#6315,#6316,#6324));
#6291 = ORIENTED_EDGE('',*,*,#6292,.T.);
#6292 = EDGE_CURVE('',#6293,#6295,#6297,.T.);
#6293 = VERTEX_POINT('',#6294);
#6294 = CARTESIAN_POINT('',(-0.5,0.4,0.47));
#6295 = VERTEX_POINT('',#6296);
#6296 = CARTESIAN_POINT('',(-0.5,0.3,0.47));
#6297 = LINE('',#6298,#6299);
#6298 = CARTESIAN_POINT('',(-0.5,0.4,0.47));
#6299 = VECTOR('',#6300,1.);
#6300 = DIRECTION('',(0.,-1.,0.));
#6301 = ORIENTED_EDGE('',*,*,#6302,.F.);
#6302 = EDGE_CURVE('',#6303,#6295,#6305,.T.);
#6303 = VERTEX_POINT('',#6304);
#6304 = CARTESIAN_POINT('',(-0.5,-0.3,0.47));
#6305 = LINE('',#6306,#6307);
#6306 = CARTESIAN_POINT('',(-0.5,-0.4,0.47));
#6307 = VECTOR('',#6308,1.);
#6308 = DIRECTION('',(0.,1.,0.));
#6309 = ORIENTED_EDGE('',*,*,#6310,.T.);
#6310 = EDGE_CURVE('',#6303,#6253,#6311,.T.);
#6311 = LINE('',#6312,#6313);
#6312 = CARTESIAN_POINT('',(-0.5,0.4,0.47));
#6313 = VECTOR('',#6314,1.);
#6314 = DIRECTION('',(0.,-1.,0.));
#6315 = ORIENTED_EDGE('',*,*,#6252,.T.);
#6316 = ORIENTED_EDGE('',*,*,#6317,.F.);
#6317 = EDGE_CURVE('',#6318,#6255,#6320,.T.);
#6318 = VERTEX_POINT('',#6319);
#6319 = CARTESIAN_POINT('',(-0.45,0.4,1.1));
#6320 = LINE('',#6321,#6322);
#6321 = CARTESIAN_POINT('',(-0.45,0.4,1.1));
#6322 = VECTOR('',#6323,1.);
#6323 = DIRECTION('',(0.,-1.,0.));
#6324 = ORIENTED_EDGE('',*,*,#6325,.F.);
#6325 = EDGE_CURVE('',#6293,#6318,#6326,.T.);
#6326 = LINE('',#6327,#6328);
#6327 = CARTESIAN_POINT('',(-0.5,0.4,0.47));
#6328 = VECTOR('',#6329,1.);
#6329 = DIRECTION('',(7.911630099815E-02,0.,0.996865392576));
#6330 = PLANE('',#6331);
#6331 = AXIS2_PLACEMENT_3D('',#6332,#6333,#6334);
#6332 = CARTESIAN_POINT('',(-0.5,0.4,0.47));
#6333 = DIRECTION('',(-0.996865392576,0.,7.911630099815E-02));
#6334 = DIRECTION('',(7.911630099815E-02,0.,0.996865392576));
#6335 = ADVANCED_FACE('',(#6336),#6409,.F.);
#6336 = FACE_BOUND('',#6337,.F.);
#6337 = EDGE_LOOP('',(#6338,#6348,#6356,#6364,#6370,#6371,#6379,#6387,
    #6395,#6403));
#6338 = ORIENTED_EDGE('',*,*,#6339,.F.);
#6339 = EDGE_CURVE('',#6340,#6342,#6344,.T.);
#6340 = VERTEX_POINT('',#6341);
#6341 = CARTESIAN_POINT('',(-0.77,-0.4,3.E-02));
#6342 = VERTEX_POINT('',#6343);
#6343 = CARTESIAN_POINT('',(-0.725,-0.4,3.E-02));
#6344 = LINE('',#6345,#6346);
#6345 = CARTESIAN_POINT('',(-0.77,-0.4,3.E-02));
#6346 = VECTOR('',#6347,1.);
#6347 = DIRECTION('',(1.,0.,0.));
#6348 = ORIENTED_EDGE('',*,*,#6349,.T.);
#6349 = EDGE_CURVE('',#6340,#6350,#6352,.T.);
#6350 = VERTEX_POINT('',#6351);
#6351 = CARTESIAN_POINT('',(-0.77,-0.4,0.47));
#6352 = LINE('',#6353,#6354);
#6353 = CARTESIAN_POINT('',(-0.77,-0.4,3.E-02));
#6354 = VECTOR('',#6355,1.);
#6355 = DIRECTION('',(0.,0.,1.));
#6356 = ORIENTED_EDGE('',*,*,#6357,.T.);
#6357 = EDGE_CURVE('',#6350,#6358,#6360,.T.);
#6358 = VERTEX_POINT('',#6359);
#6359 = CARTESIAN_POINT('',(-0.725,-0.4,0.47));
#6360 = LINE('',#6361,#6362);
#6361 = CARTESIAN_POINT('',(-0.77,-0.4,0.47));
#6362 = VECTOR('',#6363,1.);
#6363 = DIRECTION('',(1.,0.,0.));
#6364 = ORIENTED_EDGE('',*,*,#6365,.T.);
#6365 = EDGE_CURVE('',#6358,#6253,#6366,.T.);
#6366 = LINE('',#6367,#6368);
#6367 = CARTESIAN_POINT('',(-0.77,-0.4,0.47));
#6368 = VECTOR('',#6369,1.);
#6369 = DIRECTION('',(1.,0.,0.));
#6370 = ORIENTED_EDGE('',*,*,#6278,.F.);
#6371 = ORIENTED_EDGE('',*,*,#6372,.T.);
#6372 = EDGE_CURVE('',#6271,#6373,#6375,.T.);
#6373 = VERTEX_POINT('',#6374);
#6374 = CARTESIAN_POINT('',(0.725,-0.4,0.47));
#6375 = LINE('',#6376,#6377);
#6376 = CARTESIAN_POINT('',(-0.77,-0.4,0.47));
#6377 = VECTOR('',#6378,1.);
#6378 = DIRECTION('',(1.,0.,0.));
#6379 = ORIENTED_EDGE('',*,*,#6380,.T.);
#6380 = EDGE_CURVE('',#6373,#6381,#6383,.T.);
#6381 = VERTEX_POINT('',#6382);
#6382 = CARTESIAN_POINT('',(0.77,-0.4,0.47));
#6383 = LINE('',#6384,#6385);
#6384 = CARTESIAN_POINT('',(-0.77,-0.4,0.47));
#6385 = VECTOR('',#6386,1.);
#6386 = DIRECTION('',(1.,0.,0.));
#6387 = ORIENTED_EDGE('',*,*,#6388,.F.);
#6388 = EDGE_CURVE('',#6389,#6381,#6391,.T.);
#6389 = VERTEX_POINT('',#6390);
#6390 = CARTESIAN_POINT('',(0.77,-0.4,3.E-02));
#6391 = LINE('',#6392,#6393);
#6392 = CARTESIAN_POINT('',(0.77,-0.4,3.E-02));
#6393 = VECTOR('',#6394,1.);
#6394 = DIRECTION('',(0.,0.,1.));
#6395 = ORIENTED_EDGE('',*,*,#6396,.F.);
#6396 = EDGE_CURVE('',#6397,#6389,#6399,.T.);
#6397 = VERTEX_POINT('',#6398);
#6398 = CARTESIAN_POINT('',(0.725,-0.4,3.E-02));
#6399 = LINE('',#6400,#6401);
#6400 = CARTESIAN_POINT('',(-0.77,-0.4,3.E-02));
#6401 = VECTOR('',#6402,1.);
#6402 = DIRECTION('',(1.,0.,0.));
#6403 = ORIENTED_EDGE('',*,*,#6404,.F.);
#6404 = EDGE_CURVE('',#6342,#6397,#6405,.T.);
#6405 = LINE('',#6406,#6407);
#6406 = CARTESIAN_POINT('',(-0.77,-0.4,3.E-02));
#6407 = VECTOR('',#6408,1.);
#6408 = DIRECTION('',(1.,0.,0.));
#6409 = PLANE('',#6410);
#6410 = AXIS2_PLACEMENT_3D('',#6411,#6412,#6413);
#6411 = CARTESIAN_POINT('',(-0.77,-0.4,3.E-02));
#6412 = DIRECTION('',(0.,1.,0.));
#6413 = DIRECTION('',(0.,-0.,1.));
#6414 = ADVANCED_FACE('',(#6415),#6433,.T.);
#6415 = FACE_BOUND('',#6416,.T.);
#6416 = EDGE_LOOP('',(#6417,#6418,#6419,#6427));
#6417 = ORIENTED_EDGE('',*,*,#6317,.T.);
#6418 = ORIENTED_EDGE('',*,*,#6262,.T.);
#6419 = ORIENTED_EDGE('',*,*,#6420,.F.);
#6420 = EDGE_CURVE('',#6421,#6263,#6423,.T.);
#6421 = VERTEX_POINT('',#6422);
#6422 = CARTESIAN_POINT('',(0.45,0.4,1.1));
#6423 = LINE('',#6424,#6425);
#6424 = CARTESIAN_POINT('',(0.45,0.4,1.1));
#6425 = VECTOR('',#6426,1.);
#6426 = DIRECTION('',(0.,-1.,0.));
#6427 = ORIENTED_EDGE('',*,*,#6428,.F.);
#6428 = EDGE_CURVE('',#6318,#6421,#6429,.T.);
#6429 = LINE('',#6430,#6431);
#6430 = CARTESIAN_POINT('',(-0.45,0.4,1.1));
#6431 = VECTOR('',#6432,1.);
#6432 = DIRECTION('',(1.,0.,0.));
#6433 = PLANE('',#6434);
#6434 = AXIS2_PLACEMENT_3D('',#6435,#6436,#6437);
#6435 = CARTESIAN_POINT('',(-0.45,0.4,1.1));
#6436 = DIRECTION('',(0.,0.,1.));
#6437 = DIRECTION('',(1.,0.,-0.));
#6438 = ADVANCED_FACE('',(#6439),#6473,.T.);
#6439 = FACE_BOUND('',#6440,.T.);
#6440 = EDGE_LOOP('',(#6441,#6442,#6443,#6451,#6459,#6467));
#6441 = ORIENTED_EDGE('',*,*,#6420,.T.);
#6442 = ORIENTED_EDGE('',*,*,#6270,.T.);
#6443 = ORIENTED_EDGE('',*,*,#6444,.F.);
#6444 = EDGE_CURVE('',#6445,#6271,#6447,.T.);
#6445 = VERTEX_POINT('',#6446);
#6446 = CARTESIAN_POINT('',(0.5,-0.3,0.47));
#6447 = LINE('',#6448,#6449);
#6448 = CARTESIAN_POINT('',(0.5,0.4,0.47));
#6449 = VECTOR('',#6450,1.);
#6450 = DIRECTION('',(0.,-1.,0.));
#6451 = ORIENTED_EDGE('',*,*,#6452,.T.);
#6452 = EDGE_CURVE('',#6445,#6453,#6455,.T.);
#6453 = VERTEX_POINT('',#6454);
#6454 = CARTESIAN_POINT('',(0.5,0.3,0.47));
#6455 = LINE('',#6456,#6457);
#6456 = CARTESIAN_POINT('',(0.5,-0.4,0.47));
#6457 = VECTOR('',#6458,1.);
#6458 = DIRECTION('',(0.,1.,0.));
#6459 = ORIENTED_EDGE('',*,*,#6460,.F.);
#6460 = EDGE_CURVE('',#6461,#6453,#6463,.T.);
#6461 = VERTEX_POINT('',#6462);
#6462 = CARTESIAN_POINT('',(0.5,0.4,0.47));
#6463 = LINE('',#6464,#6465);
#6464 = CARTESIAN_POINT('',(0.5,0.4,0.47));
#6465 = VECTOR('',#6466,1.);
#6466 = DIRECTION('',(0.,-1.,0.));
#6467 = ORIENTED_EDGE('',*,*,#6468,.F.);
#6468 = EDGE_CURVE('',#6421,#6461,#6469,.T.);
#6469 = LINE('',#6470,#6471);
#6470 = CARTESIAN_POINT('',(0.45,0.4,1.1));
#6471 = VECTOR('',#6472,1.);
#6472 = DIRECTION('',(7.911630099815E-02,0.,-0.996865392576));
#6473 = PLANE('',#6474);
#6474 = AXIS2_PLACEMENT_3D('',#6475,#6476,#6477);
#6475 = CARTESIAN_POINT('',(0.45,0.4,1.1));
#6476 = DIRECTION('',(0.996865392576,0.,7.911630099815E-02));
#6477 = DIRECTION('',(7.911630099815E-02,0.,-0.996865392576));
#6478 = ADVANCED_FACE('',(#6479),#6504,.T.);
#6479 = FACE_BOUND('',#6480,.T.);
#6480 = EDGE_LOOP('',(#6481,#6489,#6497,#6503));
#6481 = ORIENTED_EDGE('',*,*,#6482,.F.);
#6482 = EDGE_CURVE('',#6483,#6293,#6485,.T.);
#6483 = VERTEX_POINT('',#6484);
#6484 = CARTESIAN_POINT('',(-0.725,0.4,0.47));
#6485 = LINE('',#6486,#6487);
#6486 = CARTESIAN_POINT('',(-0.77,0.4,0.47));
#6487 = VECTOR('',#6488,1.);
#6488 = DIRECTION('',(1.,0.,0.));
#6489 = ORIENTED_EDGE('',*,*,#6490,.F.);
#6490 = EDGE_CURVE('',#6491,#6483,#6493,.T.);
#6491 = VERTEX_POINT('',#6492);
#6492 = CARTESIAN_POINT('',(-0.725,0.3,0.47));
#6493 = LINE('',#6494,#6495);
#6494 = CARTESIAN_POINT('',(-0.725,5.E-02,0.47));
#6495 = VECTOR('',#6496,1.);
#6496 = DIRECTION('',(0.,1.,0.));
#6497 = ORIENTED_EDGE('',*,*,#6498,.F.);
#6498 = EDGE_CURVE('',#6295,#6491,#6499,.T.);
#6499 = LINE('',#6500,#6501);
#6500 = CARTESIAN_POINT('',(-0.7475,0.3,0.47));
#6501 = VECTOR('',#6502,1.);
#6502 = DIRECTION('',(-1.,0.,0.));
#6503 = ORIENTED_EDGE('',*,*,#6292,.F.);
#6504 = PLANE('',#6505);
#6505 = AXIS2_PLACEMENT_3D('',#6506,#6507,#6508);
#6506 = CARTESIAN_POINT('',(-0.77,-0.4,0.47));
#6507 = DIRECTION('',(0.,0.,1.));
#6508 = DIRECTION('',(1.,0.,-0.));
#6509 = ADVANCED_FACE('',(#6510),#6521,.T.);
#6510 = FACE_BOUND('',#6511,.T.);
#6511 = EDGE_LOOP('',(#6512,#6513,#6514,#6515));
#6512 = ORIENTED_EDGE('',*,*,#6325,.T.);
#6513 = ORIENTED_EDGE('',*,*,#6428,.T.);
#6514 = ORIENTED_EDGE('',*,*,#6468,.T.);
#6515 = ORIENTED_EDGE('',*,*,#6516,.T.);
#6516 = EDGE_CURVE('',#6461,#6293,#6517,.T.);
#6517 = LINE('',#6518,#6519);
#6518 = CARTESIAN_POINT('',(0.5,0.4,0.47));
#6519 = VECTOR('',#6520,1.);
#6520 = DIRECTION('',(-1.,0.,0.));
#6521 = PLANE('',#6522);
#6522 = AXIS2_PLACEMENT_3D('',#6523,#6524,#6525);
#6523 = CARTESIAN_POINT('',(-8.772411109409E-18,0.4,0.775044128294));
#6524 = DIRECTION('',(0.,1.,0.));
#6525 = DIRECTION('',(0.,-0.,1.));
#6526 = ADVANCED_FACE('',(#6527),#6554,.T.);
#6527 = FACE_BOUND('',#6528,.T.);
#6528 = EDGE_LOOP('',(#6529,#6538,#6546,#6553));
#6529 = ORIENTED_EDGE('',*,*,#6530,.F.);
#6530 = EDGE_CURVE('',#6531,#6295,#6533,.T.);
#6531 = VERTEX_POINT('',#6532);
#6532 = CARTESIAN_POINT('',(-0.53,0.3,0.5));
#6533 = CIRCLE('',#6534,3.E-02);
#6534 = AXIS2_PLACEMENT_3D('',#6535,#6536,#6537);
#6535 = CARTESIAN_POINT('',(-0.53,0.3,0.47));
#6536 = DIRECTION('',(-0.,1.,0.));
#6537 = DIRECTION('',(1.,0.,0.));
#6538 = ORIENTED_EDGE('',*,*,#6539,.F.);
#6539 = EDGE_CURVE('',#6540,#6531,#6542,.T.);
#6540 = VERTEX_POINT('',#6541);
#6541 = CARTESIAN_POINT('',(-0.53,-0.3,0.5));
#6542 = LINE('',#6543,#6544);
#6543 = CARTESIAN_POINT('',(-0.53,-0.4,0.5));
#6544 = VECTOR('',#6545,1.);
#6545 = DIRECTION('',(0.,1.,0.));
#6546 = ORIENTED_EDGE('',*,*,#6547,.T.);
#6547 = EDGE_CURVE('',#6540,#6303,#6548,.T.);
#6548 = CIRCLE('',#6549,3.E-02);
#6549 = AXIS2_PLACEMENT_3D('',#6550,#6551,#6552);
#6550 = CARTESIAN_POINT('',(-0.53,-0.3,0.47));
#6551 = DIRECTION('',(-0.,1.,0.));
#6552 = DIRECTION('',(1.,0.,0.));
#6553 = ORIENTED_EDGE('',*,*,#6302,.T.);
#6554 = CYLINDRICAL_SURFACE('',#6555,3.E-02);
#6555 = AXIS2_PLACEMENT_3D('',#6556,#6557,#6558);
#6556 = CARTESIAN_POINT('',(-0.53,-0.4,0.47));
#6557 = DIRECTION('',(0.,1.,0.));
#6558 = DIRECTION('',(1.,0.,0.));
#6559 = ADVANCED_FACE('',(#6560),#6578,.T.);
#6560 = FACE_BOUND('',#6561,.T.);
#6561 = EDGE_LOOP('',(#6562,#6570,#6571,#6572));
#6562 = ORIENTED_EDGE('',*,*,#6563,.F.);
#6563 = EDGE_CURVE('',#6358,#6564,#6566,.T.);
#6564 = VERTEX_POINT('',#6565);
#6565 = CARTESIAN_POINT('',(-0.725,-0.3,0.47));
#6566 = LINE('',#6567,#6568);
#6567 = CARTESIAN_POINT('',(-0.725,-0.35,0.47));
#6568 = VECTOR('',#6569,1.);
#6569 = DIRECTION('',(0.,1.,0.));
#6570 = ORIENTED_EDGE('',*,*,#6365,.T.);
#6571 = ORIENTED_EDGE('',*,*,#6310,.F.);
#6572 = ORIENTED_EDGE('',*,*,#6573,.F.);
#6573 = EDGE_CURVE('',#6564,#6303,#6574,.T.);
#6574 = LINE('',#6575,#6576);
#6575 = CARTESIAN_POINT('',(-2.25E-02,-0.3,0.47));
#6576 = VECTOR('',#6577,1.);
#6577 = DIRECTION('',(1.,0.,0.));
#6578 = PLANE('',#6579);
#6579 = AXIS2_PLACEMENT_3D('',#6580,#6581,#6582);
#6580 = CARTESIAN_POINT('',(-0.77,-0.4,0.47));
#6581 = DIRECTION('',(0.,0.,1.));
#6582 = DIRECTION('',(1.,0.,-0.));
#6583 = ADVANCED_FACE('',(#6584),#6645,.F.);
#6584 = FACE_BOUND('',#6585,.F.);
#6585 = EDGE_LOOP('',(#6586,#6596,#6605,#6613,#6622,#6630,#6636,#6637,
    #6638,#6639));
#6586 = ORIENTED_EDGE('',*,*,#6587,.F.);
#6587 = EDGE_CURVE('',#6588,#6590,#6592,.T.);
#6588 = VERTEX_POINT('',#6589);
#6589 = CARTESIAN_POINT('',(-0.77,-0.4,-3.469446951954E-18));
#6590 = VERTEX_POINT('',#6591);
#6591 = CARTESIAN_POINT('',(-0.725,-0.4,0.));
#6592 = LINE('',#6593,#6594);
#6593 = CARTESIAN_POINT('',(-0.8,-0.4,0.));
#6594 = VECTOR('',#6595,1.);
#6595 = DIRECTION('',(1.,0.,0.));
#6596 = ORIENTED_EDGE('',*,*,#6597,.F.);
#6597 = EDGE_CURVE('',#6598,#6588,#6600,.T.);
#6598 = VERTEX_POINT('',#6599);
#6599 = CARTESIAN_POINT('',(-0.8,-0.4,3.E-02));
#6600 = CIRCLE('',#6601,3.E-02);
#6601 = AXIS2_PLACEMENT_3D('',#6602,#6603,#6604);
#6602 = CARTESIAN_POINT('',(-0.77,-0.4,3.E-02));
#6603 = DIRECTION('',(0.,-1.,0.));
#6604 = DIRECTION('',(0.,0.,1.));
#6605 = ORIENTED_EDGE('',*,*,#6606,.T.);
#6606 = EDGE_CURVE('',#6598,#6607,#6609,.T.);
#6607 = VERTEX_POINT('',#6608);
#6608 = CARTESIAN_POINT('',(-0.8,-0.4,0.47));
#6609 = LINE('',#6610,#6611);
#6610 = CARTESIAN_POINT('',(-0.8,-0.4,0.));
#6611 = VECTOR('',#6612,1.);
#6612 = DIRECTION('',(0.,0.,1.));
#6613 = ORIENTED_EDGE('',*,*,#6614,.T.);
#6614 = EDGE_CURVE('',#6607,#6615,#6617,.T.);
#6615 = VERTEX_POINT('',#6616);
#6616 = CARTESIAN_POINT('',(-0.77,-0.4,0.5));
#6617 = CIRCLE('',#6618,3.E-02);
#6618 = AXIS2_PLACEMENT_3D('',#6619,#6620,#6621);
#6619 = CARTESIAN_POINT('',(-0.77,-0.4,0.47));
#6620 = DIRECTION('',(0.,1.,0.));
#6621 = DIRECTION('',(0.,-0.,1.));
#6622 = ORIENTED_EDGE('',*,*,#6623,.T.);
#6623 = EDGE_CURVE('',#6615,#6624,#6626,.T.);
#6624 = VERTEX_POINT('',#6625);
#6625 = CARTESIAN_POINT('',(-0.725,-0.4,0.5));
#6626 = LINE('',#6627,#6628);
#6627 = CARTESIAN_POINT('',(-0.8,-0.4,0.5));
#6628 = VECTOR('',#6629,1.);
#6629 = DIRECTION('',(1.,0.,0.));
#6630 = ORIENTED_EDGE('',*,*,#6631,.F.);
#6631 = EDGE_CURVE('',#6358,#6624,#6632,.T.);
#6632 = LINE('',#6633,#6634);
#6633 = CARTESIAN_POINT('',(-0.725,-0.4,0.375));
#6634 = VECTOR('',#6635,1.);
#6635 = DIRECTION('',(0.,0.,1.));
#6636 = ORIENTED_EDGE('',*,*,#6357,.F.);
#6637 = ORIENTED_EDGE('',*,*,#6349,.F.);
#6638 = ORIENTED_EDGE('',*,*,#6339,.T.);
#6639 = ORIENTED_EDGE('',*,*,#6640,.F.);
#6640 = EDGE_CURVE('',#6590,#6342,#6641,.T.);
#6641 = LINE('',#6642,#6643);
#6642 = CARTESIAN_POINT('',(-0.725,-0.4,0.375));
#6643 = VECTOR('',#6644,1.);
#6644 = DIRECTION('',(0.,0.,1.));
#6645 = PLANE('',#6646);
#6646 = AXIS2_PLACEMENT_3D('',#6647,#6648,#6649);
#6647 = CARTESIAN_POINT('',(-0.8,-0.4,0.));
#6648 = DIRECTION('',(0.,1.,0.));
#6649 = DIRECTION('',(0.,-0.,1.));
#6650 = ADVANCED_FACE('',(#6651,#6740),#6766,.F.);
#6651 = FACE_BOUND('',#6652,.F.);
#6652 = EDGE_LOOP('',(#6653,#6661,#6662,#6670,#6678,#6686,#6694,#6702,
    #6710,#6718,#6726,#6734));
#6653 = ORIENTED_EDGE('',*,*,#6654,.F.);
#6654 = EDGE_CURVE('',#6342,#6655,#6657,.T.);
#6655 = VERTEX_POINT('',#6656);
#6656 = CARTESIAN_POINT('',(-0.725,-0.3,3.E-02));
#6657 = LINE('',#6658,#6659);
#6658 = CARTESIAN_POINT('',(-0.725,-0.35,3.E-02));
#6659 = VECTOR('',#6660,1.);
#6660 = DIRECTION('',(0.,1.,0.));
#6661 = ORIENTED_EDGE('',*,*,#6404,.T.);
#6662 = ORIENTED_EDGE('',*,*,#6663,.F.);
#6663 = EDGE_CURVE('',#6664,#6397,#6666,.T.);
#6664 = VERTEX_POINT('',#6665);
#6665 = CARTESIAN_POINT('',(0.725,-0.3,3.E-02));
#6666 = LINE('',#6667,#6668);
#6667 = CARTESIAN_POINT('',(0.725,-0.45,3.E-02));
#6668 = VECTOR('',#6669,1.);
#6669 = DIRECTION('',(0.,-1.,0.));
#6670 = ORIENTED_EDGE('',*,*,#6671,.F.);
#6671 = EDGE_CURVE('',#6672,#6664,#6674,.T.);
#6672 = VERTEX_POINT('',#6673);
#6673 = CARTESIAN_POINT('',(0.5,-0.3,3.E-02));
#6674 = LINE('',#6675,#6676);
#6675 = CARTESIAN_POINT('',(-2.25E-02,-0.3,3.E-02));
#6676 = VECTOR('',#6677,1.);
#6677 = DIRECTION('',(1.,0.,0.));
#6678 = ORIENTED_EDGE('',*,*,#6679,.T.);
#6679 = EDGE_CURVE('',#6672,#6680,#6682,.T.);
#6680 = VERTEX_POINT('',#6681);
#6681 = CARTESIAN_POINT('',(0.5,0.3,3.E-02));
#6682 = LINE('',#6683,#6684);
#6683 = CARTESIAN_POINT('',(0.5,-0.4,3.E-02));
#6684 = VECTOR('',#6685,1.);
#6685 = DIRECTION('',(0.,1.,0.));
#6686 = ORIENTED_EDGE('',*,*,#6687,.F.);
#6687 = EDGE_CURVE('',#6688,#6680,#6690,.T.);
#6688 = VERTEX_POINT('',#6689);
#6689 = CARTESIAN_POINT('',(0.725,0.3,3.E-02));
#6690 = LINE('',#6691,#6692);
#6691 = CARTESIAN_POINT('',(-0.7475,0.3,3.E-02));
#6692 = VECTOR('',#6693,1.);
#6693 = DIRECTION('',(-1.,0.,0.));
#6694 = ORIENTED_EDGE('',*,*,#6695,.F.);
#6695 = EDGE_CURVE('',#6696,#6688,#6698,.T.);
#6696 = VERTEX_POINT('',#6697);
#6697 = CARTESIAN_POINT('',(0.725,0.4,3.E-02));
#6698 = LINE('',#6699,#6700);
#6699 = CARTESIAN_POINT('',(0.725,-5.E-02,3.E-02));
#6700 = VECTOR('',#6701,1.);
#6701 = DIRECTION('',(0.,-1.,0.));
#6702 = ORIENTED_EDGE('',*,*,#6703,.F.);
#6703 = EDGE_CURVE('',#6704,#6696,#6706,.T.);
#6704 = VERTEX_POINT('',#6705);
#6705 = CARTESIAN_POINT('',(-0.725,0.4,3.E-02));
#6706 = LINE('',#6707,#6708);
#6707 = CARTESIAN_POINT('',(-0.77,0.4,3.E-02));
#6708 = VECTOR('',#6709,1.);
#6709 = DIRECTION('',(1.,0.,0.));
#6710 = ORIENTED_EDGE('',*,*,#6711,.F.);
#6711 = EDGE_CURVE('',#6712,#6704,#6714,.T.);
#6712 = VERTEX_POINT('',#6713);
#6713 = CARTESIAN_POINT('',(-0.725,0.3,3.E-02));
#6714 = LINE('',#6715,#6716);
#6715 = CARTESIAN_POINT('',(-0.725,5.E-02,3.E-02));
#6716 = VECTOR('',#6717,1.);
#6717 = DIRECTION('',(0.,1.,0.));
#6718 = ORIENTED_EDGE('',*,*,#6719,.F.);
#6719 = EDGE_CURVE('',#6720,#6712,#6722,.T.);
#6720 = VERTEX_POINT('',#6721);
#6721 = CARTESIAN_POINT('',(-0.5,0.3,3.E-02));
#6722 = LINE('',#6723,#6724);
#6723 = CARTESIAN_POINT('',(-0.7475,0.3,3.E-02));
#6724 = VECTOR('',#6725,1.);
#6725 = DIRECTION('',(-1.,0.,0.));
#6726 = ORIENTED_EDGE('',*,*,#6727,.F.);
#6727 = EDGE_CURVE('',#6728,#6720,#6730,.T.);
#6728 = VERTEX_POINT('',#6729);
#6729 = CARTESIAN_POINT('',(-0.5,-0.3,3.E-02));
#6730 = LINE('',#6731,#6732);
#6731 = CARTESIAN_POINT('',(-0.5,-0.4,3.E-02));
#6732 = VECTOR('',#6733,1.);
#6733 = DIRECTION('',(0.,1.,0.));
#6734 = ORIENTED_EDGE('',*,*,#6735,.F.);
#6735 = EDGE_CURVE('',#6655,#6728,#6736,.T.);
#6736 = LINE('',#6737,#6738);
#6737 = CARTESIAN_POINT('',(-2.25E-02,-0.3,3.E-02));
#6738 = VECTOR('',#6739,1.);
#6739 = DIRECTION('',(1.,0.,0.));
#6740 = FACE_BOUND('',#6741,.F.);
#6741 = EDGE_LOOP('',(#6742,#6752,#6760));
#6742 = ORIENTED_EDGE('',*,*,#6743,.T.);
#6743 = EDGE_CURVE('',#6744,#6746,#6748,.T.);
#6744 = VERTEX_POINT('',#6745);
#6745 = CARTESIAN_POINT('',(0.277128129211,0.32,3.E-02));
#6746 = VERTEX_POINT('',#6747);
#6747 = CARTESIAN_POINT('',(0.277128129211,-0.32,3.E-02));
#6748 = LINE('',#6749,#6750);
#6749 = CARTESIAN_POINT('',(0.277128129211,0.32,3.E-02));
#6750 = VECTOR('',#6751,1.);
#6751 = DIRECTION('',(0.,-1.,0.));
#6752 = ORIENTED_EDGE('',*,*,#6753,.T.);
#6753 = EDGE_CURVE('',#6746,#6754,#6756,.T.);
#6754 = VERTEX_POINT('',#6755);
#6755 = CARTESIAN_POINT('',(-0.277128129211,0.,3.E-02));
#6756 = LINE('',#6757,#6758);
#6757 = CARTESIAN_POINT('',(0.277128129211,-0.32,3.E-02));
#6758 = VECTOR('',#6759,1.);
#6759 = DIRECTION('',(-0.866025403784,0.5,0.));
#6760 = ORIENTED_EDGE('',*,*,#6761,.T.);
#6761 = EDGE_CURVE('',#6754,#6744,#6762,.T.);
#6762 = LINE('',#6763,#6764);
#6763 = CARTESIAN_POINT('',(-0.277128129211,0.,3.E-02));
#6764 = VECTOR('',#6765,1.);
#6765 = DIRECTION('',(0.866025403784,0.5,0.));
#6766 = PLANE('',#6767);
#6767 = AXIS2_PLACEMENT_3D('',#6768,#6769,#6770);
#6768 = CARTESIAN_POINT('',(-0.77,-0.4,3.E-02));
#6769 = DIRECTION('',(0.,0.,1.));
#6770 = DIRECTION('',(1.,0.,-0.));
#6771 = ADVANCED_FACE('',(#6772),#6833,.F.);
#6772 = FACE_BOUND('',#6773,.F.);
#6773 = EDGE_LOOP('',(#6774,#6784,#6790,#6791,#6792,#6793,#6801,#6809,
    #6818,#6826));
#6774 = ORIENTED_EDGE('',*,*,#6775,.F.);
#6775 = EDGE_CURVE('',#6776,#6778,#6780,.T.);
#6776 = VERTEX_POINT('',#6777);
#6777 = CARTESIAN_POINT('',(0.725,-0.4,0.));
#6778 = VERTEX_POINT('',#6779);
#6779 = CARTESIAN_POINT('',(0.77,-0.4,-3.469446951954E-18));
#6780 = LINE('',#6781,#6782);
#6781 = CARTESIAN_POINT('',(0.5,-0.4,0.));
#6782 = VECTOR('',#6783,1.);
#6783 = DIRECTION('',(1.,0.,0.));
#6784 = ORIENTED_EDGE('',*,*,#6785,.F.);
#6785 = EDGE_CURVE('',#6397,#6776,#6786,.T.);
#6786 = LINE('',#6787,#6788);
#6787 = CARTESIAN_POINT('',(0.725,-0.4,0.375));
#6788 = VECTOR('',#6789,1.);
#6789 = DIRECTION('',(0.,0.,-1.));
#6790 = ORIENTED_EDGE('',*,*,#6396,.T.);
#6791 = ORIENTED_EDGE('',*,*,#6388,.T.);
#6792 = ORIENTED_EDGE('',*,*,#6380,.F.);
#6793 = ORIENTED_EDGE('',*,*,#6794,.F.);
#6794 = EDGE_CURVE('',#6795,#6373,#6797,.T.);
#6795 = VERTEX_POINT('',#6796);
#6796 = CARTESIAN_POINT('',(0.725,-0.4,0.5));
#6797 = LINE('',#6798,#6799);
#6798 = CARTESIAN_POINT('',(0.725,-0.4,0.375));
#6799 = VECTOR('',#6800,1.);
#6800 = DIRECTION('',(0.,0.,-1.));
#6801 = ORIENTED_EDGE('',*,*,#6802,.T.);
#6802 = EDGE_CURVE('',#6795,#6803,#6805,.T.);
#6803 = VERTEX_POINT('',#6804);
#6804 = CARTESIAN_POINT('',(0.77,-0.4,0.5));
#6805 = LINE('',#6806,#6807);
#6806 = CARTESIAN_POINT('',(0.5,-0.4,0.5));
#6807 = VECTOR('',#6808,1.);
#6808 = DIRECTION('',(1.,0.,0.));
#6809 = ORIENTED_EDGE('',*,*,#6810,.F.);
#6810 = EDGE_CURVE('',#6811,#6803,#6813,.T.);
#6811 = VERTEX_POINT('',#6812);
#6812 = CARTESIAN_POINT('',(0.8,-0.4,0.47));
#6813 = CIRCLE('',#6814,3.E-02);
#6814 = AXIS2_PLACEMENT_3D('',#6815,#6816,#6817);
#6815 = CARTESIAN_POINT('',(0.77,-0.4,0.47));
#6816 = DIRECTION('',(0.,-1.,0.));
#6817 = DIRECTION('',(0.,0.,1.));
#6818 = ORIENTED_EDGE('',*,*,#6819,.F.);
#6819 = EDGE_CURVE('',#6820,#6811,#6822,.T.);
#6820 = VERTEX_POINT('',#6821);
#6821 = CARTESIAN_POINT('',(0.8,-0.4,3.E-02));
#6822 = LINE('',#6823,#6824);
#6823 = CARTESIAN_POINT('',(0.8,-0.4,0.));
#6824 = VECTOR('',#6825,1.);
#6825 = DIRECTION('',(0.,0.,1.));
#6826 = ORIENTED_EDGE('',*,*,#6827,.T.);
#6827 = EDGE_CURVE('',#6820,#6778,#6828,.T.);
#6828 = CIRCLE('',#6829,3.E-02);
#6829 = AXIS2_PLACEMENT_3D('',#6830,#6831,#6832);
#6830 = CARTESIAN_POINT('',(0.77,-0.4,3.E-02));
#6831 = DIRECTION('',(0.,1.,0.));
#6832 = DIRECTION('',(0.,-0.,1.));
#6833 = PLANE('',#6834);
#6834 = AXIS2_PLACEMENT_3D('',#6835,#6836,#6837);
#6835 = CARTESIAN_POINT('',(0.5,-0.4,0.));
#6836 = DIRECTION('',(0.,1.,0.));
#6837 = DIRECTION('',(0.,-0.,1.));
#6838 = ADVANCED_FACE('',(#6839),#6857,.T.);
#6839 = FACE_BOUND('',#6840,.T.);
#6840 = EDGE_LOOP('',(#6841,#6849,#6850,#6851));
#6841 = ORIENTED_EDGE('',*,*,#6842,.F.);
#6842 = EDGE_CURVE('',#6445,#6843,#6845,.T.);
#6843 = VERTEX_POINT('',#6844);
#6844 = CARTESIAN_POINT('',(0.725,-0.3,0.47));
#6845 = LINE('',#6846,#6847);
#6846 = CARTESIAN_POINT('',(-2.25E-02,-0.3,0.47));
#6847 = VECTOR('',#6848,1.);
#6848 = DIRECTION('',(1.,0.,0.));
#6849 = ORIENTED_EDGE('',*,*,#6444,.T.);
#6850 = ORIENTED_EDGE('',*,*,#6372,.T.);
#6851 = ORIENTED_EDGE('',*,*,#6852,.F.);
#6852 = EDGE_CURVE('',#6843,#6373,#6853,.T.);
#6853 = LINE('',#6854,#6855);
#6854 = CARTESIAN_POINT('',(0.725,-0.45,0.47));
#6855 = VECTOR('',#6856,1.);
#6856 = DIRECTION('',(0.,-1.,0.));
#6857 = PLANE('',#6858);
#6858 = AXIS2_PLACEMENT_3D('',#6859,#6860,#6861);
#6859 = CARTESIAN_POINT('',(-0.77,-0.4,0.47));
#6860 = DIRECTION('',(0.,0.,1.));
#6861 = DIRECTION('',(1.,0.,-0.));
#6862 = ADVANCED_FACE('',(#6863),#6888,.T.);
#6863 = FACE_BOUND('',#6864,.T.);
#6864 = EDGE_LOOP('',(#6865,#6873,#6874,#6882));
#6865 = ORIENTED_EDGE('',*,*,#6866,.F.);
#6866 = EDGE_CURVE('',#6461,#6867,#6869,.T.);
#6867 = VERTEX_POINT('',#6868);
#6868 = CARTESIAN_POINT('',(0.725,0.4,0.47));
#6869 = LINE('',#6870,#6871);
#6870 = CARTESIAN_POINT('',(-0.77,0.4,0.47));
#6871 = VECTOR('',#6872,1.);
#6872 = DIRECTION('',(1.,0.,0.));
#6873 = ORIENTED_EDGE('',*,*,#6460,.T.);
#6874 = ORIENTED_EDGE('',*,*,#6875,.F.);
#6875 = EDGE_CURVE('',#6876,#6453,#6878,.T.);
#6876 = VERTEX_POINT('',#6877);
#6877 = CARTESIAN_POINT('',(0.725,0.3,0.47));
#6878 = LINE('',#6879,#6880);
#6879 = CARTESIAN_POINT('',(-0.7475,0.3,0.47));
#6880 = VECTOR('',#6881,1.);
#6881 = DIRECTION('',(-1.,0.,0.));
#6882 = ORIENTED_EDGE('',*,*,#6883,.F.);
#6883 = EDGE_CURVE('',#6867,#6876,#6884,.T.);
#6884 = LINE('',#6885,#6886);
#6885 = CARTESIAN_POINT('',(0.725,-5.E-02,0.47));
#6886 = VECTOR('',#6887,1.);
#6887 = DIRECTION('',(0.,-1.,0.));
#6888 = PLANE('',#6889);
#6889 = AXIS2_PLACEMENT_3D('',#6890,#6891,#6892);
#6890 = CARTESIAN_POINT('',(-0.77,-0.4,0.47));
#6891 = DIRECTION('',(0.,0.,1.));
#6892 = DIRECTION('',(1.,0.,-0.));
#6893 = ADVANCED_FACE('',(#6894),#6921,.T.);
#6894 = FACE_BOUND('',#6895,.T.);
#6895 = EDGE_LOOP('',(#6896,#6897,#6906,#6914));
#6896 = ORIENTED_EDGE('',*,*,#6452,.F.);
#6897 = ORIENTED_EDGE('',*,*,#6898,.T.);
#6898 = EDGE_CURVE('',#6445,#6899,#6901,.T.);
#6899 = VERTEX_POINT('',#6900);
#6900 = CARTESIAN_POINT('',(0.53,-0.3,0.5));
#6901 = CIRCLE('',#6902,3.E-02);
#6902 = AXIS2_PLACEMENT_3D('',#6903,#6904,#6905);
#6903 = CARTESIAN_POINT('',(0.53,-0.3,0.47));
#6904 = DIRECTION('',(0.,1.,-0.));
#6905 = DIRECTION('',(-1.,0.,0.));
#6906 = ORIENTED_EDGE('',*,*,#6907,.T.);
#6907 = EDGE_CURVE('',#6899,#6908,#6910,.T.);
#6908 = VERTEX_POINT('',#6909);
#6909 = CARTESIAN_POINT('',(0.53,0.3,0.5));
#6910 = LINE('',#6911,#6912);
#6911 = CARTESIAN_POINT('',(0.53,-0.4,0.5));
#6912 = VECTOR('',#6913,1.);
#6913 = DIRECTION('',(0.,1.,0.));
#6914 = ORIENTED_EDGE('',*,*,#6915,.F.);
#6915 = EDGE_CURVE('',#6453,#6908,#6916,.T.);
#6916 = CIRCLE('',#6917,3.E-02);
#6917 = AXIS2_PLACEMENT_3D('',#6918,#6919,#6920);
#6918 = CARTESIAN_POINT('',(0.53,0.3,0.47));
#6919 = DIRECTION('',(0.,1.,-0.));
#6920 = DIRECTION('',(-1.,0.,0.));
#6921 = CYLINDRICAL_SURFACE('',#6922,3.E-02);
#6922 = AXIS2_PLACEMENT_3D('',#6923,#6924,#6925);
#6923 = CARTESIAN_POINT('',(0.53,-0.4,0.47));
#6924 = DIRECTION('',(0.,1.,0.));
#6925 = DIRECTION('',(-1.,0.,0.));
#6926 = ADVANCED_FACE('',(#6927),#6977,.T.);
#6927 = FACE_BOUND('',#6928,.T.);
#6928 = EDGE_LOOP('',(#6929,#6937,#6945,#6951,#6952,#6953,#6954,#6962,
    #6970,#6976));
#6929 = ORIENTED_EDGE('',*,*,#6930,.F.);
#6930 = EDGE_CURVE('',#6931,#6704,#6933,.T.);
#6931 = VERTEX_POINT('',#6932);
#6932 = CARTESIAN_POINT('',(-0.77,0.4,3.E-02));
#6933 = LINE('',#6934,#6935);
#6934 = CARTESIAN_POINT('',(-0.77,0.4,3.E-02));
#6935 = VECTOR('',#6936,1.);
#6936 = DIRECTION('',(1.,0.,0.));
#6937 = ORIENTED_EDGE('',*,*,#6938,.T.);
#6938 = EDGE_CURVE('',#6931,#6939,#6941,.T.);
#6939 = VERTEX_POINT('',#6940);
#6940 = CARTESIAN_POINT('',(-0.77,0.4,0.47));
#6941 = LINE('',#6942,#6943);
#6942 = CARTESIAN_POINT('',(-0.77,0.4,3.E-02));
#6943 = VECTOR('',#6944,1.);
#6944 = DIRECTION('',(0.,0.,1.));
#6945 = ORIENTED_EDGE('',*,*,#6946,.T.);
#6946 = EDGE_CURVE('',#6939,#6483,#6947,.T.);
#6947 = LINE('',#6948,#6949);
#6948 = CARTESIAN_POINT('',(-0.77,0.4,0.47));
#6949 = VECTOR('',#6950,1.);
#6950 = DIRECTION('',(1.,0.,0.));
#6951 = ORIENTED_EDGE('',*,*,#6482,.T.);
#6952 = ORIENTED_EDGE('',*,*,#6516,.F.);
#6953 = ORIENTED_EDGE('',*,*,#6866,.T.);
#6954 = ORIENTED_EDGE('',*,*,#6955,.T.);
#6955 = EDGE_CURVE('',#6867,#6956,#6958,.T.);
#6956 = VERTEX_POINT('',#6957);
#6957 = CARTESIAN_POINT('',(0.77,0.4,0.47));
#6958 = LINE('',#6959,#6960);
#6959 = CARTESIAN_POINT('',(-0.77,0.4,0.47));
#6960 = VECTOR('',#6961,1.);
#6961 = DIRECTION('',(1.,0.,0.));
#6962 = ORIENTED_EDGE('',*,*,#6963,.F.);
#6963 = EDGE_CURVE('',#6964,#6956,#6966,.T.);
#6964 = VERTEX_POINT('',#6965);
#6965 = CARTESIAN_POINT('',(0.77,0.4,3.E-02));
#6966 = LINE('',#6967,#6968);
#6967 = CARTESIAN_POINT('',(0.77,0.4,3.E-02));
#6968 = VECTOR('',#6969,1.);
#6969 = DIRECTION('',(0.,0.,1.));
#6970 = ORIENTED_EDGE('',*,*,#6971,.F.);
#6971 = EDGE_CURVE('',#6696,#6964,#6972,.T.);
#6972 = LINE('',#6973,#6974);
#6973 = CARTESIAN_POINT('',(-0.77,0.4,3.E-02));
#6974 = VECTOR('',#6975,1.);
#6975 = DIRECTION('',(1.,0.,0.));
#6976 = ORIENTED_EDGE('',*,*,#6703,.F.);
#6977 = PLANE('',#6978);
#6978 = AXIS2_PLACEMENT_3D('',#6979,#6980,#6981);
#6979 = CARTESIAN_POINT('',(-0.77,0.4,3.E-02));
#6980 = DIRECTION('',(0.,1.,0.));
#6981 = DIRECTION('',(0.,-0.,1.));
#6982 = ADVANCED_FACE('',(#6983),#7001,.F.);
#6983 = FACE_BOUND('',#6984,.F.);
#6984 = EDGE_LOOP('',(#6985,#6993,#6999,#7000));
#6985 = ORIENTED_EDGE('',*,*,#6986,.F.);
#6986 = EDGE_CURVE('',#6987,#6531,#6989,.T.);
#6987 = VERTEX_POINT('',#6988);
#6988 = CARTESIAN_POINT('',(-0.725,0.3,0.5));
#6989 = LINE('',#6990,#6991);
#6990 = CARTESIAN_POINT('',(-0.7625,0.3,0.5));
#6991 = VECTOR('',#6992,1.);
#6992 = DIRECTION('',(1.,0.,0.));
#6993 = ORIENTED_EDGE('',*,*,#6994,.T.);
#6994 = EDGE_CURVE('',#6987,#6491,#6995,.T.);
#6995 = LINE('',#6996,#6997);
#6996 = CARTESIAN_POINT('',(-0.725,0.3,0.75));
#6997 = VECTOR('',#6998,1.);
#6998 = DIRECTION('',(-0.,-0.,-1.));
#6999 = ORIENTED_EDGE('',*,*,#6498,.F.);
#7000 = ORIENTED_EDGE('',*,*,#6530,.F.);
#7001 = PLANE('',#7002);
#7002 = AXIS2_PLACEMENT_3D('',#7003,#7004,#7005);
#7003 = CARTESIAN_POINT('',(-0.725,0.3,0.75));
#7004 = DIRECTION('',(0.,-1.,0.));
#7005 = DIRECTION('',(1.,0.,0.));
#7006 = ADVANCED_FACE('',(#7007),#7025,.F.);
#7007 = FACE_BOUND('',#7008,.F.);
#7008 = EDGE_LOOP('',(#7009,#7010,#7018,#7024));
#7009 = ORIENTED_EDGE('',*,*,#6994,.F.);
#7010 = ORIENTED_EDGE('',*,*,#7011,.F.);
#7011 = EDGE_CURVE('',#7012,#6987,#7014,.T.);
#7012 = VERTEX_POINT('',#7013);
#7013 = CARTESIAN_POINT('',(-0.725,0.4,0.5));
#7014 = LINE('',#7015,#7016);
#7015 = CARTESIAN_POINT('',(-0.725,5.E-02,0.5));
#7016 = VECTOR('',#7017,1.);
#7017 = DIRECTION('',(0.,-1.,0.));
#7018 = ORIENTED_EDGE('',*,*,#7019,.F.);
#7019 = EDGE_CURVE('',#6483,#7012,#7020,.T.);
#7020 = LINE('',#7021,#7022);
#7021 = CARTESIAN_POINT('',(-0.725,0.4,0.375));
#7022 = VECTOR('',#7023,1.);
#7023 = DIRECTION('',(0.,0.,1.));
#7024 = ORIENTED_EDGE('',*,*,#6490,.F.);
#7025 = PLANE('',#7026);
#7026 = AXIS2_PLACEMENT_3D('',#7027,#7028,#7029);
#7027 = CARTESIAN_POINT('',(-0.725,0.5,0.75));
#7028 = DIRECTION('',(-1.,0.,0.));
#7029 = DIRECTION('',(0.,-1.,0.));
#7030 = ADVANCED_FACE('',(#7031),#7049,.F.);
#7031 = FACE_BOUND('',#7032,.F.);
#7032 = EDGE_LOOP('',(#7033,#7041,#7047,#7048));
#7033 = ORIENTED_EDGE('',*,*,#7034,.F.);
#7034 = EDGE_CURVE('',#7035,#6564,#7037,.T.);
#7035 = VERTEX_POINT('',#7036);
#7036 = CARTESIAN_POINT('',(-0.725,-0.3,0.5));
#7037 = LINE('',#7038,#7039);
#7038 = CARTESIAN_POINT('',(-0.725,-0.3,0.75));
#7039 = VECTOR('',#7040,1.);
#7040 = DIRECTION('',(-0.,-0.,-1.));
#7041 = ORIENTED_EDGE('',*,*,#7042,.F.);
#7042 = EDGE_CURVE('',#6540,#7035,#7043,.T.);
#7043 = LINE('',#7044,#7045);
#7044 = CARTESIAN_POINT('',(-3.75E-02,-0.3,0.5));
#7045 = VECTOR('',#7046,1.);
#7046 = DIRECTION('',(-1.,0.,0.));
#7047 = ORIENTED_EDGE('',*,*,#6547,.T.);
#7048 = ORIENTED_EDGE('',*,*,#6573,.F.);
#7049 = PLANE('',#7050);
#7050 = AXIS2_PLACEMENT_3D('',#7051,#7052,#7053);
#7051 = CARTESIAN_POINT('',(0.725,-0.3,0.75));
#7052 = DIRECTION('',(0.,1.,0.));
#7053 = DIRECTION('',(-1.,0.,0.));
#7054 = ADVANCED_FACE('',(#7055),#7082,.T.);
#7055 = FACE_BOUND('',#7056,.T.);
#7056 = EDGE_LOOP('',(#7057,#7065,#7071,#7072,#7078,#7079,#7080,#7081));
#7057 = ORIENTED_EDGE('',*,*,#7058,.F.);
#7058 = EDGE_CURVE('',#7059,#7012,#7061,.T.);
#7059 = VERTEX_POINT('',#7060);
#7060 = CARTESIAN_POINT('',(-0.77,0.4,0.5));
#7061 = LINE('',#7062,#7063);
#7062 = CARTESIAN_POINT('',(-0.8,0.4,0.5));
#7063 = VECTOR('',#7064,1.);
#7064 = DIRECTION('',(1.,0.,0.));
#7065 = ORIENTED_EDGE('',*,*,#7066,.F.);
#7066 = EDGE_CURVE('',#6615,#7059,#7067,.T.);
#7067 = LINE('',#7068,#7069);
#7068 = CARTESIAN_POINT('',(-0.77,-0.4,0.5));
#7069 = VECTOR('',#7070,1.);
#7070 = DIRECTION('',(0.,1.,0.));
#7071 = ORIENTED_EDGE('',*,*,#6623,.T.);
#7072 = ORIENTED_EDGE('',*,*,#7073,.F.);
#7073 = EDGE_CURVE('',#7035,#6624,#7074,.T.);
#7074 = LINE('',#7075,#7076);
#7075 = CARTESIAN_POINT('',(-0.725,-0.35,0.5));
#7076 = VECTOR('',#7077,1.);
#7077 = DIRECTION('',(0.,-1.,0.));
#7078 = ORIENTED_EDGE('',*,*,#7042,.F.);
#7079 = ORIENTED_EDGE('',*,*,#6539,.T.);
#7080 = ORIENTED_EDGE('',*,*,#6986,.F.);
#7081 = ORIENTED_EDGE('',*,*,#7011,.F.);
#7082 = PLANE('',#7083);
#7083 = AXIS2_PLACEMENT_3D('',#7084,#7085,#7086);
#7084 = CARTESIAN_POINT('',(-0.8,-0.4,0.5));
#7085 = DIRECTION('',(0.,0.,1.));
#7086 = DIRECTION('',(1.,0.,-0.));
#7087 = ADVANCED_FACE('',(#7088),#7094,.F.);
#7088 = FACE_BOUND('',#7089,.F.);
#7089 = EDGE_LOOP('',(#7090,#7091,#7092,#7093));
#7090 = ORIENTED_EDGE('',*,*,#7073,.F.);
#7091 = ORIENTED_EDGE('',*,*,#7034,.T.);
#7092 = ORIENTED_EDGE('',*,*,#6563,.F.);
#7093 = ORIENTED_EDGE('',*,*,#6631,.T.);
#7094 = PLANE('',#7095);
#7095 = AXIS2_PLACEMENT_3D('',#7096,#7097,#7098);
#7096 = CARTESIAN_POINT('',(-0.725,-0.3,0.75));
#7097 = DIRECTION('',(-1.,0.,0.));
#7098 = DIRECTION('',(0.,-1.,0.));
#7099 = ADVANCED_FACE('',(#7100),#7157,.F.);
#7100 = FACE_BOUND('',#7101,.F.);
#7101 = EDGE_LOOP('',(#7102,#7112,#7118,#7119,#7127,#7135,#7143,#7151));
#7102 = ORIENTED_EDGE('',*,*,#7103,.F.);
#7103 = EDGE_CURVE('',#7104,#7106,#7108,.T.);
#7104 = VERTEX_POINT('',#7105);
#7105 = CARTESIAN_POINT('',(-0.77,0.4,-3.469446951954E-18));
#7106 = VERTEX_POINT('',#7107);
#7107 = CARTESIAN_POINT('',(-0.725,0.4,0.));
#7108 = LINE('',#7109,#7110);
#7109 = CARTESIAN_POINT('',(-0.8,0.4,0.));
#7110 = VECTOR('',#7111,1.);
#7111 = DIRECTION('',(1.,0.,0.));
#7112 = ORIENTED_EDGE('',*,*,#7113,.F.);
#7113 = EDGE_CURVE('',#6588,#7104,#7114,.T.);
#7114 = LINE('',#7115,#7116);
#7115 = CARTESIAN_POINT('',(-0.77,-0.4,-3.469446951954E-18));
#7116 = VECTOR('',#7117,1.);
#7117 = DIRECTION('',(0.,1.,0.));
#7118 = ORIENTED_EDGE('',*,*,#6587,.T.);
#7119 = ORIENTED_EDGE('',*,*,#7120,.F.);
#7120 = EDGE_CURVE('',#7121,#6590,#7123,.T.);
#7121 = VERTEX_POINT('',#7122);
#7122 = CARTESIAN_POINT('',(-0.725,-0.3,0.));
#7123 = LINE('',#7124,#7125);
#7124 = CARTESIAN_POINT('',(-0.725,-0.35,0.));
#7125 = VECTOR('',#7126,1.);
#7126 = DIRECTION('',(0.,-1.,0.));
#7127 = ORIENTED_EDGE('',*,*,#7128,.F.);
#7128 = EDGE_CURVE('',#7129,#7121,#7131,.T.);
#7129 = VERTEX_POINT('',#7130);
#7130 = CARTESIAN_POINT('',(-0.53,-0.3,-3.469446951954E-18));
#7131 = LINE('',#7132,#7133);
#7132 = CARTESIAN_POINT('',(-3.75E-02,-0.3,0.));
#7133 = VECTOR('',#7134,1.);
#7134 = DIRECTION('',(-1.,0.,0.));
#7135 = ORIENTED_EDGE('',*,*,#7136,.T.);
#7136 = EDGE_CURVE('',#7129,#7137,#7139,.T.);
#7137 = VERTEX_POINT('',#7138);
#7138 = CARTESIAN_POINT('',(-0.53,0.3,-3.469446951954E-18));
#7139 = LINE('',#7140,#7141);
#7140 = CARTESIAN_POINT('',(-0.53,-0.4,-3.469446951954E-18));
#7141 = VECTOR('',#7142,1.);
#7142 = DIRECTION('',(0.,1.,0.));
#7143 = ORIENTED_EDGE('',*,*,#7144,.F.);
#7144 = EDGE_CURVE('',#7145,#7137,#7147,.T.);
#7145 = VERTEX_POINT('',#7146);
#7146 = CARTESIAN_POINT('',(-0.725,0.3,0.));
#7147 = LINE('',#7148,#7149);
#7148 = CARTESIAN_POINT('',(-0.7625,0.3,0.));
#7149 = VECTOR('',#7150,1.);
#7150 = DIRECTION('',(1.,0.,0.));
#7151 = ORIENTED_EDGE('',*,*,#7152,.F.);
#7152 = EDGE_CURVE('',#7106,#7145,#7153,.T.);
#7153 = LINE('',#7154,#7155);
#7154 = CARTESIAN_POINT('',(-0.725,5.E-02,0.));
#7155 = VECTOR('',#7156,1.);
#7156 = DIRECTION('',(0.,-1.,0.));
#7157 = PLANE('',#7158);
#7158 = AXIS2_PLACEMENT_3D('',#7159,#7160,#7161);
#7159 = CARTESIAN_POINT('',(-0.8,-0.4,0.));
#7160 = DIRECTION('',(0.,0.,1.));
#7161 = DIRECTION('',(1.,0.,-0.));
#7162 = ADVANCED_FACE('',(#7163),#7182,.T.);
#7163 = FACE_BOUND('',#7164,.T.);
#7164 = EDGE_LOOP('',(#7165,#7173,#7180,#7181));
#7165 = ORIENTED_EDGE('',*,*,#7166,.T.);
#7166 = EDGE_CURVE('',#6598,#7167,#7169,.T.);
#7167 = VERTEX_POINT('',#7168);
#7168 = CARTESIAN_POINT('',(-0.8,0.4,3.E-02));
#7169 = LINE('',#7170,#7171);
#7170 = CARTESIAN_POINT('',(-0.8,-0.4,3.E-02));
#7171 = VECTOR('',#7172,1.);
#7172 = DIRECTION('',(0.,1.,0.));
#7173 = ORIENTED_EDGE('',*,*,#7174,.T.);
#7174 = EDGE_CURVE('',#7167,#7104,#7175,.T.);
#7175 = CIRCLE('',#7176,3.E-02);
#7176 = AXIS2_PLACEMENT_3D('',#7177,#7178,#7179);
#7177 = CARTESIAN_POINT('',(-0.77,0.4,3.E-02));
#7178 = DIRECTION('',(0.,-1.,0.));
#7179 = DIRECTION('',(0.,0.,1.));
#7180 = ORIENTED_EDGE('',*,*,#7113,.F.);
#7181 = ORIENTED_EDGE('',*,*,#6597,.F.);
#7182 = CYLINDRICAL_SURFACE('',#7183,3.E-02);
#7183 = AXIS2_PLACEMENT_3D('',#7184,#7185,#7186);
#7184 = CARTESIAN_POINT('',(-0.77,-0.4,3.E-02));
#7185 = DIRECTION('',(0.,1.,0.));
#7186 = DIRECTION('',(-1.,0.,0.));
#7187 = ADVANCED_FACE('',(#7188),#7199,.F.);
#7188 = FACE_BOUND('',#7189,.F.);
#7189 = EDGE_LOOP('',(#7190,#7191,#7197,#7198));
#7190 = ORIENTED_EDGE('',*,*,#6654,.T.);
#7191 = ORIENTED_EDGE('',*,*,#7192,.T.);
#7192 = EDGE_CURVE('',#6655,#7121,#7193,.T.);
#7193 = LINE('',#7194,#7195);
#7194 = CARTESIAN_POINT('',(-0.725,-0.3,0.75));
#7195 = VECTOR('',#7196,1.);
#7196 = DIRECTION('',(-0.,-0.,-1.));
#7197 = ORIENTED_EDGE('',*,*,#7120,.T.);
#7198 = ORIENTED_EDGE('',*,*,#6640,.T.);
#7199 = PLANE('',#7200);
#7200 = AXIS2_PLACEMENT_3D('',#7201,#7202,#7203);
#7201 = CARTESIAN_POINT('',(-0.725,-0.3,0.75));
#7202 = DIRECTION('',(-1.,0.,0.));
#7203 = DIRECTION('',(0.,-1.,0.));
#7204 = ADVANCED_FACE('',(#7205),#7223,.F.);
#7205 = FACE_BOUND('',#7206,.F.);
#7206 = EDGE_LOOP('',(#7207,#7208,#7209,#7217));
#7207 = ORIENTED_EDGE('',*,*,#6606,.F.);
#7208 = ORIENTED_EDGE('',*,*,#7166,.T.);
#7209 = ORIENTED_EDGE('',*,*,#7210,.T.);
#7210 = EDGE_CURVE('',#7167,#7211,#7213,.T.);
#7211 = VERTEX_POINT('',#7212);
#7212 = CARTESIAN_POINT('',(-0.8,0.4,0.47));
#7213 = LINE('',#7214,#7215);
#7214 = CARTESIAN_POINT('',(-0.8,0.4,0.));
#7215 = VECTOR('',#7216,1.);
#7216 = DIRECTION('',(0.,0.,1.));
#7217 = ORIENTED_EDGE('',*,*,#7218,.F.);
#7218 = EDGE_CURVE('',#6607,#7211,#7219,.T.);
#7219 = LINE('',#7220,#7221);
#7220 = CARTESIAN_POINT('',(-0.8,-0.4,0.47));
#7221 = VECTOR('',#7222,1.);
#7222 = DIRECTION('',(0.,1.,0.));
#7223 = PLANE('',#7224);
#7224 = AXIS2_PLACEMENT_3D('',#7225,#7226,#7227);
#7225 = CARTESIAN_POINT('',(-0.8,-0.4,0.));
#7226 = DIRECTION('',(1.,0.,0.));
#7227 = DIRECTION('',(0.,0.,1.));
#7228 = ADVANCED_FACE('',(#7229),#7241,.T.);
#7229 = FACE_BOUND('',#7230,.T.);
#7230 = EDGE_LOOP('',(#7231,#7232,#7233,#7240));
#7231 = ORIENTED_EDGE('',*,*,#6614,.T.);
#7232 = ORIENTED_EDGE('',*,*,#7066,.T.);
#7233 = ORIENTED_EDGE('',*,*,#7234,.F.);
#7234 = EDGE_CURVE('',#7211,#7059,#7235,.T.);
#7235 = CIRCLE('',#7236,3.E-02);
#7236 = AXIS2_PLACEMENT_3D('',#7237,#7238,#7239);
#7237 = CARTESIAN_POINT('',(-0.77,0.4,0.47));
#7238 = DIRECTION('',(0.,1.,0.));
#7239 = DIRECTION('',(0.,-0.,1.));
#7240 = ORIENTED_EDGE('',*,*,#7218,.F.);
#7241 = CYLINDRICAL_SURFACE('',#7242,3.E-02);
#7242 = AXIS2_PLACEMENT_3D('',#7243,#7244,#7245);
#7243 = CARTESIAN_POINT('',(-0.77,-0.4,0.47));
#7244 = DIRECTION('',(0.,1.,0.));
#7245 = DIRECTION('',(-1.,0.,0.));
#7246 = ADVANCED_FACE('',(#7247),#7259,.F.);
#7247 = FACE_BOUND('',#7248,.F.);
#7248 = EDGE_LOOP('',(#7249,#7250,#7251,#7258));
#7249 = ORIENTED_EDGE('',*,*,#7192,.F.);
#7250 = ORIENTED_EDGE('',*,*,#6735,.T.);
#7251 = ORIENTED_EDGE('',*,*,#7252,.T.);
#7252 = EDGE_CURVE('',#6728,#7129,#7253,.T.);
#7253 = CIRCLE('',#7254,3.E-02);
#7254 = AXIS2_PLACEMENT_3D('',#7255,#7256,#7257);
#7255 = CARTESIAN_POINT('',(-0.53,-0.3,3.E-02));
#7256 = DIRECTION('',(-0.,1.,0.));
#7257 = DIRECTION('',(1.,0.,0.));
#7258 = ORIENTED_EDGE('',*,*,#7128,.T.);
#7259 = PLANE('',#7260);
#7260 = AXIS2_PLACEMENT_3D('',#7261,#7262,#7263);
#7261 = CARTESIAN_POINT('',(0.725,-0.3,0.75));
#7262 = DIRECTION('',(0.,1.,0.));
#7263 = DIRECTION('',(-1.,0.,0.));
#7264 = ADVANCED_FACE('',(#7265),#7277,.T.);
#7265 = FACE_BOUND('',#7266,.T.);
#7266 = EDGE_LOOP('',(#7267,#7268,#7269,#7270));
#7267 = ORIENTED_EDGE('',*,*,#6727,.F.);
#7268 = ORIENTED_EDGE('',*,*,#7252,.T.);
#7269 = ORIENTED_EDGE('',*,*,#7136,.T.);
#7270 = ORIENTED_EDGE('',*,*,#7271,.F.);
#7271 = EDGE_CURVE('',#6720,#7137,#7272,.T.);
#7272 = CIRCLE('',#7273,3.E-02);
#7273 = AXIS2_PLACEMENT_3D('',#7274,#7275,#7276);
#7274 = CARTESIAN_POINT('',(-0.53,0.3,3.E-02));
#7275 = DIRECTION('',(-0.,1.,0.));
#7276 = DIRECTION('',(1.,0.,0.));
#7277 = CYLINDRICAL_SURFACE('',#7278,3.E-02);
#7278 = AXIS2_PLACEMENT_3D('',#7279,#7280,#7281);
#7279 = CARTESIAN_POINT('',(-0.53,-0.4,3.E-02));
#7280 = DIRECTION('',(0.,1.,0.));
#7281 = DIRECTION('',(1.,0.,0.));
#7282 = ADVANCED_FACE('',(#7283),#7294,.F.);
#7283 = FACE_BOUND('',#7284,.F.);
#7284 = EDGE_LOOP('',(#7285,#7286,#7292,#7293));
#7285 = ORIENTED_EDGE('',*,*,#6719,.T.);
#7286 = ORIENTED_EDGE('',*,*,#7287,.T.);
#7287 = EDGE_CURVE('',#6712,#7145,#7288,.T.);
#7288 = LINE('',#7289,#7290);
#7289 = CARTESIAN_POINT('',(-0.725,0.3,0.75));
#7290 = VECTOR('',#7291,1.);
#7291 = DIRECTION('',(-0.,-0.,-1.));
#7292 = ORIENTED_EDGE('',*,*,#7144,.T.);
#7293 = ORIENTED_EDGE('',*,*,#7271,.F.);
#7294 = PLANE('',#7295);
#7295 = AXIS2_PLACEMENT_3D('',#7296,#7297,#7298);
#7296 = CARTESIAN_POINT('',(-0.725,0.3,0.75));
#7297 = DIRECTION('',(0.,-1.,0.));
#7298 = DIRECTION('',(1.,0.,0.));
#7299 = ADVANCED_FACE('',(#7300),#7311,.F.);
#7300 = FACE_BOUND('',#7301,.F.);
#7301 = EDGE_LOOP('',(#7302,#7303,#7304,#7310));
#7302 = ORIENTED_EDGE('',*,*,#7287,.F.);
#7303 = ORIENTED_EDGE('',*,*,#6711,.T.);
#7304 = ORIENTED_EDGE('',*,*,#7305,.F.);
#7305 = EDGE_CURVE('',#7106,#6704,#7306,.T.);
#7306 = LINE('',#7307,#7308);
#7307 = CARTESIAN_POINT('',(-0.725,0.4,0.375));
#7308 = VECTOR('',#7309,1.);
#7309 = DIRECTION('',(0.,0.,1.));
#7310 = ORIENTED_EDGE('',*,*,#7152,.T.);
#7311 = PLANE('',#7312);
#7312 = AXIS2_PLACEMENT_3D('',#7313,#7314,#7315);
#7313 = CARTESIAN_POINT('',(-0.725,0.5,0.75));
#7314 = DIRECTION('',(-1.,0.,0.));
#7315 = DIRECTION('',(0.,-1.,0.));
#7316 = ADVANCED_FACE('',(#7317),#7342,.F.);
#7317 = FACE_BOUND('',#7318,.F.);
#7318 = EDGE_LOOP('',(#7319,#7320,#7328,#7336));
#7319 = ORIENTED_EDGE('',*,*,#6695,.T.);
#7320 = ORIENTED_EDGE('',*,*,#7321,.T.);
#7321 = EDGE_CURVE('',#6688,#7322,#7324,.T.);
#7322 = VERTEX_POINT('',#7323);
#7323 = CARTESIAN_POINT('',(0.725,0.3,0.));
#7324 = LINE('',#7325,#7326);
#7325 = CARTESIAN_POINT('',(0.725,0.3,0.75));
#7326 = VECTOR('',#7327,1.);
#7327 = DIRECTION('',(-0.,-0.,-1.));
#7328 = ORIENTED_EDGE('',*,*,#7329,.T.);
#7329 = EDGE_CURVE('',#7322,#7330,#7332,.T.);
#7330 = VERTEX_POINT('',#7331);
#7331 = CARTESIAN_POINT('',(0.725,0.4,0.));
#7332 = LINE('',#7333,#7334);
#7333 = CARTESIAN_POINT('',(0.725,-5.E-02,0.));
#7334 = VECTOR('',#7335,1.);
#7335 = DIRECTION('',(0.,1.,0.));
#7336 = ORIENTED_EDGE('',*,*,#7337,.F.);
#7337 = EDGE_CURVE('',#6696,#7330,#7338,.T.);
#7338 = LINE('',#7339,#7340);
#7339 = CARTESIAN_POINT('',(0.725,0.4,0.375));
#7340 = VECTOR('',#7341,1.);
#7341 = DIRECTION('',(0.,0.,-1.));
#7342 = PLANE('',#7343);
#7343 = AXIS2_PLACEMENT_3D('',#7344,#7345,#7346);
#7344 = CARTESIAN_POINT('',(0.725,0.3,0.75));
#7345 = DIRECTION('',(1.,0.,0.));
#7346 = DIRECTION('',(-0.,1.,0.));
#7347 = ADVANCED_FACE('',(#7348),#7367,.F.);
#7348 = FACE_BOUND('',#7349,.F.);
#7349 = EDGE_LOOP('',(#7350,#7351,#7352,#7361));
#7350 = ORIENTED_EDGE('',*,*,#7321,.F.);
#7351 = ORIENTED_EDGE('',*,*,#6687,.T.);
#7352 = ORIENTED_EDGE('',*,*,#7353,.F.);
#7353 = EDGE_CURVE('',#7354,#6680,#7356,.T.);
#7354 = VERTEX_POINT('',#7355);
#7355 = CARTESIAN_POINT('',(0.53,0.3,-3.469446951954E-18));
#7356 = CIRCLE('',#7357,3.E-02);
#7357 = AXIS2_PLACEMENT_3D('',#7358,#7359,#7360);
#7358 = CARTESIAN_POINT('',(0.53,0.3,3.E-02));
#7359 = DIRECTION('',(0.,1.,-0.));
#7360 = DIRECTION('',(-1.,0.,0.));
#7361 = ORIENTED_EDGE('',*,*,#7362,.T.);
#7362 = EDGE_CURVE('',#7354,#7322,#7363,.T.);
#7363 = LINE('',#7364,#7365);
#7364 = CARTESIAN_POINT('',(-0.1125,0.3,0.));
#7365 = VECTOR('',#7366,1.);
#7366 = DIRECTION('',(1.,0.,0.));
#7367 = PLANE('',#7368);
#7368 = AXIS2_PLACEMENT_3D('',#7369,#7370,#7371);
#7369 = CARTESIAN_POINT('',(-0.725,0.3,0.75));
#7370 = DIRECTION('',(0.,-1.,0.));
#7371 = DIRECTION('',(1.,0.,0.));
#7372 = ADVANCED_FACE('',(#7373),#7392,.T.);
#7373 = FACE_BOUND('',#7374,.T.);
#7374 = EDGE_LOOP('',(#7375,#7376,#7384,#7391));
#7375 = ORIENTED_EDGE('',*,*,#7353,.F.);
#7376 = ORIENTED_EDGE('',*,*,#7377,.F.);
#7377 = EDGE_CURVE('',#7378,#7354,#7380,.T.);
#7378 = VERTEX_POINT('',#7379);
#7379 = CARTESIAN_POINT('',(0.53,-0.3,-3.469446951954E-18));
#7380 = LINE('',#7381,#7382);
#7381 = CARTESIAN_POINT('',(0.53,-0.4,-3.469446951954E-18));
#7382 = VECTOR('',#7383,1.);
#7383 = DIRECTION('',(0.,1.,0.));
#7384 = ORIENTED_EDGE('',*,*,#7385,.T.);
#7385 = EDGE_CURVE('',#7378,#6672,#7386,.T.);
#7386 = CIRCLE('',#7387,3.E-02);
#7387 = AXIS2_PLACEMENT_3D('',#7388,#7389,#7390);
#7388 = CARTESIAN_POINT('',(0.53,-0.3,3.E-02));
#7389 = DIRECTION('',(0.,1.,-0.));
#7390 = DIRECTION('',(-1.,0.,0.));
#7391 = ORIENTED_EDGE('',*,*,#6679,.T.);
#7392 = CYLINDRICAL_SURFACE('',#7393,3.E-02);
#7393 = AXIS2_PLACEMENT_3D('',#7394,#7395,#7396);
#7394 = CARTESIAN_POINT('',(0.53,-0.4,3.E-02));
#7395 = DIRECTION('',(0.,1.,0.));
#7396 = DIRECTION('',(-1.,0.,0.));
#7397 = ADVANCED_FACE('',(#7398),#7416,.F.);
#7398 = FACE_BOUND('',#7399,.F.);
#7399 = EDGE_LOOP('',(#7400,#7401,#7409,#7415));
#7400 = ORIENTED_EDGE('',*,*,#6671,.T.);
#7401 = ORIENTED_EDGE('',*,*,#7402,.T.);
#7402 = EDGE_CURVE('',#6664,#7403,#7405,.T.);
#7403 = VERTEX_POINT('',#7404);
#7404 = CARTESIAN_POINT('',(0.725,-0.3,0.));
#7405 = LINE('',#7406,#7407);
#7406 = CARTESIAN_POINT('',(0.725,-0.3,0.75));
#7407 = VECTOR('',#7408,1.);
#7408 = DIRECTION('',(-0.,-0.,-1.));
#7409 = ORIENTED_EDGE('',*,*,#7410,.T.);
#7410 = EDGE_CURVE('',#7403,#7378,#7411,.T.);
#7411 = LINE('',#7412,#7413);
#7412 = CARTESIAN_POINT('',(0.6125,-0.3,0.));
#7413 = VECTOR('',#7414,1.);
#7414 = DIRECTION('',(-1.,0.,0.));
#7415 = ORIENTED_EDGE('',*,*,#7385,.T.);
#7416 = PLANE('',#7417);
#7417 = AXIS2_PLACEMENT_3D('',#7418,#7419,#7420);
#7418 = CARTESIAN_POINT('',(0.725,-0.3,0.75));
#7419 = DIRECTION('',(0.,1.,0.));
#7420 = DIRECTION('',(-1.,0.,0.));
#7421 = ADVANCED_FACE('',(#7422),#7433,.F.);
#7422 = FACE_BOUND('',#7423,.F.);
#7423 = EDGE_LOOP('',(#7424,#7425,#7426,#7427));
#7424 = ORIENTED_EDGE('',*,*,#7402,.F.);
#7425 = ORIENTED_EDGE('',*,*,#6663,.T.);
#7426 = ORIENTED_EDGE('',*,*,#6785,.T.);
#7427 = ORIENTED_EDGE('',*,*,#7428,.T.);
#7428 = EDGE_CURVE('',#6776,#7403,#7429,.T.);
#7429 = LINE('',#7430,#7431);
#7430 = CARTESIAN_POINT('',(0.725,-0.45,0.));
#7431 = VECTOR('',#7432,1.);
#7432 = DIRECTION('',(0.,1.,0.));
#7433 = PLANE('',#7434);
#7434 = AXIS2_PLACEMENT_3D('',#7435,#7436,#7437);
#7435 = CARTESIAN_POINT('',(0.725,-0.5,0.75));
#7436 = DIRECTION('',(1.,0.,0.));
#7437 = DIRECTION('',(-0.,1.,0.));
#7438 = ADVANCED_FACE('',(#7439),#7464,.T.);
#7439 = FACE_BOUND('',#7440,.T.);
#7440 = EDGE_LOOP('',(#7441,#7449,#7450,#7458));
#7441 = ORIENTED_EDGE('',*,*,#7442,.T.);
#7442 = EDGE_CURVE('',#7443,#6744,#7445,.T.);
#7443 = VERTEX_POINT('',#7444);
#7444 = CARTESIAN_POINT('',(0.277128129211,0.32,1.5E-02));
#7445 = LINE('',#7446,#7447);
#7446 = CARTESIAN_POINT('',(0.277128129211,0.32,1.5E-02));
#7447 = VECTOR('',#7448,1.);
#7448 = DIRECTION('',(0.,0.,1.));
#7449 = ORIENTED_EDGE('',*,*,#6743,.T.);
#7450 = ORIENTED_EDGE('',*,*,#7451,.F.);
#7451 = EDGE_CURVE('',#7452,#6746,#7454,.T.);
#7452 = VERTEX_POINT('',#7453);
#7453 = CARTESIAN_POINT('',(0.277128129211,-0.32,1.5E-02));
#7454 = LINE('',#7455,#7456);
#7455 = CARTESIAN_POINT('',(0.277128129211,-0.32,1.5E-02));
#7456 = VECTOR('',#7457,1.);
#7457 = DIRECTION('',(0.,0.,1.));
#7458 = ORIENTED_EDGE('',*,*,#7459,.F.);
#7459 = EDGE_CURVE('',#7443,#7452,#7460,.T.);
#7460 = LINE('',#7461,#7462);
#7461 = CARTESIAN_POINT('',(0.277128129211,0.32,1.5E-02));
#7462 = VECTOR('',#7463,1.);
#7463 = DIRECTION('',(0.,-1.,0.));
#7464 = PLANE('',#7465);
#7465 = AXIS2_PLACEMENT_3D('',#7466,#7467,#7468);
#7466 = CARTESIAN_POINT('',(0.277128129211,0.32,1.5E-02));
#7467 = DIRECTION('',(1.,0.,0.));
#7468 = DIRECTION('',(0.,-1.,0.));
#7469 = ADVANCED_FACE('',(#7470),#7488,.T.);
#7470 = FACE_BOUND('',#7471,.T.);
#7471 = EDGE_LOOP('',(#7472,#7480,#7481,#7482));
#7472 = ORIENTED_EDGE('',*,*,#7473,.T.);
#7473 = EDGE_CURVE('',#7474,#6754,#7476,.T.);
#7474 = VERTEX_POINT('',#7475);
#7475 = CARTESIAN_POINT('',(-0.277128129211,0.,1.5E-02));
#7476 = LINE('',#7477,#7478);
#7477 = CARTESIAN_POINT('',(-0.277128129211,0.,1.5E-02));
#7478 = VECTOR('',#7479,1.);
#7479 = DIRECTION('',(0.,0.,1.));
#7480 = ORIENTED_EDGE('',*,*,#6761,.T.);
#7481 = ORIENTED_EDGE('',*,*,#7442,.F.);
#7482 = ORIENTED_EDGE('',*,*,#7483,.F.);
#7483 = EDGE_CURVE('',#7474,#7443,#7484,.T.);
#7484 = LINE('',#7485,#7486);
#7485 = CARTESIAN_POINT('',(-0.277128129211,0.,1.5E-02));
#7486 = VECTOR('',#7487,1.);
#7487 = DIRECTION('',(0.866025403784,0.5,0.));
#7488 = PLANE('',#7489);
#7489 = AXIS2_PLACEMENT_3D('',#7490,#7491,#7492);
#7490 = CARTESIAN_POINT('',(-0.277128129211,0.,1.5E-02));
#7491 = DIRECTION('',(-0.5,0.866025403784,0.));
#7492 = DIRECTION('',(0.866025403784,0.5,0.));
#7493 = ADVANCED_FACE('',(#7494),#7505,.T.);
#7494 = FACE_BOUND('',#7495,.T.);
#7495 = EDGE_LOOP('',(#7496,#7497,#7498,#7499));
#7496 = ORIENTED_EDGE('',*,*,#7451,.T.);
#7497 = ORIENTED_EDGE('',*,*,#6753,.T.);
#7498 = ORIENTED_EDGE('',*,*,#7473,.F.);
#7499 = ORIENTED_EDGE('',*,*,#7500,.F.);
#7500 = EDGE_CURVE('',#7452,#7474,#7501,.T.);
#7501 = LINE('',#7502,#7503);
#7502 = CARTESIAN_POINT('',(0.277128129211,-0.32,1.5E-02));
#7503 = VECTOR('',#7504,1.);
#7504 = DIRECTION('',(-0.866025403784,0.5,0.));
#7505 = PLANE('',#7506);
#7506 = AXIS2_PLACEMENT_3D('',#7507,#7508,#7509);
#7507 = CARTESIAN_POINT('',(0.277128129211,-0.32,1.5E-02));
#7508 = DIRECTION('',(-0.5,-0.866025403784,0.));
#7509 = DIRECTION('',(-0.866025403784,0.5,0.));
#7510 = ADVANCED_FACE('',(#7511),#7533,.F.);
#7511 = FACE_BOUND('',#7512,.F.);
#7512 = EDGE_LOOP('',(#7513,#7521,#7522,#7523,#7524,#7525,#7526,#7527));
#7513 = ORIENTED_EDGE('',*,*,#7514,.F.);
#7514 = EDGE_CURVE('',#7330,#7515,#7517,.T.);
#7515 = VERTEX_POINT('',#7516);
#7516 = CARTESIAN_POINT('',(0.77,0.4,-3.469446951954E-18));
#7517 = LINE('',#7518,#7519);
#7518 = CARTESIAN_POINT('',(0.5,0.4,0.));
#7519 = VECTOR('',#7520,1.);
#7520 = DIRECTION('',(1.,0.,0.));
#7521 = ORIENTED_EDGE('',*,*,#7329,.F.);
#7522 = ORIENTED_EDGE('',*,*,#7362,.F.);
#7523 = ORIENTED_EDGE('',*,*,#7377,.F.);
#7524 = ORIENTED_EDGE('',*,*,#7410,.F.);
#7525 = ORIENTED_EDGE('',*,*,#7428,.F.);
#7526 = ORIENTED_EDGE('',*,*,#6775,.T.);
#7527 = ORIENTED_EDGE('',*,*,#7528,.T.);
#7528 = EDGE_CURVE('',#6778,#7515,#7529,.T.);
#7529 = LINE('',#7530,#7531);
#7530 = CARTESIAN_POINT('',(0.77,-0.4,-3.469446951954E-18));
#7531 = VECTOR('',#7532,1.);
#7532 = DIRECTION('',(0.,1.,0.));
#7533 = PLANE('',#7534);
#7534 = AXIS2_PLACEMENT_3D('',#7535,#7536,#7537);
#7535 = CARTESIAN_POINT('',(0.5,-0.4,0.));
#7536 = DIRECTION('',(0.,0.,1.));
#7537 = DIRECTION('',(1.,0.,-0.));
#7538 = ADVANCED_FACE('',(#7539),#7558,.T.);
#7539 = FACE_BOUND('',#7540,.T.);
#7540 = EDGE_LOOP('',(#7541,#7542,#7543,#7552));
#7541 = ORIENTED_EDGE('',*,*,#6827,.T.);
#7542 = ORIENTED_EDGE('',*,*,#7528,.T.);
#7543 = ORIENTED_EDGE('',*,*,#7544,.F.);
#7544 = EDGE_CURVE('',#7545,#7515,#7547,.T.);
#7545 = VERTEX_POINT('',#7546);
#7546 = CARTESIAN_POINT('',(0.8,0.4,3.E-02));
#7547 = CIRCLE('',#7548,3.E-02);
#7548 = AXIS2_PLACEMENT_3D('',#7549,#7550,#7551);
#7549 = CARTESIAN_POINT('',(0.77,0.4,3.E-02));
#7550 = DIRECTION('',(0.,1.,0.));
#7551 = DIRECTION('',(0.,-0.,1.));
#7552 = ORIENTED_EDGE('',*,*,#7553,.F.);
#7553 = EDGE_CURVE('',#6820,#7545,#7554,.T.);
#7554 = LINE('',#7555,#7556);
#7555 = CARTESIAN_POINT('',(0.8,-0.4,3.E-02));
#7556 = VECTOR('',#7557,1.);
#7557 = DIRECTION('',(0.,1.,0.));
#7558 = CYLINDRICAL_SURFACE('',#7559,3.E-02);
#7559 = AXIS2_PLACEMENT_3D('',#7560,#7561,#7562);
#7560 = CARTESIAN_POINT('',(0.77,-0.4,3.E-02));
#7561 = DIRECTION('',(0.,1.,0.));
#7562 = DIRECTION('',(1.,0.,0.));
#7563 = ADVANCED_FACE('',(#7564),#7582,.T.);
#7564 = FACE_BOUND('',#7565,.T.);
#7565 = EDGE_LOOP('',(#7566,#7567,#7568,#7576));
#7566 = ORIENTED_EDGE('',*,*,#6819,.F.);
#7567 = ORIENTED_EDGE('',*,*,#7553,.T.);
#7568 = ORIENTED_EDGE('',*,*,#7569,.T.);
#7569 = EDGE_CURVE('',#7545,#7570,#7572,.T.);
#7570 = VERTEX_POINT('',#7571);
#7571 = CARTESIAN_POINT('',(0.8,0.4,0.47));
#7572 = LINE('',#7573,#7574);
#7573 = CARTESIAN_POINT('',(0.8,0.4,0.));
#7574 = VECTOR('',#7575,1.);
#7575 = DIRECTION('',(0.,0.,1.));
#7576 = ORIENTED_EDGE('',*,*,#7577,.F.);
#7577 = EDGE_CURVE('',#6811,#7570,#7578,.T.);
#7578 = LINE('',#7579,#7580);
#7579 = CARTESIAN_POINT('',(0.8,-0.4,0.47));
#7580 = VECTOR('',#7581,1.);
#7581 = DIRECTION('',(0.,1.,0.));
#7582 = PLANE('',#7583);
#7583 = AXIS2_PLACEMENT_3D('',#7584,#7585,#7586);
#7584 = CARTESIAN_POINT('',(0.8,-0.4,0.));
#7585 = DIRECTION('',(1.,0.,0.));
#7586 = DIRECTION('',(0.,0.,1.));
#7587 = ADVANCED_FACE('',(#7588),#7607,.T.);
#7588 = FACE_BOUND('',#7589,.T.);
#7589 = EDGE_LOOP('',(#7590,#7591,#7600,#7606));
#7590 = ORIENTED_EDGE('',*,*,#7577,.T.);
#7591 = ORIENTED_EDGE('',*,*,#7592,.T.);
#7592 = EDGE_CURVE('',#7570,#7593,#7595,.T.);
#7593 = VERTEX_POINT('',#7594);
#7594 = CARTESIAN_POINT('',(0.77,0.4,0.5));
#7595 = CIRCLE('',#7596,3.E-02);
#7596 = AXIS2_PLACEMENT_3D('',#7597,#7598,#7599);
#7597 = CARTESIAN_POINT('',(0.77,0.4,0.47));
#7598 = DIRECTION('',(0.,-1.,0.));
#7599 = DIRECTION('',(0.,0.,1.));
#7600 = ORIENTED_EDGE('',*,*,#7601,.F.);
#7601 = EDGE_CURVE('',#6803,#7593,#7602,.T.);
#7602 = LINE('',#7603,#7604);
#7603 = CARTESIAN_POINT('',(0.77,-0.4,0.5));
#7604 = VECTOR('',#7605,1.);
#7605 = DIRECTION('',(0.,1.,0.));
#7606 = ORIENTED_EDGE('',*,*,#6810,.F.);
#7607 = CYLINDRICAL_SURFACE('',#7608,3.E-02);
#7608 = AXIS2_PLACEMENT_3D('',#7609,#7610,#7611);
#7609 = CARTESIAN_POINT('',(0.77,-0.4,0.47));
#7610 = DIRECTION('',(0.,1.,0.));
#7611 = DIRECTION('',(1.,0.,0.));
#7612 = ADVANCED_FACE('',(#7613),#7654,.T.);
#7613 = FACE_BOUND('',#7614,.T.);
#7614 = EDGE_LOOP('',(#7615,#7623,#7631,#7637,#7638,#7646,#7652,#7653));
#7615 = ORIENTED_EDGE('',*,*,#7616,.F.);
#7616 = EDGE_CURVE('',#7617,#7593,#7619,.T.);
#7617 = VERTEX_POINT('',#7618);
#7618 = CARTESIAN_POINT('',(0.725,0.4,0.5));
#7619 = LINE('',#7620,#7621);
#7620 = CARTESIAN_POINT('',(0.5,0.4,0.5));
#7621 = VECTOR('',#7622,1.);
#7622 = DIRECTION('',(1.,0.,0.));
#7623 = ORIENTED_EDGE('',*,*,#7624,.F.);
#7624 = EDGE_CURVE('',#7625,#7617,#7627,.T.);
#7625 = VERTEX_POINT('',#7626);
#7626 = CARTESIAN_POINT('',(0.725,0.3,0.5));
#7627 = LINE('',#7628,#7629);
#7628 = CARTESIAN_POINT('',(0.725,-5.E-02,0.5));
#7629 = VECTOR('',#7630,1.);
#7630 = DIRECTION('',(0.,1.,0.));
#7631 = ORIENTED_EDGE('',*,*,#7632,.F.);
#7632 = EDGE_CURVE('',#6908,#7625,#7633,.T.);
#7633 = LINE('',#7634,#7635);
#7634 = CARTESIAN_POINT('',(-0.1125,0.3,0.5));
#7635 = VECTOR('',#7636,1.);
#7636 = DIRECTION('',(1.,0.,0.));
#7637 = ORIENTED_EDGE('',*,*,#6907,.F.);
#7638 = ORIENTED_EDGE('',*,*,#7639,.F.);
#7639 = EDGE_CURVE('',#7640,#6899,#7642,.T.);
#7640 = VERTEX_POINT('',#7641);
#7641 = CARTESIAN_POINT('',(0.725,-0.3,0.5));
#7642 = LINE('',#7643,#7644);
#7643 = CARTESIAN_POINT('',(0.6125,-0.3,0.5));
#7644 = VECTOR('',#7645,1.);
#7645 = DIRECTION('',(-1.,0.,0.));
#7646 = ORIENTED_EDGE('',*,*,#7647,.F.);
#7647 = EDGE_CURVE('',#6795,#7640,#7648,.T.);
#7648 = LINE('',#7649,#7650);
#7649 = CARTESIAN_POINT('',(0.725,-0.45,0.5));
#7650 = VECTOR('',#7651,1.);
#7651 = DIRECTION('',(0.,1.,0.));
#7652 = ORIENTED_EDGE('',*,*,#6802,.T.);
#7653 = ORIENTED_EDGE('',*,*,#7601,.T.);
#7654 = PLANE('',#7655);
#7655 = AXIS2_PLACEMENT_3D('',#7656,#7657,#7658);
#7656 = CARTESIAN_POINT('',(0.5,-0.4,0.5));
#7657 = DIRECTION('',(0.,0.,1.));
#7658 = DIRECTION('',(1.,0.,-0.));
#7659 = ADVANCED_FACE('',(#7660),#7671,.F.);
#7660 = FACE_BOUND('',#7661,.F.);
#7661 = EDGE_LOOP('',(#7662,#7668,#7669,#7670));
#7662 = ORIENTED_EDGE('',*,*,#7663,.F.);
#7663 = EDGE_CURVE('',#7640,#6843,#7664,.T.);
#7664 = LINE('',#7665,#7666);
#7665 = CARTESIAN_POINT('',(0.725,-0.3,0.75));
#7666 = VECTOR('',#7667,1.);
#7667 = DIRECTION('',(-0.,-0.,-1.));
#7668 = ORIENTED_EDGE('',*,*,#7647,.F.);
#7669 = ORIENTED_EDGE('',*,*,#6794,.T.);
#7670 = ORIENTED_EDGE('',*,*,#6852,.F.);
#7671 = PLANE('',#7672);
#7672 = AXIS2_PLACEMENT_3D('',#7673,#7674,#7675);
#7673 = CARTESIAN_POINT('',(0.725,-0.5,0.75));
#7674 = DIRECTION('',(1.,0.,0.));
#7675 = DIRECTION('',(-0.,1.,0.));
#7676 = ADVANCED_FACE('',(#7677),#7683,.F.);
#7677 = FACE_BOUND('',#7678,.F.);
#7678 = EDGE_LOOP('',(#7679,#7680,#7681,#7682));
#7679 = ORIENTED_EDGE('',*,*,#7639,.F.);
#7680 = ORIENTED_EDGE('',*,*,#7663,.T.);
#7681 = ORIENTED_EDGE('',*,*,#6842,.F.);
#7682 = ORIENTED_EDGE('',*,*,#6898,.T.);
#7683 = PLANE('',#7684);
#7684 = AXIS2_PLACEMENT_3D('',#7685,#7686,#7687);
#7685 = CARTESIAN_POINT('',(0.725,-0.3,0.75));
#7686 = DIRECTION('',(0.,1.,0.));
#7687 = DIRECTION('',(-1.,0.,0.));
#7688 = ADVANCED_FACE('',(#7689),#7705,.F.);
#7689 = FACE_BOUND('',#7690,.F.);
#7690 = EDGE_LOOP('',(#7691,#7692,#7698,#7699));
#7691 = ORIENTED_EDGE('',*,*,#7624,.F.);
#7692 = ORIENTED_EDGE('',*,*,#7693,.T.);
#7693 = EDGE_CURVE('',#7625,#6876,#7694,.T.);
#7694 = LINE('',#7695,#7696);
#7695 = CARTESIAN_POINT('',(0.725,0.3,0.75));
#7696 = VECTOR('',#7697,1.);
#7697 = DIRECTION('',(-0.,-0.,-1.));
#7698 = ORIENTED_EDGE('',*,*,#6883,.F.);
#7699 = ORIENTED_EDGE('',*,*,#7700,.F.);
#7700 = EDGE_CURVE('',#7617,#6867,#7701,.T.);
#7701 = LINE('',#7702,#7703);
#7702 = CARTESIAN_POINT('',(0.725,0.4,0.375));
#7703 = VECTOR('',#7704,1.);
#7704 = DIRECTION('',(0.,0.,-1.));
#7705 = PLANE('',#7706);
#7706 = AXIS2_PLACEMENT_3D('',#7707,#7708,#7709);
#7707 = CARTESIAN_POINT('',(0.725,0.3,0.75));
#7708 = DIRECTION('',(1.,0.,0.));
#7709 = DIRECTION('',(-0.,1.,0.));
#7710 = ADVANCED_FACE('',(#7711),#7717,.F.);
#7711 = FACE_BOUND('',#7712,.F.);
#7712 = EDGE_LOOP('',(#7713,#7714,#7715,#7716));
#7713 = ORIENTED_EDGE('',*,*,#7693,.F.);
#7714 = ORIENTED_EDGE('',*,*,#7632,.F.);
#7715 = ORIENTED_EDGE('',*,*,#6915,.F.);
#7716 = ORIENTED_EDGE('',*,*,#6875,.F.);
#7717 = PLANE('',#7718);
#7718 = AXIS2_PLACEMENT_3D('',#7719,#7720,#7721);
#7719 = CARTESIAN_POINT('',(-0.725,0.3,0.75));
#7720 = DIRECTION('',(0.,-1.,0.));
#7721 = DIRECTION('',(1.,0.,0.));
#7722 = ADVANCED_FACE('',(#7723),#7735,.T.);
#7723 = FACE_BOUND('',#7724,.T.);
#7724 = EDGE_LOOP('',(#7725,#7726,#7727,#7728,#7729,#7730,#7731,#7732,
    #7733,#7734));
#7725 = ORIENTED_EDGE('',*,*,#7103,.F.);
#7726 = ORIENTED_EDGE('',*,*,#7174,.F.);
#7727 = ORIENTED_EDGE('',*,*,#7210,.T.);
#7728 = ORIENTED_EDGE('',*,*,#7234,.T.);
#7729 = ORIENTED_EDGE('',*,*,#7058,.T.);
#7730 = ORIENTED_EDGE('',*,*,#7019,.F.);
#7731 = ORIENTED_EDGE('',*,*,#6946,.F.);
#7732 = ORIENTED_EDGE('',*,*,#6938,.F.);
#7733 = ORIENTED_EDGE('',*,*,#6930,.T.);
#7734 = ORIENTED_EDGE('',*,*,#7305,.F.);
#7735 = PLANE('',#7736);
#7736 = AXIS2_PLACEMENT_3D('',#7737,#7738,#7739);
#7737 = CARTESIAN_POINT('',(-0.8,0.4,0.));
#7738 = DIRECTION('',(0.,1.,0.));
#7739 = DIRECTION('',(0.,-0.,1.));
#7740 = ADVANCED_FACE('',(#7741),#7753,.T.);
#7741 = FACE_BOUND('',#7742,.T.);
#7742 = EDGE_LOOP('',(#7743,#7744,#7745,#7746,#7747,#7748,#7749,#7750,
    #7751,#7752));
#7743 = ORIENTED_EDGE('',*,*,#7514,.F.);
#7744 = ORIENTED_EDGE('',*,*,#7337,.F.);
#7745 = ORIENTED_EDGE('',*,*,#6971,.T.);
#7746 = ORIENTED_EDGE('',*,*,#6963,.T.);
#7747 = ORIENTED_EDGE('',*,*,#6955,.F.);
#7748 = ORIENTED_EDGE('',*,*,#7700,.F.);
#7749 = ORIENTED_EDGE('',*,*,#7616,.T.);
#7750 = ORIENTED_EDGE('',*,*,#7592,.F.);
#7751 = ORIENTED_EDGE('',*,*,#7569,.F.);
#7752 = ORIENTED_EDGE('',*,*,#7544,.T.);
#7753 = PLANE('',#7754);
#7754 = AXIS2_PLACEMENT_3D('',#7755,#7756,#7757);
#7755 = CARTESIAN_POINT('',(0.5,0.4,0.));
#7756 = DIRECTION('',(0.,1.,0.));
#7757 = DIRECTION('',(0.,-0.,1.));
#7758 = ADVANCED_FACE('',(#7759),#7764,.T.);
#7759 = FACE_BOUND('',#7760,.T.);
#7760 = EDGE_LOOP('',(#7761,#7762,#7763));
#7761 = ORIENTED_EDGE('',*,*,#7483,.T.);
#7762 = ORIENTED_EDGE('',*,*,#7459,.T.);
#7763 = ORIENTED_EDGE('',*,*,#7500,.T.);
#7764 = PLANE('',#7765);
#7765 = AXIS2_PLACEMENT_3D('',#7766,#7767,#7768);
#7766 = CARTESIAN_POINT('',(9.237604307034E-02,0.,1.5E-02));
#7767 = DIRECTION('',(-0.,-0.,-1.));
#7768 = DIRECTION('',(-1.,0.,0.));
#7769 = ( GEOMETRIC_REPRESENTATION_CONTEXT(3) 
GLOBAL_UNCERTAINTY_ASSIGNED_CONTEXT((#7773)) 
GLOBAL_UNIT_ASSIGNED_CONTEXT((#7770,#7771,#7772)) REPRESENTATION_CONTEXT
('Context #1','3D Context with UNIT and UNCERTAINTY') );
#7770 = ( LENGTH_UNIT() NAMED_UNIT(*) SI_UNIT(.MILLI.,.METRE.) );
#7771 = ( NAMED_UNIT(*) PLANE_ANGLE_UNIT() SI_UNIT($,.RADIAN.) );
#7772 = ( NAMED_UNIT(*) SI_UNIT($,.STERADIAN.) SOLID_ANGLE_UNIT() );
#7773 = UNCERTAINTY_MEASURE_WITH_UNIT(LENGTH_MEASURE(1.E-07),#7770,
  'distance_accuracy_value','confusion accuracy');
#7774 = CONTEXT_DEPENDENT_SHAPE_REPRESENTATION(#7775,#7777);
#7775 = ( REPRESENTATION_RELATIONSHIP('','',#6245,#10) 
REPRESENTATION_RELATIONSHIP_WITH_TRANSFORMATION(#7776) 
SHAPE_REPRESENTATION_RELATIONSHIP() );
#7776 = ITEM_DEFINED_TRANSFORMATION('','',#11,#27);
#7777 = PRODUCT_DEFINITION_SHAPE('Placement','Placement of an item',
  #7778);
#7778 = NEXT_ASSEMBLY_USAGE_OCCURRENCE('4','D1','',#5,#6240,$);
#7779 = PRODUCT_RELATED_PRODUCT_CATEGORY('part',$,(#6242));
#7780 = CONTEXT_DEPENDENT_SHAPE_REPRESENTATION(#7781,#7783);
#7781 = ( REPRESENTATION_RELATIONSHIP('','',#5372,#10) 
REPRESENTATION_RELATIONSHIP_WITH_TRANSFORMATION(#7782) 
SHAPE_REPRESENTATION_RELATIONSHIP() );
#7782 = ITEM_DEFINED_TRANSFORMATION('','',#11,#31);
#7783 = PRODUCT_DEFINITION_SHAPE('Placement','Placement of an item',
  #7784);
#7784 = NEXT_ASSEMBLY_USAGE_OCCURRENCE('5','C1','',#5,#5367,$);
#7785 = SHAPE_DEFINITION_REPRESENTATION(#7786,#7792);
#7786 = PRODUCT_DEFINITION_SHAPE('','',#7787);
#7787 = PRODUCT_DEFINITION('design','',#7788,#7791);
#7788 = PRODUCT_DEFINITION_FORMATION('','',#7789);
#7789 = PRODUCT('SOT-23-5','SOT-23-5','',(#7790));
#7790 = PRODUCT_CONTEXT('',#2,'mechanical');
#7791 = PRODUCT_DEFINITION_CONTEXT('part definition',#2,'design');
#7792 = ADVANCED_BREP_SHAPE_REPRESENTATION('',(#11,#7793),#10862);
#7793 = MANIFOLD_SOLID_BREP('',#7794);
#7794 = CLOSED_SHELL('',(#7795,#7833,#7896,#7919,#7948,#7971,#8042,#8097
    ,#8120,#8143,#8160,#8183,#8271,#8287,#8317,#8348,#8379,#8410,#8441,
    #8472,#8489,#8506,#8537,#8568,#8599,#8629,#8652,#8675,#8692,#8737,
    #8807,#8830,#8853,#8876,#8931,#8969,#9018,#9110,#9135,#9219,#9241,
    #9333,#9358,#9442,#9459,#9544,#9569,#9646,#9731,#9756,#9833,#9850,
    #9942,#9967,#10051,#10068,#10087,#10106,#10152,#10168,#10187,#10203,
    #10220,#10232,#10249,#10266,#10283,#10300,#10317,#10334,#10351,
    #10363,#10380,#10397,#10414,#10431,#10448,#10465,#10482,#10494,
    #10511,#10528,#10545,#10562,#10579,#10596,#10608,#10625,#10642,
    #10659,#10676,#10693,#10710,#10722,#10739,#10756,#10773,#10790,
    #10807,#10824,#10841,#10853));
#7795 = ADVANCED_FACE('',(#7796),#7828,.F.);
#7796 = FACE_BOUND('',#7797,.F.);
#7797 = EDGE_LOOP('',(#7798,#7808,#7815,#7823));
#7798 = ORIENTED_EDGE('',*,*,#7799,.T.);
#7799 = EDGE_CURVE('',#7800,#7802,#7804,.T.);
#7800 = VERTEX_POINT('',#7801);
#7801 = CARTESIAN_POINT('',(-0.659324228722,1.358648457443,0.1));
#7802 = VERTEX_POINT('',#7803);
#7803 = CARTESIAN_POINT('',(0.659324228722,1.358648457443,0.1));
#7804 = LINE('',#7805,#7806);
#7805 = CARTESIAN_POINT('',(-0.659324228722,1.358648457443,0.1));
#7806 = VECTOR('',#7807,1.);
#7807 = DIRECTION('',(1.,1.110223024625E-16,0.));
#7808 = ORIENTED_EDGE('',*,*,#7809,.T.);
#7809 = EDGE_CURVE('',#7802,#7810,#7812,.T.);
#7810 = VERTEX_POINT('',#7811);
#7811 = CARTESIAN_POINT('',(0.705,1.45,0.75));
#7812 = B_SPLINE_CURVE_WITH_KNOTS('',1,(#7813,#7814),.UNSPECIFIED.,.F.,
  .F.,(2,2),(0.,1.),.PIECEWISE_BEZIER_KNOTS.);
#7813 = CARTESIAN_POINT('',(0.659324228722,1.358648457443,0.1));
#7814 = CARTESIAN_POINT('',(0.705,1.45,0.75));
#7815 = ORIENTED_EDGE('',*,*,#7816,.F.);
#7816 = EDGE_CURVE('',#7817,#7810,#7819,.T.);
#7817 = VERTEX_POINT('',#7818);
#7818 = CARTESIAN_POINT('',(-0.705,1.45,0.75));
#7819 = LINE('',#7820,#7821);
#7820 = CARTESIAN_POINT('',(-0.705,1.45,0.75));
#7821 = VECTOR('',#7822,1.);
#7822 = DIRECTION('',(1.,1.110223024625E-16,0.));
#7823 = ORIENTED_EDGE('',*,*,#7824,.F.);
#7824 = EDGE_CURVE('',#7800,#7817,#7825,.T.);
#7825 = B_SPLINE_CURVE_WITH_KNOTS('',1,(#7826,#7827),.UNSPECIFIED.,.F.,
  .F.,(2,2),(0.,1.),.PIECEWISE_BEZIER_KNOTS.);
#7826 = CARTESIAN_POINT('',(-0.659324228722,1.358648457443,0.1));
#7827 = CARTESIAN_POINT('',(-0.705,1.45,0.75));
#7828 = B_SPLINE_SURFACE_WITH_KNOTS('',1,1,(
    (#7829,#7830)
    ,(#7831,#7832
    )),.UNSPECIFIED.,.F.,.F.,.F.,(2,2),(2,2),(0.,1.41),(0.,1.),
  .PIECEWISE_BEZIER_KNOTS.);
#7829 = CARTESIAN_POINT('',(-0.659324228722,1.358648457443,0.1));
#7830 = CARTESIAN_POINT('',(-0.705,1.45,0.75));
#7831 = CARTESIAN_POINT('',(0.659324228722,1.358648457443,0.1));
#7832 = CARTESIAN_POINT('',(0.705,1.45,0.75));
#7833 = ADVANCED_FACE('',(#7834),#7891,.F.);
#7834 = FACE_BOUND('',#7835,.T.);
#7835 = EDGE_LOOP('',(#7836,#7837,#7845,#7853,#7861,#7869,#7877,#7885));
#7836 = ORIENTED_EDGE('',*,*,#7799,.T.);
#7837 = ORIENTED_EDGE('',*,*,#7838,.T.);
#7838 = EDGE_CURVE('',#7802,#7839,#7841,.T.);
#7839 = VERTEX_POINT('',#7840);
#7840 = CARTESIAN_POINT('',(0.708648457443,1.309324228722,0.1));
#7841 = LINE('',#7842,#7843);
#7842 = CARTESIAN_POINT('',(0.659324228722,1.358648457443,0.1));
#7843 = VECTOR('',#7844,1.);
#7844 = DIRECTION('',(0.707106781187,-0.707106781187,0.));
#7845 = ORIENTED_EDGE('',*,*,#7846,.T.);
#7846 = EDGE_CURVE('',#7839,#7847,#7849,.T.);
#7847 = VERTEX_POINT('',#7848);
#7848 = CARTESIAN_POINT('',(0.708648457443,-1.309324228722,0.1));
#7849 = LINE('',#7850,#7851);
#7850 = CARTESIAN_POINT('',(0.708648457443,1.309324228722,0.1));
#7851 = VECTOR('',#7852,1.);
#7852 = DIRECTION('',(1.110223024625E-16,-1.,0.));
#7853 = ORIENTED_EDGE('',*,*,#7854,.T.);
#7854 = EDGE_CURVE('',#7847,#7855,#7857,.T.);
#7855 = VERTEX_POINT('',#7856);
#7856 = CARTESIAN_POINT('',(0.659324228722,-1.358648457443,0.1));
#7857 = LINE('',#7858,#7859);
#7858 = CARTESIAN_POINT('',(0.708648457443,-1.309324228722,0.1));
#7859 = VECTOR('',#7860,1.);
#7860 = DIRECTION('',(-0.707106781187,-0.707106781187,0.));
#7861 = ORIENTED_EDGE('',*,*,#7862,.T.);
#7862 = EDGE_CURVE('',#7855,#7863,#7865,.T.);
#7863 = VERTEX_POINT('',#7864);
#7864 = CARTESIAN_POINT('',(-0.659324228722,-1.358648457443,0.1));
#7865 = LINE('',#7866,#7867);
#7866 = CARTESIAN_POINT('',(0.659324228722,-1.358648457443,0.1));
#7867 = VECTOR('',#7868,1.);
#7868 = DIRECTION('',(-1.,-1.110223024625E-16,0.));
#7869 = ORIENTED_EDGE('',*,*,#7870,.T.);
#7870 = EDGE_CURVE('',#7863,#7871,#7873,.T.);
#7871 = VERTEX_POINT('',#7872);
#7872 = CARTESIAN_POINT('',(-0.708648457443,-1.309324228722,0.1));
#7873 = LINE('',#7874,#7875);
#7874 = CARTESIAN_POINT('',(-0.659324228722,-1.358648457443,0.1));
#7875 = VECTOR('',#7876,1.);
#7876 = DIRECTION('',(-0.707106781187,0.707106781187,0.));
#7877 = ORIENTED_EDGE('',*,*,#7878,.T.);
#7878 = EDGE_CURVE('',#7871,#7879,#7881,.T.);
#7879 = VERTEX_POINT('',#7880);
#7880 = CARTESIAN_POINT('',(-0.708648457443,1.309324228722,0.1));
#7881 = LINE('',#7882,#7883);
#7882 = CARTESIAN_POINT('',(-0.708648457443,-1.309324228722,0.1));
#7883 = VECTOR('',#7884,1.);
#7884 = DIRECTION('',(-1.110223024625E-16,1.,0.));
#7885 = ORIENTED_EDGE('',*,*,#7886,.T.);
#7886 = EDGE_CURVE('',#7879,#7800,#7887,.T.);
#7887 = LINE('',#7888,#7889);
#7888 = CARTESIAN_POINT('',(-0.708648457443,1.309324228722,0.1));
#7889 = VECTOR('',#7890,1.);
#7890 = DIRECTION('',(0.707106781187,0.707106781187,0.));
#7891 = PLANE('',#7892);
#7892 = AXIS2_PLACEMENT_3D('',#7893,#7894,#7895);
#7893 = CARTESIAN_POINT('',(-0.659324228722,1.358648457443,0.1));
#7894 = DIRECTION('',(0.,0.,1.));
#7895 = DIRECTION('',(0.436587433964,-0.899661832304,0.));
#7896 = ADVANCED_FACE('',(#7897),#7914,.F.);
#7897 = FACE_BOUND('',#7898,.F.);
#7898 = EDGE_LOOP('',(#7899,#7900,#7907,#7913));
#7899 = ORIENTED_EDGE('',*,*,#7838,.T.);
#7900 = ORIENTED_EDGE('',*,*,#7901,.T.);
#7901 = EDGE_CURVE('',#7839,#7902,#7904,.T.);
#7902 = VERTEX_POINT('',#7903);
#7903 = CARTESIAN_POINT('',(0.8,1.355,0.75));
#7904 = B_SPLINE_CURVE_WITH_KNOTS('',1,(#7905,#7906),.UNSPECIFIED.,.F.,
  .F.,(2,2),(0.,1.),.PIECEWISE_BEZIER_KNOTS.);
#7905 = CARTESIAN_POINT('',(0.708648457443,1.309324228722,0.1));
#7906 = CARTESIAN_POINT('',(0.8,1.355,0.75));
#7907 = ORIENTED_EDGE('',*,*,#7908,.F.);
#7908 = EDGE_CURVE('',#7810,#7902,#7909,.T.);
#7909 = LINE('',#7910,#7911);
#7910 = CARTESIAN_POINT('',(0.705,1.45,0.75));
#7911 = VECTOR('',#7912,1.);
#7912 = DIRECTION('',(0.707106781187,-0.707106781187,0.));
#7913 = ORIENTED_EDGE('',*,*,#7809,.F.);
#7914 = B_SPLINE_SURFACE_WITH_KNOTS('',1,1,(
    (#7915,#7916)
    ,(#7917,#7918
    )),.UNSPECIFIED.,.F.,.F.,.F.,(2,2),(2,2),(0.,0.134350288425),(0.,1.)
  ,.PIECEWISE_BEZIER_KNOTS.);
#7915 = CARTESIAN_POINT('',(0.659324228722,1.358648457443,0.1));
#7916 = CARTESIAN_POINT('',(0.705,1.45,0.75));
#7917 = CARTESIAN_POINT('',(0.708648457443,1.309324228722,0.1));
#7918 = CARTESIAN_POINT('',(0.8,1.355,0.75));
#7919 = ADVANCED_FACE('',(#7920),#7943,.F.);
#7920 = FACE_BOUND('',#7921,.F.);
#7921 = EDGE_LOOP('',(#7922,#7923,#7930,#7938));
#7922 = ORIENTED_EDGE('',*,*,#7816,.T.);
#7923 = ORIENTED_EDGE('',*,*,#7924,.T.);
#7924 = EDGE_CURVE('',#7810,#7925,#7927,.T.);
#7925 = VERTEX_POINT('',#7926);
#7926 = CARTESIAN_POINT('',(0.705,1.45,0.9));
#7927 = B_SPLINE_CURVE_WITH_KNOTS('',1,(#7928,#7929),.UNSPECIFIED.,.F.,
  .F.,(2,2),(0.,1.),.PIECEWISE_BEZIER_KNOTS.);
#7928 = CARTESIAN_POINT('',(0.705,1.45,0.75));
#7929 = CARTESIAN_POINT('',(0.705,1.45,0.9));
#7930 = ORIENTED_EDGE('',*,*,#7931,.F.);
#7931 = EDGE_CURVE('',#7932,#7925,#7934,.T.);
#7932 = VERTEX_POINT('',#7933);
#7933 = CARTESIAN_POINT('',(-0.705,1.45,0.9));
#7934 = LINE('',#7935,#7936);
#7935 = CARTESIAN_POINT('',(-0.705,1.45,0.9));
#7936 = VECTOR('',#7937,1.);
#7937 = DIRECTION('',(1.,1.110223024625E-16,0.));
#7938 = ORIENTED_EDGE('',*,*,#7939,.F.);
#7939 = EDGE_CURVE('',#7817,#7932,#7940,.T.);
#7940 = B_SPLINE_CURVE_WITH_KNOTS('',1,(#7941,#7942),.UNSPECIFIED.,.F.,
  .F.,(2,2),(0.,1.),.PIECEWISE_BEZIER_KNOTS.);
#7941 = CARTESIAN_POINT('',(-0.705,1.45,0.75));
#7942 = CARTESIAN_POINT('',(-0.705,1.45,0.9));
#7943 = PLANE('',#7944);
#7944 = AXIS2_PLACEMENT_3D('',#7945,#7946,#7947);
#7945 = CARTESIAN_POINT('',(-0.705,1.45,0.9));
#7946 = DIRECTION('',(1.110223024625E-16,-1.,0.));
#7947 = DIRECTION('',(1.,1.110223024625E-16,0.));
#7948 = ADVANCED_FACE('',(#7949),#7966,.F.);
#7949 = FACE_BOUND('',#7950,.F.);
#7950 = EDGE_LOOP('',(#7951,#7952,#7953,#7961));
#7951 = ORIENTED_EDGE('',*,*,#7886,.T.);
#7952 = ORIENTED_EDGE('',*,*,#7824,.T.);
#7953 = ORIENTED_EDGE('',*,*,#7954,.F.);
#7954 = EDGE_CURVE('',#7955,#7817,#7957,.T.);
#7955 = VERTEX_POINT('',#7956);
#7956 = CARTESIAN_POINT('',(-0.8,1.355,0.75));
#7957 = LINE('',#7958,#7959);
#7958 = CARTESIAN_POINT('',(-0.8,1.355,0.75));
#7959 = VECTOR('',#7960,1.);
#7960 = DIRECTION('',(0.707106781187,0.707106781187,0.));
#7961 = ORIENTED_EDGE('',*,*,#7962,.F.);
#7962 = EDGE_CURVE('',#7879,#7955,#7963,.T.);
#7963 = B_SPLINE_CURVE_WITH_KNOTS('',1,(#7964,#7965),.UNSPECIFIED.,.F.,
  .F.,(2,2),(0.,1.),.PIECEWISE_BEZIER_KNOTS.);
#7964 = CARTESIAN_POINT('',(-0.708648457443,1.309324228722,0.1));
#7965 = CARTESIAN_POINT('',(-0.8,1.355,0.75));
#7966 = B_SPLINE_SURFACE_WITH_KNOTS('',1,1,(
    (#7967,#7968)
    ,(#7969,#7970
    )),.UNSPECIFIED.,.F.,.F.,.F.,(2,2),(2,2),(0.,0.134350288425),(0.,1.)
  ,.PIECEWISE_BEZIER_KNOTS.);
#7967 = CARTESIAN_POINT('',(-0.708648457443,1.309324228722,0.1));
#7968 = CARTESIAN_POINT('',(-0.8,1.355,0.75));
#7969 = CARTESIAN_POINT('',(-0.659324228722,1.358648457443,0.1));
#7970 = CARTESIAN_POINT('',(-0.705,1.45,0.75));
#7971 = ADVANCED_FACE('',(#7972),#8037,.F.);
#7972 = FACE_BOUND('',#7973,.F.);
#7973 = EDGE_LOOP('',(#7974,#7975,#7976,#7984,#7992,#8000,#8008,#8016,
    #8024,#8032));
#7974 = ORIENTED_EDGE('',*,*,#7878,.T.);
#7975 = ORIENTED_EDGE('',*,*,#7962,.T.);
#7976 = ORIENTED_EDGE('',*,*,#7977,.F.);
#7977 = EDGE_CURVE('',#7978,#7955,#7980,.T.);
#7978 = VERTEX_POINT('',#7979);
#7979 = CARTESIAN_POINT('',(-0.8,1.2,0.75));
#7980 = LINE('',#7981,#7982);
#7981 = CARTESIAN_POINT('',(-0.8,-1.355,0.75));
#7982 = VECTOR('',#7983,1.);
#7983 = DIRECTION('',(-1.110223024625E-16,1.,0.));
#7984 = ORIENTED_EDGE('',*,*,#7985,.F.);
#7985 = EDGE_CURVE('',#7986,#7978,#7988,.T.);
#7986 = VERTEX_POINT('',#7987);
#7987 = CARTESIAN_POINT('',(-0.8,0.7,0.75));
#7988 = LINE('',#7989,#7990);
#7989 = CARTESIAN_POINT('',(-0.8,-1.355,0.75));
#7990 = VECTOR('',#7991,1.);
#7991 = DIRECTION('',(-1.110223024625E-16,1.,0.));
#7992 = ORIENTED_EDGE('',*,*,#7993,.F.);
#7993 = EDGE_CURVE('',#7994,#7986,#7996,.T.);
#7994 = VERTEX_POINT('',#7995);
#7995 = CARTESIAN_POINT('',(-0.8,0.25,0.75));
#7996 = LINE('',#7997,#7998);
#7997 = CARTESIAN_POINT('',(-0.8,-1.355,0.75));
#7998 = VECTOR('',#7999,1.);
#7999 = DIRECTION('',(-1.110223024625E-16,1.,0.));
#8000 = ORIENTED_EDGE('',*,*,#8001,.F.);
#8001 = EDGE_CURVE('',#8002,#7994,#8004,.T.);
#8002 = VERTEX_POINT('',#8003);
#8003 = CARTESIAN_POINT('',(-0.8,-0.25,0.75));
#8004 = LINE('',#8005,#8006);
#8005 = CARTESIAN_POINT('',(-0.8,-1.355,0.75));
#8006 = VECTOR('',#8007,1.);
#8007 = DIRECTION('',(-1.110223024625E-16,1.,0.));
#8008 = ORIENTED_EDGE('',*,*,#8009,.F.);
#8009 = EDGE_CURVE('',#8010,#8002,#8012,.T.);
#8010 = VERTEX_POINT('',#8011);
#8011 = CARTESIAN_POINT('',(-0.8,-0.7,0.75));
#8012 = LINE('',#8013,#8014);
#8013 = CARTESIAN_POINT('',(-0.8,-1.355,0.75));
#8014 = VECTOR('',#8015,1.);
#8015 = DIRECTION('',(-1.110223024625E-16,1.,0.));
#8016 = ORIENTED_EDGE('',*,*,#8017,.F.);
#8017 = EDGE_CURVE('',#8018,#8010,#8020,.T.);
#8018 = VERTEX_POINT('',#8019);
#8019 = CARTESIAN_POINT('',(-0.8,-1.2,0.75));
#8020 = LINE('',#8021,#8022);
#8021 = CARTESIAN_POINT('',(-0.8,-1.355,0.75));
#8022 = VECTOR('',#8023,1.);
#8023 = DIRECTION('',(-1.110223024625E-16,1.,0.));
#8024 = ORIENTED_EDGE('',*,*,#8025,.F.);
#8025 = EDGE_CURVE('',#8026,#8018,#8028,.T.);
#8026 = VERTEX_POINT('',#8027);
#8027 = CARTESIAN_POINT('',(-0.8,-1.355,0.75));
#8028 = LINE('',#8029,#8030);
#8029 = CARTESIAN_POINT('',(-0.8,-1.355,0.75));
#8030 = VECTOR('',#8031,1.);
#8031 = DIRECTION('',(-1.110223024625E-16,1.,0.));
#8032 = ORIENTED_EDGE('',*,*,#8033,.F.);
#8033 = EDGE_CURVE('',#7871,#8026,#8034,.T.);
#8034 = B_SPLINE_CURVE_WITH_KNOTS('',1,(#8035,#8036),.UNSPECIFIED.,.F.,
  .F.,(2,2),(0.,1.),.PIECEWISE_BEZIER_KNOTS.);
#8035 = CARTESIAN_POINT('',(-0.708648457443,-1.309324228722,0.1));
#8036 = CARTESIAN_POINT('',(-0.8,-1.355,0.75));
#8037 = B_SPLINE_SURFACE_WITH_KNOTS('',1,1,(
    (#8038,#8039)
    ,(#8040,#8041
    )),.UNSPECIFIED.,.F.,.F.,.F.,(2,2),(2,2),(0.,2.71),(0.,1.),
  .PIECEWISE_BEZIER_KNOTS.);
#8038 = CARTESIAN_POINT('',(-0.708648457443,-1.309324228722,0.1));
#8039 = CARTESIAN_POINT('',(-0.8,-1.355,0.75));
#8040 = CARTESIAN_POINT('',(-0.708648457443,1.309324228722,0.1));
#8041 = CARTESIAN_POINT('',(-0.8,1.355,0.75));
#8042 = ADVANCED_FACE('',(#8043),#8092,.F.);
#8043 = FACE_BOUND('',#8044,.F.);
#8044 = EDGE_LOOP('',(#8045,#8046,#8053,#8061,#8069,#8077,#8085,#8091));
#8045 = ORIENTED_EDGE('',*,*,#7846,.T.);
#8046 = ORIENTED_EDGE('',*,*,#8047,.T.);
#8047 = EDGE_CURVE('',#7847,#8048,#8050,.T.);
#8048 = VERTEX_POINT('',#8049);
#8049 = CARTESIAN_POINT('',(0.8,-1.355,0.75));
#8050 = B_SPLINE_CURVE_WITH_KNOTS('',1,(#8051,#8052),.UNSPECIFIED.,.F.,
  .F.,(2,2),(0.,1.),.PIECEWISE_BEZIER_KNOTS.);
#8051 = CARTESIAN_POINT('',(0.708648457443,-1.309324228722,0.1));
#8052 = CARTESIAN_POINT('',(0.8,-1.355,0.75));
#8053 = ORIENTED_EDGE('',*,*,#8054,.F.);
#8054 = EDGE_CURVE('',#8055,#8048,#8057,.T.);
#8055 = VERTEX_POINT('',#8056);
#8056 = CARTESIAN_POINT('',(0.8,-1.2,0.75));
#8057 = LINE('',#8058,#8059);
#8058 = CARTESIAN_POINT('',(0.8,1.355,0.75));
#8059 = VECTOR('',#8060,1.);
#8060 = DIRECTION('',(1.110223024625E-16,-1.,0.));
#8061 = ORIENTED_EDGE('',*,*,#8062,.F.);
#8062 = EDGE_CURVE('',#8063,#8055,#8065,.T.);
#8063 = VERTEX_POINT('',#8064);
#8064 = CARTESIAN_POINT('',(0.8,-0.7,0.75));
#8065 = LINE('',#8066,#8067);
#8066 = CARTESIAN_POINT('',(0.8,1.355,0.75));
#8067 = VECTOR('',#8068,1.);
#8068 = DIRECTION('',(1.110223024625E-16,-1.,0.));
#8069 = ORIENTED_EDGE('',*,*,#8070,.F.);
#8070 = EDGE_CURVE('',#8071,#8063,#8073,.T.);
#8071 = VERTEX_POINT('',#8072);
#8072 = CARTESIAN_POINT('',(0.8,0.7,0.75));
#8073 = LINE('',#8074,#8075);
#8074 = CARTESIAN_POINT('',(0.8,1.355,0.75));
#8075 = VECTOR('',#8076,1.);
#8076 = DIRECTION('',(1.110223024625E-16,-1.,0.));
#8077 = ORIENTED_EDGE('',*,*,#8078,.F.);
#8078 = EDGE_CURVE('',#8079,#8071,#8081,.T.);
#8079 = VERTEX_POINT('',#8080);
#8080 = CARTESIAN_POINT('',(0.8,1.2,0.75));
#8081 = LINE('',#8082,#8083);
#8082 = CARTESIAN_POINT('',(0.8,1.355,0.75));
#8083 = VECTOR('',#8084,1.);
#8084 = DIRECTION('',(1.110223024625E-16,-1.,0.));
#8085 = ORIENTED_EDGE('',*,*,#8086,.F.);
#8086 = EDGE_CURVE('',#7902,#8079,#8087,.T.);
#8087 = LINE('',#8088,#8089);
#8088 = CARTESIAN_POINT('',(0.8,1.355,0.75));
#8089 = VECTOR('',#8090,1.);
#8090 = DIRECTION('',(1.110223024625E-16,-1.,0.));
#8091 = ORIENTED_EDGE('',*,*,#7901,.F.);
#8092 = B_SPLINE_SURFACE_WITH_KNOTS('',1,1,(
    (#8093,#8094)
    ,(#8095,#8096
    )),.UNSPECIFIED.,.F.,.F.,.F.,(2,2),(2,2),(0.,2.71),(0.,1.),
  .PIECEWISE_BEZIER_KNOTS.);
#8093 = CARTESIAN_POINT('',(0.708648457443,1.309324228722,0.1));
#8094 = CARTESIAN_POINT('',(0.8,1.355,0.75));
#8095 = CARTESIAN_POINT('',(0.708648457443,-1.309324228722,0.1));
#8096 = CARTESIAN_POINT('',(0.8,-1.355,0.75));
#8097 = ADVANCED_FACE('',(#8098),#8115,.F.);
#8098 = FACE_BOUND('',#8099,.F.);
#8099 = EDGE_LOOP('',(#8100,#8101,#8102,#8110));
#8100 = ORIENTED_EDGE('',*,*,#7870,.T.);
#8101 = ORIENTED_EDGE('',*,*,#8033,.T.);
#8102 = ORIENTED_EDGE('',*,*,#8103,.F.);
#8103 = EDGE_CURVE('',#8104,#8026,#8106,.T.);
#8104 = VERTEX_POINT('',#8105);
#8105 = CARTESIAN_POINT('',(-0.705,-1.45,0.75));
#8106 = LINE('',#8107,#8108);
#8107 = CARTESIAN_POINT('',(-0.705,-1.45,0.75));
#8108 = VECTOR('',#8109,1.);
#8109 = DIRECTION('',(-0.707106781187,0.707106781187,0.));
#8110 = ORIENTED_EDGE('',*,*,#8111,.F.);
#8111 = EDGE_CURVE('',#7863,#8104,#8112,.T.);
#8112 = B_SPLINE_CURVE_WITH_KNOTS('',1,(#8113,#8114),.UNSPECIFIED.,.F.,
  .F.,(2,2),(0.,1.),.PIECEWISE_BEZIER_KNOTS.);
#8113 = CARTESIAN_POINT('',(-0.659324228722,-1.358648457443,0.1));
#8114 = CARTESIAN_POINT('',(-0.705,-1.45,0.75));
#8115 = B_SPLINE_SURFACE_WITH_KNOTS('',1,1,(
    (#8116,#8117)
    ,(#8118,#8119
    )),.UNSPECIFIED.,.F.,.F.,.F.,(2,2),(2,2),(0.,0.134350288425),(0.,1.)
  ,.PIECEWISE_BEZIER_KNOTS.);
#8116 = CARTESIAN_POINT('',(-0.659324228722,-1.358648457443,0.1));
#8117 = CARTESIAN_POINT('',(-0.705,-1.45,0.75));
#8118 = CARTESIAN_POINT('',(-0.708648457443,-1.309324228722,0.1));
#8119 = CARTESIAN_POINT('',(-0.8,-1.355,0.75));
#8120 = ADVANCED_FACE('',(#8121),#8138,.F.);
#8121 = FACE_BOUND('',#8122,.F.);
#8122 = EDGE_LOOP('',(#8123,#8124,#8131,#8137));
#8123 = ORIENTED_EDGE('',*,*,#7854,.T.);
#8124 = ORIENTED_EDGE('',*,*,#8125,.T.);
#8125 = EDGE_CURVE('',#7855,#8126,#8128,.T.);
#8126 = VERTEX_POINT('',#8127);
#8127 = CARTESIAN_POINT('',(0.705,-1.45,0.75));
#8128 = B_SPLINE_CURVE_WITH_KNOTS('',1,(#8129,#8130),.UNSPECIFIED.,.F.,
  .F.,(2,2),(0.,1.),.PIECEWISE_BEZIER_KNOTS.);
#8129 = CARTESIAN_POINT('',(0.659324228722,-1.358648457443,0.1));
#8130 = CARTESIAN_POINT('',(0.705,-1.45,0.75));
#8131 = ORIENTED_EDGE('',*,*,#8132,.F.);
#8132 = EDGE_CURVE('',#8048,#8126,#8133,.T.);
#8133 = LINE('',#8134,#8135);
#8134 = CARTESIAN_POINT('',(0.8,-1.355,0.75));
#8135 = VECTOR('',#8136,1.);
#8136 = DIRECTION('',(-0.707106781187,-0.707106781187,0.));
#8137 = ORIENTED_EDGE('',*,*,#8047,.F.);
#8138 = B_SPLINE_SURFACE_WITH_KNOTS('',1,1,(
    (#8139,#8140)
    ,(#8141,#8142
    )),.UNSPECIFIED.,.F.,.F.,.F.,(2,2),(2,2),(0.,0.134350288425),(0.,1.)
  ,.PIECEWISE_BEZIER_KNOTS.);
#8139 = CARTESIAN_POINT('',(0.708648457443,-1.309324228722,0.1));
#8140 = CARTESIAN_POINT('',(0.8,-1.355,0.75));
#8141 = CARTESIAN_POINT('',(0.659324228722,-1.358648457443,0.1));
#8142 = CARTESIAN_POINT('',(0.705,-1.45,0.75));
#8143 = ADVANCED_FACE('',(#8144),#8155,.F.);
#8144 = FACE_BOUND('',#8145,.F.);
#8145 = EDGE_LOOP('',(#8146,#8147,#8148,#8154));
#8146 = ORIENTED_EDGE('',*,*,#7862,.T.);
#8147 = ORIENTED_EDGE('',*,*,#8111,.T.);
#8148 = ORIENTED_EDGE('',*,*,#8149,.F.);
#8149 = EDGE_CURVE('',#8126,#8104,#8150,.T.);
#8150 = LINE('',#8151,#8152);
#8151 = CARTESIAN_POINT('',(0.705,-1.45,0.75));
#8152 = VECTOR('',#8153,1.);
#8153 = DIRECTION('',(-1.,-1.110223024625E-16,0.));
#8154 = ORIENTED_EDGE('',*,*,#8125,.F.);
#8155 = B_SPLINE_SURFACE_WITH_KNOTS('',1,1,(
    (#8156,#8157)
    ,(#8158,#8159
    )),.UNSPECIFIED.,.F.,.F.,.F.,(2,2),(2,2),(0.,1.41),(0.,1.),
  .PIECEWISE_BEZIER_KNOTS.);
#8156 = CARTESIAN_POINT('',(0.659324228722,-1.358648457443,0.1));
#8157 = CARTESIAN_POINT('',(0.705,-1.45,0.75));
#8158 = CARTESIAN_POINT('',(-0.659324228722,-1.358648457443,0.1));
#8159 = CARTESIAN_POINT('',(-0.705,-1.45,0.75));
#8160 = ADVANCED_FACE('',(#8161),#8178,.F.);
#8161 = FACE_BOUND('',#8162,.F.);
#8162 = EDGE_LOOP('',(#8163,#8164,#8171,#8177));
#8163 = ORIENTED_EDGE('',*,*,#7908,.T.);
#8164 = ORIENTED_EDGE('',*,*,#8165,.T.);
#8165 = EDGE_CURVE('',#7902,#8166,#8168,.T.);
#8166 = VERTEX_POINT('',#8167);
#8167 = CARTESIAN_POINT('',(0.8,1.355,0.9));
#8168 = B_SPLINE_CURVE_WITH_KNOTS('',1,(#8169,#8170),.UNSPECIFIED.,.F.,
  .F.,(2,2),(0.,1.),.PIECEWISE_BEZIER_KNOTS.);
#8169 = CARTESIAN_POINT('',(0.8,1.355,0.75));
#8170 = CARTESIAN_POINT('',(0.8,1.355,0.9));
#8171 = ORIENTED_EDGE('',*,*,#8172,.F.);
#8172 = EDGE_CURVE('',#7925,#8166,#8173,.T.);
#8173 = LINE('',#8174,#8175);
#8174 = CARTESIAN_POINT('',(0.705,1.45,0.9));
#8175 = VECTOR('',#8176,1.);
#8176 = DIRECTION('',(0.707106781187,-0.707106781187,0.));
#8177 = ORIENTED_EDGE('',*,*,#7924,.F.);
#8178 = PLANE('',#8179);
#8179 = AXIS2_PLACEMENT_3D('',#8180,#8181,#8182);
#8180 = CARTESIAN_POINT('',(0.705,1.45,0.9));
#8181 = DIRECTION('',(-0.707106781187,-0.707106781187,0.));
#8182 = DIRECTION('',(0.707106781187,-0.707106781187,0.));
#8183 = ADVANCED_FACE('',(#8184),#8266,.F.);
#8184 = FACE_BOUND('',#8185,.F.);
#8185 = EDGE_LOOP('',(#8186,#8194,#8195,#8196,#8204,#8212,#8220,#8228,
    #8236,#8244,#8252,#8260));
#8186 = ORIENTED_EDGE('',*,*,#8187,.T.);
#8187 = EDGE_CURVE('',#8188,#7932,#8190,.T.);
#8188 = VERTEX_POINT('',#8189);
#8189 = CARTESIAN_POINT('',(-0.8,1.355,0.9));
#8190 = LINE('',#8191,#8192);
#8191 = CARTESIAN_POINT('',(-0.8,1.355,0.9));
#8192 = VECTOR('',#8193,1.);
#8193 = DIRECTION('',(0.707106781187,0.707106781187,0.));
#8194 = ORIENTED_EDGE('',*,*,#7931,.T.);
#8195 = ORIENTED_EDGE('',*,*,#8172,.T.);
#8196 = ORIENTED_EDGE('',*,*,#8197,.T.);
#8197 = EDGE_CURVE('',#8166,#8198,#8200,.T.);
#8198 = VERTEX_POINT('',#8199);
#8199 = CARTESIAN_POINT('',(0.8,1.2,0.9));
#8200 = LINE('',#8201,#8202);
#8201 = CARTESIAN_POINT('',(0.8,1.355,0.9));
#8202 = VECTOR('',#8203,1.);
#8203 = DIRECTION('',(1.110223024625E-16,-1.,0.));
#8204 = ORIENTED_EDGE('',*,*,#8205,.T.);
#8205 = EDGE_CURVE('',#8198,#8206,#8208,.T.);
#8206 = VERTEX_POINT('',#8207);
#8207 = CARTESIAN_POINT('',(0.775,1.2,0.9));
#8208 = LINE('',#8209,#8210);
#8209 = CARTESIAN_POINT('',(0.85,1.2,0.9));
#8210 = VECTOR('',#8211,1.);
#8211 = DIRECTION('',(-1.,-1.110223024625E-16,0.));
#8212 = ORIENTED_EDGE('',*,*,#8213,.F.);
#8213 = EDGE_CURVE('',#8214,#8206,#8216,.T.);
#8214 = VERTEX_POINT('',#8215);
#8215 = CARTESIAN_POINT('',(0.775,1.3425,0.9));
#8216 = LINE('',#8217,#8218);
#8217 = CARTESIAN_POINT('',(0.775,1.3425,0.9));
#8218 = VECTOR('',#8219,1.);
#8219 = DIRECTION('',(1.110223024625E-16,-1.,0.));
#8220 = ORIENTED_EDGE('',*,*,#8221,.F.);
#8221 = EDGE_CURVE('',#8222,#8214,#8224,.T.);
#8222 = VERTEX_POINT('',#8223);
#8223 = CARTESIAN_POINT('',(0.6925,1.425,0.9));
#8224 = LINE('',#8225,#8226);
#8225 = CARTESIAN_POINT('',(0.6925,1.425,0.9));
#8226 = VECTOR('',#8227,1.);
#8227 = DIRECTION('',(0.707106781187,-0.707106781187,0.));
#8228 = ORIENTED_EDGE('',*,*,#8229,.F.);
#8229 = EDGE_CURVE('',#8230,#8222,#8232,.T.);
#8230 = VERTEX_POINT('',#8231);
#8231 = CARTESIAN_POINT('',(-0.6925,1.425,0.9));
#8232 = LINE('',#8233,#8234);
#8233 = CARTESIAN_POINT('',(-0.6925,1.425,0.9));
#8234 = VECTOR('',#8235,1.);
#8235 = DIRECTION('',(1.,1.110223024625E-16,0.));
#8236 = ORIENTED_EDGE('',*,*,#8237,.F.);
#8237 = EDGE_CURVE('',#8238,#8230,#8240,.T.);
#8238 = VERTEX_POINT('',#8239);
#8239 = CARTESIAN_POINT('',(-0.775,1.3425,0.9));
#8240 = LINE('',#8241,#8242);
#8241 = CARTESIAN_POINT('',(-0.775,1.3425,0.9));
#8242 = VECTOR('',#8243,1.);
#8243 = DIRECTION('',(0.707106781187,0.707106781187,0.));
#8244 = ORIENTED_EDGE('',*,*,#8245,.F.);
#8245 = EDGE_CURVE('',#8246,#8238,#8248,.T.);
#8246 = VERTEX_POINT('',#8247);
#8247 = CARTESIAN_POINT('',(-0.775,1.2,0.9));
#8248 = LINE('',#8249,#8250);
#8249 = CARTESIAN_POINT('',(-0.775,-1.3425,0.9));
#8250 = VECTOR('',#8251,1.);
#8251 = DIRECTION('',(-1.110223024625E-16,1.,0.));
#8252 = ORIENTED_EDGE('',*,*,#8253,.F.);
#8253 = EDGE_CURVE('',#8254,#8246,#8256,.T.);
#8254 = VERTEX_POINT('',#8255);
#8255 = CARTESIAN_POINT('',(-0.8,1.2,0.9));
#8256 = LINE('',#8257,#8258);
#8257 = CARTESIAN_POINT('',(-0.85,1.2,0.9));
#8258 = VECTOR('',#8259,1.);
#8259 = DIRECTION('',(1.,-1.144237745222E-17,0.));
#8260 = ORIENTED_EDGE('',*,*,#8261,.T.);
#8261 = EDGE_CURVE('',#8254,#8188,#8262,.T.);
#8262 = LINE('',#8263,#8264);
#8263 = CARTESIAN_POINT('',(-0.8,-1.355,0.9));
#8264 = VECTOR('',#8265,1.);
#8265 = DIRECTION('',(-1.110223024625E-16,1.,0.));
#8266 = PLANE('',#8267);
#8267 = AXIS2_PLACEMENT_3D('',#8268,#8269,#8270);
#8268 = CARTESIAN_POINT('',(-2.091417030376E-16,1.4375,0.9));
#8269 = DIRECTION('',(4.595758349624E-18,6.551522493592E-27,-1.));
#8270 = DIRECTION('',(1.,1.51922136901E-16,4.595758349624E-18));
#8271 = ADVANCED_FACE('',(#8272),#8282,.F.);
#8272 = FACE_BOUND('',#8273,.F.);
#8273 = EDGE_LOOP('',(#8274,#8275,#8276,#8277));
#8274 = ORIENTED_EDGE('',*,*,#7954,.T.);
#8275 = ORIENTED_EDGE('',*,*,#7939,.T.);
#8276 = ORIENTED_EDGE('',*,*,#8187,.F.);
#8277 = ORIENTED_EDGE('',*,*,#8278,.F.);
#8278 = EDGE_CURVE('',#7955,#8188,#8279,.T.);
#8279 = B_SPLINE_CURVE_WITH_KNOTS('',1,(#8280,#8281),.UNSPECIFIED.,.F.,
  .F.,(2,2),(0.,1.),.PIECEWISE_BEZIER_KNOTS.);
#8280 = CARTESIAN_POINT('',(-0.8,1.355,0.75));
#8281 = CARTESIAN_POINT('',(-0.8,1.355,0.9));
#8282 = PLANE('',#8283);
#8283 = AXIS2_PLACEMENT_3D('',#8284,#8285,#8286);
#8284 = CARTESIAN_POINT('',(-0.8,1.355,0.9));
#8285 = DIRECTION('',(0.707106781187,-0.707106781187,0.));
#8286 = DIRECTION('',(0.707106781187,0.707106781187,0.));
#8287 = ADVANCED_FACE('',(#8288),#8312,.F.);
#8288 = FACE_BOUND('',#8289,.F.);
#8289 = EDGE_LOOP('',(#8290,#8297,#8298,#8306));
#8290 = ORIENTED_EDGE('',*,*,#8291,.F.);
#8291 = EDGE_CURVE('',#8026,#8292,#8294,.T.);
#8292 = VERTEX_POINT('',#8293);
#8293 = CARTESIAN_POINT('',(-0.8,-1.355,0.9));
#8294 = B_SPLINE_CURVE_WITH_KNOTS('',1,(#8295,#8296),.UNSPECIFIED.,.F.,
  .F.,(2,2),(0.,1.),.PIECEWISE_BEZIER_KNOTS.);
#8295 = CARTESIAN_POINT('',(-0.8,-1.355,0.75));
#8296 = CARTESIAN_POINT('',(-0.8,-1.355,0.9));
#8297 = ORIENTED_EDGE('',*,*,#8025,.T.);
#8298 = ORIENTED_EDGE('',*,*,#8299,.T.);
#8299 = EDGE_CURVE('',#8018,#8300,#8302,.T.);
#8300 = VERTEX_POINT('',#8301);
#8301 = CARTESIAN_POINT('',(-0.8,-1.2,0.9));
#8302 = LINE('',#8303,#8304);
#8303 = CARTESIAN_POINT('',(-0.8,-1.2,0.670847817658));
#8304 = VECTOR('',#8305,1.);
#8305 = DIRECTION('',(0.,0.,1.));
#8306 = ORIENTED_EDGE('',*,*,#8307,.F.);
#8307 = EDGE_CURVE('',#8292,#8300,#8308,.T.);
#8308 = LINE('',#8309,#8310);
#8309 = CARTESIAN_POINT('',(-0.8,-1.355,0.9));
#8310 = VECTOR('',#8311,1.);
#8311 = DIRECTION('',(-1.110223024625E-16,1.,0.));
#8312 = PLANE('',#8313);
#8313 = AXIS2_PLACEMENT_3D('',#8314,#8315,#8316);
#8314 = CARTESIAN_POINT('',(-0.8,-1.355,0.9));
#8315 = DIRECTION('',(1.,1.110223024625E-16,0.));
#8316 = DIRECTION('',(-1.110223024625E-16,1.,0.));
#8317 = ADVANCED_FACE('',(#8318),#8343,.F.);
#8318 = FACE_BOUND('',#8319,.F.);
#8319 = EDGE_LOOP('',(#8320,#8328,#8329,#8337));
#8320 = ORIENTED_EDGE('',*,*,#8321,.F.);
#8321 = EDGE_CURVE('',#8018,#8322,#8324,.T.);
#8322 = VERTEX_POINT('',#8323);
#8323 = CARTESIAN_POINT('',(-0.85,-1.2,0.75));
#8324 = LINE('',#8325,#8326);
#8325 = CARTESIAN_POINT('',(-0.75,-1.2,0.75));
#8326 = VECTOR('',#8327,1.);
#8327 = DIRECTION('',(-1.,1.144237745222E-17,0.));
#8328 = ORIENTED_EDGE('',*,*,#8017,.T.);
#8329 = ORIENTED_EDGE('',*,*,#8330,.T.);
#8330 = EDGE_CURVE('',#8010,#8331,#8333,.T.);
#8331 = VERTEX_POINT('',#8332);
#8332 = CARTESIAN_POINT('',(-0.85,-0.7,0.75));
#8333 = LINE('',#8334,#8335);
#8334 = CARTESIAN_POINT('',(-0.75,-0.7,0.75));
#8335 = VECTOR('',#8336,1.);
#8336 = DIRECTION('',(-1.,1.144237745222E-17,0.));
#8337 = ORIENTED_EDGE('',*,*,#8338,.F.);
#8338 = EDGE_CURVE('',#8322,#8331,#8339,.T.);
#8339 = LINE('',#8340,#8341);
#8340 = CARTESIAN_POINT('',(-0.85,-1.2,0.75));
#8341 = VECTOR('',#8342,1.);
#8342 = DIRECTION('',(1.144237745222E-17,1.,0.));
#8343 = PLANE('',#8344);
#8344 = AXIS2_PLACEMENT_3D('',#8345,#8346,#8347);
#8345 = CARTESIAN_POINT('',(-0.75,-1.2,0.75));
#8346 = DIRECTION('',(0.,0.,1.));
#8347 = DIRECTION('',(-1.,1.144237745222E-17,0.));
#8348 = ADVANCED_FACE('',(#8349),#8374,.F.);
#8349 = FACE_BOUND('',#8350,.F.);
#8350 = EDGE_LOOP('',(#8351,#8359,#8360,#8368));
#8351 = ORIENTED_EDGE('',*,*,#8352,.F.);
#8352 = EDGE_CURVE('',#8010,#8353,#8355,.T.);
#8353 = VERTEX_POINT('',#8354);
#8354 = CARTESIAN_POINT('',(-0.8,-0.7,0.9));
#8355 = LINE('',#8356,#8357);
#8356 = CARTESIAN_POINT('',(-0.8,-0.7,0.670847817658));
#8357 = VECTOR('',#8358,1.);
#8358 = DIRECTION('',(0.,0.,1.));
#8359 = ORIENTED_EDGE('',*,*,#8009,.T.);
#8360 = ORIENTED_EDGE('',*,*,#8361,.T.);
#8361 = EDGE_CURVE('',#8002,#8362,#8364,.T.);
#8362 = VERTEX_POINT('',#8363);
#8363 = CARTESIAN_POINT('',(-0.8,-0.25,0.9));
#8364 = LINE('',#8365,#8366);
#8365 = CARTESIAN_POINT('',(-0.8,-0.25,0.670847817658));
#8366 = VECTOR('',#8367,1.);
#8367 = DIRECTION('',(0.,0.,1.));
#8368 = ORIENTED_EDGE('',*,*,#8369,.F.);
#8369 = EDGE_CURVE('',#8353,#8362,#8370,.T.);
#8370 = LINE('',#8371,#8372);
#8371 = CARTESIAN_POINT('',(-0.8,-1.355,0.9));
#8372 = VECTOR('',#8373,1.);
#8373 = DIRECTION('',(-1.110223024625E-16,1.,0.));
#8374 = PLANE('',#8375);
#8375 = AXIS2_PLACEMENT_3D('',#8376,#8377,#8378);
#8376 = CARTESIAN_POINT('',(-0.8,-1.355,0.9));
#8377 = DIRECTION('',(1.,1.110223024625E-16,0.));
#8378 = DIRECTION('',(-1.110223024625E-16,1.,0.));
#8379 = ADVANCED_FACE('',(#8380),#8405,.F.);
#8380 = FACE_BOUND('',#8381,.F.);
#8381 = EDGE_LOOP('',(#8382,#8390,#8391,#8399));
#8382 = ORIENTED_EDGE('',*,*,#8383,.F.);
#8383 = EDGE_CURVE('',#8002,#8384,#8386,.T.);
#8384 = VERTEX_POINT('',#8385);
#8385 = CARTESIAN_POINT('',(-0.85,-0.25,0.75));
#8386 = LINE('',#8387,#8388);
#8387 = CARTESIAN_POINT('',(-0.75,-0.25,0.75));
#8388 = VECTOR('',#8389,1.);
#8389 = DIRECTION('',(-1.,1.144237745222E-17,0.));
#8390 = ORIENTED_EDGE('',*,*,#8001,.T.);
#8391 = ORIENTED_EDGE('',*,*,#8392,.T.);
#8392 = EDGE_CURVE('',#7994,#8393,#8395,.T.);
#8393 = VERTEX_POINT('',#8394);
#8394 = CARTESIAN_POINT('',(-0.85,0.25,0.75));
#8395 = LINE('',#8396,#8397);
#8396 = CARTESIAN_POINT('',(-0.75,0.25,0.75));
#8397 = VECTOR('',#8398,1.);
#8398 = DIRECTION('',(-1.,1.144237745222E-17,0.));
#8399 = ORIENTED_EDGE('',*,*,#8400,.F.);
#8400 = EDGE_CURVE('',#8384,#8393,#8401,.T.);
#8401 = LINE('',#8402,#8403);
#8402 = CARTESIAN_POINT('',(-0.85,-0.25,0.75));
#8403 = VECTOR('',#8404,1.);
#8404 = DIRECTION('',(1.144237745222E-17,1.,0.));
#8405 = PLANE('',#8406);
#8406 = AXIS2_PLACEMENT_3D('',#8407,#8408,#8409);
#8407 = CARTESIAN_POINT('',(-0.75,-0.25,0.75));
#8408 = DIRECTION('',(0.,0.,1.));
#8409 = DIRECTION('',(-1.,1.144237745222E-17,0.));
#8410 = ADVANCED_FACE('',(#8411),#8436,.F.);
#8411 = FACE_BOUND('',#8412,.F.);
#8412 = EDGE_LOOP('',(#8413,#8421,#8422,#8430));
#8413 = ORIENTED_EDGE('',*,*,#8414,.F.);
#8414 = EDGE_CURVE('',#7994,#8415,#8417,.T.);
#8415 = VERTEX_POINT('',#8416);
#8416 = CARTESIAN_POINT('',(-0.8,0.25,0.9));
#8417 = LINE('',#8418,#8419);
#8418 = CARTESIAN_POINT('',(-0.8,0.25,0.670847817658));
#8419 = VECTOR('',#8420,1.);
#8420 = DIRECTION('',(0.,0.,1.));
#8421 = ORIENTED_EDGE('',*,*,#7993,.T.);
#8422 = ORIENTED_EDGE('',*,*,#8423,.T.);
#8423 = EDGE_CURVE('',#7986,#8424,#8426,.T.);
#8424 = VERTEX_POINT('',#8425);
#8425 = CARTESIAN_POINT('',(-0.8,0.7,0.9));
#8426 = LINE('',#8427,#8428);
#8427 = CARTESIAN_POINT('',(-0.8,0.7,0.670847817658));
#8428 = VECTOR('',#8429,1.);
#8429 = DIRECTION('',(0.,0.,1.));
#8430 = ORIENTED_EDGE('',*,*,#8431,.F.);
#8431 = EDGE_CURVE('',#8415,#8424,#8432,.T.);
#8432 = LINE('',#8433,#8434);
#8433 = CARTESIAN_POINT('',(-0.8,-1.355,0.9));
#8434 = VECTOR('',#8435,1.);
#8435 = DIRECTION('',(-1.110223024625E-16,1.,0.));
#8436 = PLANE('',#8437);
#8437 = AXIS2_PLACEMENT_3D('',#8438,#8439,#8440);
#8438 = CARTESIAN_POINT('',(-0.8,-1.355,0.9));
#8439 = DIRECTION('',(1.,1.110223024625E-16,0.));
#8440 = DIRECTION('',(-1.110223024625E-16,1.,0.));
#8441 = ADVANCED_FACE('',(#8442),#8467,.F.);
#8442 = FACE_BOUND('',#8443,.F.);
#8443 = EDGE_LOOP('',(#8444,#8452,#8453,#8461));
#8444 = ORIENTED_EDGE('',*,*,#8445,.F.);
#8445 = EDGE_CURVE('',#7986,#8446,#8448,.T.);
#8446 = VERTEX_POINT('',#8447);
#8447 = CARTESIAN_POINT('',(-0.85,0.7,0.75));
#8448 = LINE('',#8449,#8450);
#8449 = CARTESIAN_POINT('',(-0.75,0.7,0.75));
#8450 = VECTOR('',#8451,1.);
#8451 = DIRECTION('',(-1.,1.144237745222E-17,0.));
#8452 = ORIENTED_EDGE('',*,*,#7985,.T.);
#8453 = ORIENTED_EDGE('',*,*,#8454,.T.);
#8454 = EDGE_CURVE('',#7978,#8455,#8457,.T.);
#8455 = VERTEX_POINT('',#8456);
#8456 = CARTESIAN_POINT('',(-0.85,1.2,0.75));
#8457 = LINE('',#8458,#8459);
#8458 = CARTESIAN_POINT('',(-0.75,1.2,0.75));
#8459 = VECTOR('',#8460,1.);
#8460 = DIRECTION('',(-1.,1.144237745222E-17,0.));
#8461 = ORIENTED_EDGE('',*,*,#8462,.F.);
#8462 = EDGE_CURVE('',#8446,#8455,#8463,.T.);
#8463 = LINE('',#8464,#8465);
#8464 = CARTESIAN_POINT('',(-0.85,0.7,0.75));
#8465 = VECTOR('',#8466,1.);
#8466 = DIRECTION('',(1.144237745222E-17,1.,0.));
#8467 = PLANE('',#8468);
#8468 = AXIS2_PLACEMENT_3D('',#8469,#8470,#8471);
#8469 = CARTESIAN_POINT('',(-0.75,0.7,0.75));
#8470 = DIRECTION('',(0.,0.,1.));
#8471 = DIRECTION('',(-1.,1.144237745222E-17,0.));
#8472 = ADVANCED_FACE('',(#8473),#8484,.F.);
#8473 = FACE_BOUND('',#8474,.F.);
#8474 = EDGE_LOOP('',(#8475,#8481,#8482,#8483));
#8475 = ORIENTED_EDGE('',*,*,#8476,.F.);
#8476 = EDGE_CURVE('',#7978,#8254,#8477,.T.);
#8477 = LINE('',#8478,#8479);
#8478 = CARTESIAN_POINT('',(-0.8,1.2,0.670847817658));
#8479 = VECTOR('',#8480,1.);
#8480 = DIRECTION('',(0.,0.,1.));
#8481 = ORIENTED_EDGE('',*,*,#7977,.T.);
#8482 = ORIENTED_EDGE('',*,*,#8278,.T.);
#8483 = ORIENTED_EDGE('',*,*,#8261,.F.);
#8484 = PLANE('',#8485);
#8485 = AXIS2_PLACEMENT_3D('',#8486,#8487,#8488);
#8486 = CARTESIAN_POINT('',(-0.8,-1.355,0.9));
#8487 = DIRECTION('',(1.,1.110223024625E-16,0.));
#8488 = DIRECTION('',(-1.110223024625E-16,1.,0.));
#8489 = ADVANCED_FACE('',(#8490),#8501,.F.);
#8490 = FACE_BOUND('',#8491,.F.);
#8491 = EDGE_LOOP('',(#8492,#8493,#8494,#8500));
#8492 = ORIENTED_EDGE('',*,*,#8165,.F.);
#8493 = ORIENTED_EDGE('',*,*,#8086,.T.);
#8494 = ORIENTED_EDGE('',*,*,#8495,.T.);
#8495 = EDGE_CURVE('',#8079,#8198,#8496,.T.);
#8496 = LINE('',#8497,#8498);
#8497 = CARTESIAN_POINT('',(0.8,1.2,0.670847817658));
#8498 = VECTOR('',#8499,1.);
#8499 = DIRECTION('',(0.,0.,1.));
#8500 = ORIENTED_EDGE('',*,*,#8197,.F.);
#8501 = PLANE('',#8502);
#8502 = AXIS2_PLACEMENT_3D('',#8503,#8504,#8505);
#8503 = CARTESIAN_POINT('',(0.8,1.355,0.9));
#8504 = DIRECTION('',(-1.,-1.110223024625E-16,0.));
#8505 = DIRECTION('',(1.110223024625E-16,-1.,0.));
#8506 = ADVANCED_FACE('',(#8507),#8532,.F.);
#8507 = FACE_BOUND('',#8508,.F.);
#8508 = EDGE_LOOP('',(#8509,#8517,#8518,#8526));
#8509 = ORIENTED_EDGE('',*,*,#8510,.F.);
#8510 = EDGE_CURVE('',#8079,#8511,#8513,.T.);
#8511 = VERTEX_POINT('',#8512);
#8512 = CARTESIAN_POINT('',(0.85,1.2,0.75));
#8513 = LINE('',#8514,#8515);
#8514 = CARTESIAN_POINT('',(0.75,1.2,0.75));
#8515 = VECTOR('',#8516,1.);
#8516 = DIRECTION('',(1.,1.110223024625E-16,0.));
#8517 = ORIENTED_EDGE('',*,*,#8078,.T.);
#8518 = ORIENTED_EDGE('',*,*,#8519,.T.);
#8519 = EDGE_CURVE('',#8071,#8520,#8522,.T.);
#8520 = VERTEX_POINT('',#8521);
#8521 = CARTESIAN_POINT('',(0.85,0.7,0.75));
#8522 = LINE('',#8523,#8524);
#8523 = CARTESIAN_POINT('',(0.75,0.7,0.75));
#8524 = VECTOR('',#8525,1.);
#8525 = DIRECTION('',(1.,1.110223024625E-16,0.));
#8526 = ORIENTED_EDGE('',*,*,#8527,.F.);
#8527 = EDGE_CURVE('',#8511,#8520,#8528,.T.);
#8528 = LINE('',#8529,#8530);
#8529 = CARTESIAN_POINT('',(0.85,1.2,0.75));
#8530 = VECTOR('',#8531,1.);
#8531 = DIRECTION('',(1.110223024625E-16,-1.,0.));
#8532 = PLANE('',#8533);
#8533 = AXIS2_PLACEMENT_3D('',#8534,#8535,#8536);
#8534 = CARTESIAN_POINT('',(0.75,1.2,0.75));
#8535 = DIRECTION('',(0.,0.,1.));
#8536 = DIRECTION('',(1.,1.110223024625E-16,-0.));
#8537 = ADVANCED_FACE('',(#8538),#8563,.F.);
#8538 = FACE_BOUND('',#8539,.F.);
#8539 = EDGE_LOOP('',(#8540,#8548,#8549,#8557));
#8540 = ORIENTED_EDGE('',*,*,#8541,.F.);
#8541 = EDGE_CURVE('',#8071,#8542,#8544,.T.);
#8542 = VERTEX_POINT('',#8543);
#8543 = CARTESIAN_POINT('',(0.8,0.7,0.9));
#8544 = LINE('',#8545,#8546);
#8545 = CARTESIAN_POINT('',(0.8,0.7,0.670847817658));
#8546 = VECTOR('',#8547,1.);
#8547 = DIRECTION('',(0.,0.,1.));
#8548 = ORIENTED_EDGE('',*,*,#8070,.T.);
#8549 = ORIENTED_EDGE('',*,*,#8550,.T.);
#8550 = EDGE_CURVE('',#8063,#8551,#8553,.T.);
#8551 = VERTEX_POINT('',#8552);
#8552 = CARTESIAN_POINT('',(0.8,-0.7,0.9));
#8553 = LINE('',#8554,#8555);
#8554 = CARTESIAN_POINT('',(0.8,-0.7,0.670847817658));
#8555 = VECTOR('',#8556,1.);
#8556 = DIRECTION('',(0.,0.,1.));
#8557 = ORIENTED_EDGE('',*,*,#8558,.F.);
#8558 = EDGE_CURVE('',#8542,#8551,#8559,.T.);
#8559 = LINE('',#8560,#8561);
#8560 = CARTESIAN_POINT('',(0.8,1.355,0.9));
#8561 = VECTOR('',#8562,1.);
#8562 = DIRECTION('',(1.110223024625E-16,-1.,0.));
#8563 = PLANE('',#8564);
#8564 = AXIS2_PLACEMENT_3D('',#8565,#8566,#8567);
#8565 = CARTESIAN_POINT('',(0.8,1.355,0.9));
#8566 = DIRECTION('',(-1.,-1.110223024625E-16,0.));
#8567 = DIRECTION('',(1.110223024625E-16,-1.,0.));
#8568 = ADVANCED_FACE('',(#8569),#8594,.F.);
#8569 = FACE_BOUND('',#8570,.F.);
#8570 = EDGE_LOOP('',(#8571,#8579,#8580,#8588));
#8571 = ORIENTED_EDGE('',*,*,#8572,.F.);
#8572 = EDGE_CURVE('',#8063,#8573,#8575,.T.);
#8573 = VERTEX_POINT('',#8574);
#8574 = CARTESIAN_POINT('',(0.85,-0.7,0.75));
#8575 = LINE('',#8576,#8577);
#8576 = CARTESIAN_POINT('',(0.75,-0.7,0.75));
#8577 = VECTOR('',#8578,1.);
#8578 = DIRECTION('',(1.,1.110223024625E-16,0.));
#8579 = ORIENTED_EDGE('',*,*,#8062,.T.);
#8580 = ORIENTED_EDGE('',*,*,#8581,.T.);
#8581 = EDGE_CURVE('',#8055,#8582,#8584,.T.);
#8582 = VERTEX_POINT('',#8583);
#8583 = CARTESIAN_POINT('',(0.85,-1.2,0.75));
#8584 = LINE('',#8585,#8586);
#8585 = CARTESIAN_POINT('',(0.75,-1.2,0.75));
#8586 = VECTOR('',#8587,1.);
#8587 = DIRECTION('',(1.,1.110223024625E-16,0.));
#8588 = ORIENTED_EDGE('',*,*,#8589,.F.);
#8589 = EDGE_CURVE('',#8573,#8582,#8590,.T.);
#8590 = LINE('',#8591,#8592);
#8591 = CARTESIAN_POINT('',(0.85,-0.7,0.75));
#8592 = VECTOR('',#8593,1.);
#8593 = DIRECTION('',(1.110223024625E-16,-1.,0.));
#8594 = PLANE('',#8595);
#8595 = AXIS2_PLACEMENT_3D('',#8596,#8597,#8598);
#8596 = CARTESIAN_POINT('',(0.75,-0.7,0.75));
#8597 = DIRECTION('',(0.,0.,1.));
#8598 = DIRECTION('',(1.,1.110223024625E-16,-0.));
#8599 = ADVANCED_FACE('',(#8600),#8624,.F.);
#8600 = FACE_BOUND('',#8601,.F.);
#8601 = EDGE_LOOP('',(#8602,#8610,#8611,#8618));
#8602 = ORIENTED_EDGE('',*,*,#8603,.F.);
#8603 = EDGE_CURVE('',#8055,#8604,#8606,.T.);
#8604 = VERTEX_POINT('',#8605);
#8605 = CARTESIAN_POINT('',(0.8,-1.2,0.9));
#8606 = LINE('',#8607,#8608);
#8607 = CARTESIAN_POINT('',(0.8,-1.2,0.670847817658));
#8608 = VECTOR('',#8609,1.);
#8609 = DIRECTION('',(0.,0.,1.));
#8610 = ORIENTED_EDGE('',*,*,#8054,.T.);
#8611 = ORIENTED_EDGE('',*,*,#8612,.T.);
#8612 = EDGE_CURVE('',#8048,#8613,#8615,.T.);
#8613 = VERTEX_POINT('',#8614);
#8614 = CARTESIAN_POINT('',(0.8,-1.355,0.9));
#8615 = B_SPLINE_CURVE_WITH_KNOTS('',1,(#8616,#8617),.UNSPECIFIED.,.F.,
  .F.,(2,2),(0.,1.),.PIECEWISE_BEZIER_KNOTS.);
#8616 = CARTESIAN_POINT('',(0.8,-1.355,0.75));
#8617 = CARTESIAN_POINT('',(0.8,-1.355,0.9));
#8618 = ORIENTED_EDGE('',*,*,#8619,.F.);
#8619 = EDGE_CURVE('',#8604,#8613,#8620,.T.);
#8620 = LINE('',#8621,#8622);
#8621 = CARTESIAN_POINT('',(0.8,1.355,0.9));
#8622 = VECTOR('',#8623,1.);
#8623 = DIRECTION('',(1.110223024625E-16,-1.,0.));
#8624 = PLANE('',#8625);
#8625 = AXIS2_PLACEMENT_3D('',#8626,#8627,#8628);
#8626 = CARTESIAN_POINT('',(0.8,1.355,0.9));
#8627 = DIRECTION('',(-1.,-1.110223024625E-16,0.));
#8628 = DIRECTION('',(1.110223024625E-16,-1.,0.));
#8629 = ADVANCED_FACE('',(#8630),#8647,.F.);
#8630 = FACE_BOUND('',#8631,.F.);
#8631 = EDGE_LOOP('',(#8632,#8633,#8634,#8642));
#8632 = ORIENTED_EDGE('',*,*,#8103,.T.);
#8633 = ORIENTED_EDGE('',*,*,#8291,.T.);
#8634 = ORIENTED_EDGE('',*,*,#8635,.F.);
#8635 = EDGE_CURVE('',#8636,#8292,#8638,.T.);
#8636 = VERTEX_POINT('',#8637);
#8637 = CARTESIAN_POINT('',(-0.705,-1.45,0.9));
#8638 = LINE('',#8639,#8640);
#8639 = CARTESIAN_POINT('',(-0.705,-1.45,0.9));
#8640 = VECTOR('',#8641,1.);
#8641 = DIRECTION('',(-0.707106781187,0.707106781187,0.));
#8642 = ORIENTED_EDGE('',*,*,#8643,.F.);
#8643 = EDGE_CURVE('',#8104,#8636,#8644,.T.);
#8644 = B_SPLINE_CURVE_WITH_KNOTS('',1,(#8645,#8646),.UNSPECIFIED.,.F.,
  .F.,(2,2),(0.,1.),.PIECEWISE_BEZIER_KNOTS.);
#8645 = CARTESIAN_POINT('',(-0.705,-1.45,0.75));
#8646 = CARTESIAN_POINT('',(-0.705,-1.45,0.9));
#8647 = PLANE('',#8648);
#8648 = AXIS2_PLACEMENT_3D('',#8649,#8650,#8651);
#8649 = CARTESIAN_POINT('',(-0.705,-1.45,0.9));
#8650 = DIRECTION('',(0.707106781187,0.707106781187,0.));
#8651 = DIRECTION('',(-0.707106781187,0.707106781187,0.));
#8652 = ADVANCED_FACE('',(#8653),#8670,.F.);
#8653 = FACE_BOUND('',#8654,.F.);
#8654 = EDGE_LOOP('',(#8655,#8656,#8663,#8669));
#8655 = ORIENTED_EDGE('',*,*,#8132,.T.);
#8656 = ORIENTED_EDGE('',*,*,#8657,.T.);
#8657 = EDGE_CURVE('',#8126,#8658,#8660,.T.);
#8658 = VERTEX_POINT('',#8659);
#8659 = CARTESIAN_POINT('',(0.705,-1.45,0.9));
#8660 = B_SPLINE_CURVE_WITH_KNOTS('',1,(#8661,#8662),.UNSPECIFIED.,.F.,
  .F.,(2,2),(0.,1.),.PIECEWISE_BEZIER_KNOTS.);
#8661 = CARTESIAN_POINT('',(0.705,-1.45,0.75));
#8662 = CARTESIAN_POINT('',(0.705,-1.45,0.9));
#8663 = ORIENTED_EDGE('',*,*,#8664,.F.);
#8664 = EDGE_CURVE('',#8613,#8658,#8665,.T.);
#8665 = LINE('',#8666,#8667);
#8666 = CARTESIAN_POINT('',(0.8,-1.355,0.9));
#8667 = VECTOR('',#8668,1.);
#8668 = DIRECTION('',(-0.707106781187,-0.707106781187,0.));
#8669 = ORIENTED_EDGE('',*,*,#8612,.F.);
#8670 = PLANE('',#8671);
#8671 = AXIS2_PLACEMENT_3D('',#8672,#8673,#8674);
#8672 = CARTESIAN_POINT('',(0.8,-1.355,0.9));
#8673 = DIRECTION('',(-0.707106781187,0.707106781187,0.));
#8674 = DIRECTION('',(-0.707106781187,-0.707106781187,0.));
#8675 = ADVANCED_FACE('',(#8676),#8687,.F.);
#8676 = FACE_BOUND('',#8677,.F.);
#8677 = EDGE_LOOP('',(#8678,#8679,#8680,#8686));
#8678 = ORIENTED_EDGE('',*,*,#8149,.T.);
#8679 = ORIENTED_EDGE('',*,*,#8643,.T.);
#8680 = ORIENTED_EDGE('',*,*,#8681,.F.);
#8681 = EDGE_CURVE('',#8658,#8636,#8682,.T.);
#8682 = LINE('',#8683,#8684);
#8683 = CARTESIAN_POINT('',(0.705,-1.45,0.9));
#8684 = VECTOR('',#8685,1.);
#8685 = DIRECTION('',(-1.,-1.110223024625E-16,0.));
#8686 = ORIENTED_EDGE('',*,*,#8657,.F.);
#8687 = PLANE('',#8688);
#8688 = AXIS2_PLACEMENT_3D('',#8689,#8690,#8691);
#8689 = CARTESIAN_POINT('',(0.705,-1.45,0.9));
#8690 = DIRECTION('',(-1.110223024625E-16,1.,0.));
#8691 = DIRECTION('',(-1.,-1.110223024625E-16,0.));
#8692 = ADVANCED_FACE('',(#8693),#8732,.F.);
#8693 = FACE_BOUND('',#8694,.F.);
#8694 = EDGE_LOOP('',(#8695,#8703,#8711,#8717,#8718,#8726));
#8695 = ORIENTED_EDGE('',*,*,#8696,.F.);
#8696 = EDGE_CURVE('',#8697,#8424,#8699,.T.);
#8697 = VERTEX_POINT('',#8698);
#8698 = CARTESIAN_POINT('',(-0.85,0.7,0.9));
#8699 = LINE('',#8700,#8701);
#8700 = CARTESIAN_POINT('',(-0.85,0.7,0.9));
#8701 = VECTOR('',#8702,1.);
#8702 = DIRECTION('',(1.,-1.144237745222E-17,0.));
#8703 = ORIENTED_EDGE('',*,*,#8704,.T.);
#8704 = EDGE_CURVE('',#8697,#8705,#8707,.T.);
#8705 = VERTEX_POINT('',#8706);
#8706 = CARTESIAN_POINT('',(-0.85,1.2,0.9));
#8707 = LINE('',#8708,#8709);
#8708 = CARTESIAN_POINT('',(-0.85,0.7,0.9));
#8709 = VECTOR('',#8710,1.);
#8710 = DIRECTION('',(1.144237745222E-17,1.,0.));
#8711 = ORIENTED_EDGE('',*,*,#8712,.T.);
#8712 = EDGE_CURVE('',#8705,#8254,#8713,.T.);
#8713 = LINE('',#8714,#8715);
#8714 = CARTESIAN_POINT('',(-0.85,1.2,0.9));
#8715 = VECTOR('',#8716,1.);
#8716 = DIRECTION('',(1.,-1.144237745222E-17,0.));
#8717 = ORIENTED_EDGE('',*,*,#8253,.T.);
#8718 = ORIENTED_EDGE('',*,*,#8719,.F.);
#8719 = EDGE_CURVE('',#8720,#8246,#8722,.T.);
#8720 = VERTEX_POINT('',#8721);
#8721 = CARTESIAN_POINT('',(-0.775,0.7,0.9));
#8722 = LINE('',#8723,#8724);
#8723 = CARTESIAN_POINT('',(-0.775,-1.3425,0.9));
#8724 = VECTOR('',#8725,1.);
#8725 = DIRECTION('',(-1.110223024625E-16,1.,0.));
#8726 = ORIENTED_EDGE('',*,*,#8727,.F.);
#8727 = EDGE_CURVE('',#8424,#8720,#8728,.T.);
#8728 = LINE('',#8729,#8730);
#8729 = CARTESIAN_POINT('',(-0.85,0.7,0.9));
#8730 = VECTOR('',#8731,1.);
#8731 = DIRECTION('',(1.,-1.144237745222E-17,0.));
#8732 = PLANE('',#8733);
#8733 = AXIS2_PLACEMENT_3D('',#8734,#8735,#8736);
#8734 = CARTESIAN_POINT('',(-0.85,0.7,0.9));
#8735 = DIRECTION('',(0.,0.,-1.));
#8736 = DIRECTION('',(1.,-1.144237745222E-17,0.));
#8737 = ADVANCED_FACE('',(#8738),#8802,.F.);
#8738 = FACE_BOUND('',#8739,.F.);
#8739 = EDGE_LOOP('',(#8740,#8750,#8758,#8766,#8774,#8780,#8781,#8782,
    #8789,#8797));
#8740 = ORIENTED_EDGE('',*,*,#8741,.T.);
#8741 = EDGE_CURVE('',#8742,#8744,#8746,.T.);
#8742 = VERTEX_POINT('',#8743);
#8743 = CARTESIAN_POINT('',(-0.775,-1.3425,0.9));
#8744 = VERTEX_POINT('',#8745);
#8745 = CARTESIAN_POINT('',(-0.775,-1.2,0.9));
#8746 = LINE('',#8747,#8748);
#8747 = CARTESIAN_POINT('',(-0.775,-1.3425,0.9));
#8748 = VECTOR('',#8749,1.);
#8749 = DIRECTION('',(-1.110223024625E-16,1.,0.));
#8750 = ORIENTED_EDGE('',*,*,#8751,.T.);
#8751 = EDGE_CURVE('',#8744,#8752,#8754,.T.);
#8752 = VERTEX_POINT('',#8753);
#8753 = CARTESIAN_POINT('',(-0.775,-0.7,0.9));
#8754 = LINE('',#8755,#8756);
#8755 = CARTESIAN_POINT('',(-0.775,-1.3425,0.9));
#8756 = VECTOR('',#8757,1.);
#8757 = DIRECTION('',(-1.110223024625E-16,1.,0.));
#8758 = ORIENTED_EDGE('',*,*,#8759,.T.);
#8759 = EDGE_CURVE('',#8752,#8760,#8762,.T.);
#8760 = VERTEX_POINT('',#8761);
#8761 = CARTESIAN_POINT('',(-0.775,-0.25,0.9));
#8762 = LINE('',#8763,#8764);
#8763 = CARTESIAN_POINT('',(-0.775,-1.3425,0.9));
#8764 = VECTOR('',#8765,1.);
#8765 = DIRECTION('',(-1.110223024625E-16,1.,0.));
#8766 = ORIENTED_EDGE('',*,*,#8767,.T.);
#8767 = EDGE_CURVE('',#8760,#8768,#8770,.T.);
#8768 = VERTEX_POINT('',#8769);
#8769 = CARTESIAN_POINT('',(-0.775,0.25,0.9));
#8770 = LINE('',#8771,#8772);
#8771 = CARTESIAN_POINT('',(-0.775,-1.3425,0.9));
#8772 = VECTOR('',#8773,1.);
#8773 = DIRECTION('',(-1.110223024625E-16,1.,0.));
#8774 = ORIENTED_EDGE('',*,*,#8775,.T.);
#8775 = EDGE_CURVE('',#8768,#8720,#8776,.T.);
#8776 = LINE('',#8777,#8778);
#8777 = CARTESIAN_POINT('',(-0.775,-1.3425,0.9));
#8778 = VECTOR('',#8779,1.);
#8779 = DIRECTION('',(-1.110223024625E-16,1.,0.));
#8780 = ORIENTED_EDGE('',*,*,#8719,.T.);
#8781 = ORIENTED_EDGE('',*,*,#8245,.T.);
#8782 = ORIENTED_EDGE('',*,*,#8783,.T.);
#8783 = EDGE_CURVE('',#8238,#8784,#8786,.T.);
#8784 = VERTEX_POINT('',#8785);
#8785 = CARTESIAN_POINT('',(-0.683648457443,1.296824228722,1.55));
#8786 = B_SPLINE_CURVE_WITH_KNOTS('',1,(#8787,#8788),.UNSPECIFIED.,.F.,
  .F.,(2,2),(0.,1.),.PIECEWISE_BEZIER_KNOTS.);
#8787 = CARTESIAN_POINT('',(-0.775,1.3425,0.9));
#8788 = CARTESIAN_POINT('',(-0.683648457443,1.296824228722,1.55));
#8789 = ORIENTED_EDGE('',*,*,#8790,.F.);
#8790 = EDGE_CURVE('',#8791,#8784,#8793,.T.);
#8791 = VERTEX_POINT('',#8792);
#8792 = CARTESIAN_POINT('',(-0.683648457443,-1.296824228722,1.55));
#8793 = LINE('',#8794,#8795);
#8794 = CARTESIAN_POINT('',(-0.683648457443,-1.296824228722,1.55));
#8795 = VECTOR('',#8796,1.);
#8796 = DIRECTION('',(-1.110223024625E-16,1.,0.));
#8797 = ORIENTED_EDGE('',*,*,#8798,.F.);
#8798 = EDGE_CURVE('',#8742,#8791,#8799,.T.);
#8799 = B_SPLINE_CURVE_WITH_KNOTS('',1,(#8800,#8801),.UNSPECIFIED.,.F.,
  .F.,(2,2),(0.,1.),.PIECEWISE_BEZIER_KNOTS.);
#8800 = CARTESIAN_POINT('',(-0.775,-1.3425,0.9));
#8801 = CARTESIAN_POINT('',(-0.683648457443,-1.296824228722,1.55));
#8802 = B_SPLINE_SURFACE_WITH_KNOTS('',1,1,(
    (#8803,#8804)
    ,(#8805,#8806
    )),.UNSPECIFIED.,.F.,.F.,.F.,(2,2),(2,2),(0.,2.685),(0.,1.),
  .PIECEWISE_BEZIER_KNOTS.);
#8803 = CARTESIAN_POINT('',(-0.775,-1.3425,0.9));
#8804 = CARTESIAN_POINT('',(-0.683648457443,-1.296824228722,1.55));
#8805 = CARTESIAN_POINT('',(-0.775,1.3425,0.9));
#8806 = CARTESIAN_POINT('',(-0.683648457443,1.296824228722,1.55));
#8807 = ADVANCED_FACE('',(#8808),#8825,.F.);
#8808 = FACE_BOUND('',#8809,.F.);
#8809 = EDGE_LOOP('',(#8810,#8811,#8818,#8824));
#8810 = ORIENTED_EDGE('',*,*,#8237,.T.);
#8811 = ORIENTED_EDGE('',*,*,#8812,.T.);
#8812 = EDGE_CURVE('',#8230,#8813,#8815,.T.);
#8813 = VERTEX_POINT('',#8814);
#8814 = CARTESIAN_POINT('',(-0.646824228722,1.333648457443,1.55));
#8815 = B_SPLINE_CURVE_WITH_KNOTS('',1,(#8816,#8817),.UNSPECIFIED.,.F.,
  .F.,(2,2),(0.,1.),.PIECEWISE_BEZIER_KNOTS.);
#8816 = CARTESIAN_POINT('',(-0.6925,1.425,0.9));
#8817 = CARTESIAN_POINT('',(-0.646824228722,1.333648457443,1.55));
#8818 = ORIENTED_EDGE('',*,*,#8819,.F.);
#8819 = EDGE_CURVE('',#8784,#8813,#8820,.T.);
#8820 = LINE('',#8821,#8822);
#8821 = CARTESIAN_POINT('',(-0.683648457443,1.296824228722,1.55));
#8822 = VECTOR('',#8823,1.);
#8823 = DIRECTION('',(0.707106781187,0.707106781187,0.));
#8824 = ORIENTED_EDGE('',*,*,#8783,.F.);
#8825 = B_SPLINE_SURFACE_WITH_KNOTS('',1,1,(
    (#8826,#8827)
    ,(#8828,#8829
    )),.UNSPECIFIED.,.F.,.F.,.F.,(2,2),(2,2),(0.,0.116672618896),(0.,1.)
  ,.PIECEWISE_BEZIER_KNOTS.);
#8826 = CARTESIAN_POINT('',(-0.775,1.3425,0.9));
#8827 = CARTESIAN_POINT('',(-0.683648457443,1.296824228722,1.55));
#8828 = CARTESIAN_POINT('',(-0.6925,1.425,0.9));
#8829 = CARTESIAN_POINT('',(-0.646824228722,1.333648457443,1.55));
#8830 = ADVANCED_FACE('',(#8831),#8848,.F.);
#8831 = FACE_BOUND('',#8832,.F.);
#8832 = EDGE_LOOP('',(#8833,#8834,#8841,#8847));
#8833 = ORIENTED_EDGE('',*,*,#8229,.T.);
#8834 = ORIENTED_EDGE('',*,*,#8835,.T.);
#8835 = EDGE_CURVE('',#8222,#8836,#8838,.T.);
#8836 = VERTEX_POINT('',#8837);
#8837 = CARTESIAN_POINT('',(0.646824228722,1.333648457443,1.55));
#8838 = B_SPLINE_CURVE_WITH_KNOTS('',1,(#8839,#8840),.UNSPECIFIED.,.F.,
  .F.,(2,2),(0.,1.),.PIECEWISE_BEZIER_KNOTS.);
#8839 = CARTESIAN_POINT('',(0.6925,1.425,0.9));
#8840 = CARTESIAN_POINT('',(0.646824228722,1.333648457443,1.55));
#8841 = ORIENTED_EDGE('',*,*,#8842,.F.);
#8842 = EDGE_CURVE('',#8813,#8836,#8843,.T.);
#8843 = LINE('',#8844,#8845);
#8844 = CARTESIAN_POINT('',(-0.646824228722,1.333648457443,1.55));
#8845 = VECTOR('',#8846,1.);
#8846 = DIRECTION('',(1.,1.110223024625E-16,0.));
#8847 = ORIENTED_EDGE('',*,*,#8812,.F.);
#8848 = B_SPLINE_SURFACE_WITH_KNOTS('',1,1,(
    (#8849,#8850)
    ,(#8851,#8852
    )),.UNSPECIFIED.,.F.,.F.,.F.,(2,2),(2,2),(0.,1.385),(0.,1.),
  .PIECEWISE_BEZIER_KNOTS.);
#8849 = CARTESIAN_POINT('',(-0.6925,1.425,0.9));
#8850 = CARTESIAN_POINT('',(-0.646824228722,1.333648457443,1.55));
#8851 = CARTESIAN_POINT('',(0.6925,1.425,0.9));
#8852 = CARTESIAN_POINT('',(0.646824228722,1.333648457443,1.55));
#8853 = ADVANCED_FACE('',(#8854),#8871,.F.);
#8854 = FACE_BOUND('',#8855,.F.);
#8855 = EDGE_LOOP('',(#8856,#8857,#8864,#8870));
#8856 = ORIENTED_EDGE('',*,*,#8221,.T.);
#8857 = ORIENTED_EDGE('',*,*,#8858,.T.);
#8858 = EDGE_CURVE('',#8214,#8859,#8861,.T.);
#8859 = VERTEX_POINT('',#8860);
#8860 = CARTESIAN_POINT('',(0.683648457443,1.296824228722,1.55));
#8861 = B_SPLINE_CURVE_WITH_KNOTS('',1,(#8862,#8863),.UNSPECIFIED.,.F.,
  .F.,(2,2),(0.,1.),.PIECEWISE_BEZIER_KNOTS.);
#8862 = CARTESIAN_POINT('',(0.775,1.3425,0.9));
#8863 = CARTESIAN_POINT('',(0.683648457443,1.296824228722,1.55));
#8864 = ORIENTED_EDGE('',*,*,#8865,.F.);
#8865 = EDGE_CURVE('',#8836,#8859,#8866,.T.);
#8866 = LINE('',#8867,#8868);
#8867 = CARTESIAN_POINT('',(0.646824228722,1.333648457443,1.55));
#8868 = VECTOR('',#8869,1.);
#8869 = DIRECTION('',(0.707106781187,-0.707106781187,0.));
#8870 = ORIENTED_EDGE('',*,*,#8835,.F.);
#8871 = B_SPLINE_SURFACE_WITH_KNOTS('',1,1,(
    (#8872,#8873)
    ,(#8874,#8875
    )),.UNSPECIFIED.,.F.,.F.,.F.,(2,2),(2,2),(0.,0.116672618896),(0.,1.)
  ,.PIECEWISE_BEZIER_KNOTS.);
#8872 = CARTESIAN_POINT('',(0.6925,1.425,0.9));
#8873 = CARTESIAN_POINT('',(0.646824228722,1.333648457443,1.55));
#8874 = CARTESIAN_POINT('',(0.775,1.3425,0.9));
#8875 = CARTESIAN_POINT('',(0.683648457443,1.296824228722,1.55));
#8876 = ADVANCED_FACE('',(#8877),#8926,.F.);
#8877 = FACE_BOUND('',#8878,.F.);
#8878 = EDGE_LOOP('',(#8879,#8880,#8888,#8896,#8904,#8912,#8919,#8925));
#8879 = ORIENTED_EDGE('',*,*,#8213,.T.);
#8880 = ORIENTED_EDGE('',*,*,#8881,.T.);
#8881 = EDGE_CURVE('',#8206,#8882,#8884,.T.);
#8882 = VERTEX_POINT('',#8883);
#8883 = CARTESIAN_POINT('',(0.775,0.7,0.9));
#8884 = LINE('',#8885,#8886);
#8885 = CARTESIAN_POINT('',(0.775,1.3425,0.9));
#8886 = VECTOR('',#8887,1.);
#8887 = DIRECTION('',(1.110223024625E-16,-1.,0.));
#8888 = ORIENTED_EDGE('',*,*,#8889,.T.);
#8889 = EDGE_CURVE('',#8882,#8890,#8892,.T.);
#8890 = VERTEX_POINT('',#8891);
#8891 = CARTESIAN_POINT('',(0.775,-0.7,0.9));
#8892 = LINE('',#8893,#8894);
#8893 = CARTESIAN_POINT('',(0.775,1.3425,0.9));
#8894 = VECTOR('',#8895,1.);
#8895 = DIRECTION('',(1.110223024625E-16,-1.,0.));
#8896 = ORIENTED_EDGE('',*,*,#8897,.T.);
#8897 = EDGE_CURVE('',#8890,#8898,#8900,.T.);
#8898 = VERTEX_POINT('',#8899);
#8899 = CARTESIAN_POINT('',(0.775,-1.2,0.9));
#8900 = LINE('',#8901,#8902);
#8901 = CARTESIAN_POINT('',(0.775,1.3425,0.9));
#8902 = VECTOR('',#8903,1.);
#8903 = DIRECTION('',(1.110223024625E-16,-1.,0.));
#8904 = ORIENTED_EDGE('',*,*,#8905,.T.);
#8905 = EDGE_CURVE('',#8898,#8906,#8908,.T.);
#8906 = VERTEX_POINT('',#8907);
#8907 = CARTESIAN_POINT('',(0.775,-1.3425,0.9));
#8908 = LINE('',#8909,#8910);
#8909 = CARTESIAN_POINT('',(0.775,1.3425,0.9));
#8910 = VECTOR('',#8911,1.);
#8911 = DIRECTION('',(1.110223024625E-16,-1.,0.));
#8912 = ORIENTED_EDGE('',*,*,#8913,.T.);
#8913 = EDGE_CURVE('',#8906,#8914,#8916,.T.);
#8914 = VERTEX_POINT('',#8915);
#8915 = CARTESIAN_POINT('',(0.683648457443,-1.296824228722,1.55));
#8916 = B_SPLINE_CURVE_WITH_KNOTS('',1,(#8917,#8918),.UNSPECIFIED.,.F.,
  .F.,(2,2),(0.,1.),.PIECEWISE_BEZIER_KNOTS.);
#8917 = CARTESIAN_POINT('',(0.775,-1.3425,0.9));
#8918 = CARTESIAN_POINT('',(0.683648457443,-1.296824228722,1.55));
#8919 = ORIENTED_EDGE('',*,*,#8920,.F.);
#8920 = EDGE_CURVE('',#8859,#8914,#8921,.T.);
#8921 = LINE('',#8922,#8923);
#8922 = CARTESIAN_POINT('',(0.683648457443,1.296824228722,1.55));
#8923 = VECTOR('',#8924,1.);
#8924 = DIRECTION('',(1.110223024625E-16,-1.,0.));
#8925 = ORIENTED_EDGE('',*,*,#8858,.F.);
#8926 = B_SPLINE_SURFACE_WITH_KNOTS('',1,1,(
    (#8927,#8928)
    ,(#8929,#8930
    )),.UNSPECIFIED.,.F.,.F.,.F.,(2,2),(2,2),(0.,2.685),(0.,1.),
  .PIECEWISE_BEZIER_KNOTS.);
#8927 = CARTESIAN_POINT('',(0.775,1.3425,0.9));
#8928 = CARTESIAN_POINT('',(0.683648457443,1.296824228722,1.55));
#8929 = CARTESIAN_POINT('',(0.775,-1.3425,0.9));
#8930 = CARTESIAN_POINT('',(0.683648457443,-1.296824228722,1.55));
#8931 = ADVANCED_FACE('',(#8932),#8964,.F.);
#8932 = FACE_BOUND('',#8933,.F.);
#8933 = EDGE_LOOP('',(#8934,#8942,#8950,#8956,#8962,#8963));
#8934 = ORIENTED_EDGE('',*,*,#8935,.F.);
#8935 = EDGE_CURVE('',#8936,#8198,#8938,.T.);
#8936 = VERTEX_POINT('',#8937);
#8937 = CARTESIAN_POINT('',(0.85,1.2,0.9));
#8938 = LINE('',#8939,#8940);
#8939 = CARTESIAN_POINT('',(0.85,1.2,0.9));
#8940 = VECTOR('',#8941,1.);
#8941 = DIRECTION('',(-1.,-1.110223024625E-16,0.));
#8942 = ORIENTED_EDGE('',*,*,#8943,.T.);
#8943 = EDGE_CURVE('',#8936,#8944,#8946,.T.);
#8944 = VERTEX_POINT('',#8945);
#8945 = CARTESIAN_POINT('',(0.85,0.7,0.9));
#8946 = LINE('',#8947,#8948);
#8947 = CARTESIAN_POINT('',(0.85,1.2,0.9));
#8948 = VECTOR('',#8949,1.);
#8949 = DIRECTION('',(1.110223024625E-16,-1.,0.));
#8950 = ORIENTED_EDGE('',*,*,#8951,.T.);
#8951 = EDGE_CURVE('',#8944,#8542,#8952,.T.);
#8952 = LINE('',#8953,#8954);
#8953 = CARTESIAN_POINT('',(0.85,0.7,0.9));
#8954 = VECTOR('',#8955,1.);
#8955 = DIRECTION('',(-1.,-1.110223024625E-16,0.));
#8956 = ORIENTED_EDGE('',*,*,#8957,.T.);
#8957 = EDGE_CURVE('',#8542,#8882,#8958,.T.);
#8958 = LINE('',#8959,#8960);
#8959 = CARTESIAN_POINT('',(0.85,0.7,0.9));
#8960 = VECTOR('',#8961,1.);
#8961 = DIRECTION('',(-1.,-1.110223024625E-16,0.));
#8962 = ORIENTED_EDGE('',*,*,#8881,.F.);
#8963 = ORIENTED_EDGE('',*,*,#8205,.F.);
#8964 = PLANE('',#8965);
#8965 = AXIS2_PLACEMENT_3D('',#8966,#8967,#8968);
#8966 = CARTESIAN_POINT('',(0.85,1.2,0.9));
#8967 = DIRECTION('',(0.,0.,-1.));
#8968 = DIRECTION('',(-1.,-1.110223024625E-16,-0.));
#8969 = ADVANCED_FACE('',(#8970),#9013,.F.);
#8970 = FACE_BOUND('',#8971,.F.);
#8971 = EDGE_LOOP('',(#8972,#8978,#8979,#8980,#8981,#8982,#8983,#8989,
    #8990,#8998,#9006,#9012));
#8972 = ORIENTED_EDGE('',*,*,#8973,.F.);
#8973 = EDGE_CURVE('',#8604,#8898,#8974,.T.);
#8974 = LINE('',#8975,#8976);
#8975 = CARTESIAN_POINT('',(0.85,-1.2,0.9));
#8976 = VECTOR('',#8977,1.);
#8977 = DIRECTION('',(-1.,-1.110223024625E-16,0.));
#8978 = ORIENTED_EDGE('',*,*,#8619,.T.);
#8979 = ORIENTED_EDGE('',*,*,#8664,.T.);
#8980 = ORIENTED_EDGE('',*,*,#8681,.T.);
#8981 = ORIENTED_EDGE('',*,*,#8635,.T.);
#8982 = ORIENTED_EDGE('',*,*,#8307,.T.);
#8983 = ORIENTED_EDGE('',*,*,#8984,.T.);
#8984 = EDGE_CURVE('',#8300,#8744,#8985,.T.);
#8985 = LINE('',#8986,#8987);
#8986 = CARTESIAN_POINT('',(-0.85,-1.2,0.9));
#8987 = VECTOR('',#8988,1.);
#8988 = DIRECTION('',(1.,-1.144237745222E-17,0.));
#8989 = ORIENTED_EDGE('',*,*,#8741,.F.);
#8990 = ORIENTED_EDGE('',*,*,#8991,.F.);
#8991 = EDGE_CURVE('',#8992,#8742,#8994,.T.);
#8992 = VERTEX_POINT('',#8993);
#8993 = CARTESIAN_POINT('',(-0.6925,-1.425,0.9));
#8994 = LINE('',#8995,#8996);
#8995 = CARTESIAN_POINT('',(-0.6925,-1.425,0.9));
#8996 = VECTOR('',#8997,1.);
#8997 = DIRECTION('',(-0.707106781187,0.707106781187,0.));
#8998 = ORIENTED_EDGE('',*,*,#8999,.F.);
#8999 = EDGE_CURVE('',#9000,#8992,#9002,.T.);
#9000 = VERTEX_POINT('',#9001);
#9001 = CARTESIAN_POINT('',(0.6925,-1.425,0.9));
#9002 = LINE('',#9003,#9004);
#9003 = CARTESIAN_POINT('',(0.6925,-1.425,0.9));
#9004 = VECTOR('',#9005,1.);
#9005 = DIRECTION('',(-1.,-1.110223024625E-16,0.));
#9006 = ORIENTED_EDGE('',*,*,#9007,.F.);
#9007 = EDGE_CURVE('',#8906,#9000,#9008,.T.);
#9008 = LINE('',#9009,#9010);
#9009 = CARTESIAN_POINT('',(0.775,-1.3425,0.9));
#9010 = VECTOR('',#9011,1.);
#9011 = DIRECTION('',(-0.707106781187,-0.707106781187,0.));
#9012 = ORIENTED_EDGE('',*,*,#8905,.F.);
#9013 = PLANE('',#9014);
#9014 = AXIS2_PLACEMENT_3D('',#9015,#9016,#9017);
#9015 = CARTESIAN_POINT('',(-2.091417030376E-16,1.4375,0.9));
#9016 = DIRECTION('',(4.595758349624E-18,6.551522493592E-27,-1.));
#9017 = DIRECTION('',(1.,1.51922136901E-16,4.595758349624E-18));
#9018 = ADVANCED_FACE('',(#9019),#9105,.F.);
#9019 = FACE_BOUND('',#9020,.F.);
#9020 = EDGE_LOOP('',(#9021,#9022,#9023,#9032,#9040,#9049,#9057,#9065,
    #9073,#9082,#9090,#9099));
#9021 = ORIENTED_EDGE('',*,*,#8299,.F.);
#9022 = ORIENTED_EDGE('',*,*,#8321,.T.);
#9023 = ORIENTED_EDGE('',*,*,#9024,.T.);
#9024 = EDGE_CURVE('',#8322,#9025,#9027,.T.);
#9025 = VERTEX_POINT('',#9026);
#9026 = CARTESIAN_POINT('',(-0.948480775301,-1.2,0.667364817767));
#9027 = CIRCLE('',#9028,0.1);
#9028 = AXIS2_PLACEMENT_3D('',#9029,#9030,#9031);
#9029 = CARTESIAN_POINT('',(-0.85,-1.2,0.65));
#9030 = DIRECTION('',(-1.144237745222E-17,-1.,0.));
#9031 = DIRECTION('',(0.,0.,1.));
#9032 = ORIENTED_EDGE('',*,*,#9033,.T.);
#9033 = EDGE_CURVE('',#9025,#9034,#9036,.T.);
#9034 = VERTEX_POINT('',#9035);
#9035 = CARTESIAN_POINT('',(-1.02432885403,-1.2,0.206587955583));
#9036 = LINE('',#9037,#9038);
#9037 = CARTESIAN_POINT('',(-0.948480775301,-1.2,0.667364817767));
#9038 = VECTOR('',#9039,1.);
#9039 = DIRECTION('',(-0.162423314012,1.858508865964E-18,-0.986721169868
    ));
#9040 = ORIENTED_EDGE('',*,*,#9041,.T.);
#9041 = EDGE_CURVE('',#9034,#9042,#9044,.T.);
#9042 = VERTEX_POINT('',#9043);
#9043 = CARTESIAN_POINT('',(-1.270530792283,-1.2,0.));
#9044 = CIRCLE('',#9045,0.25);
#9045 = AXIS2_PLACEMENT_3D('',#9046,#9047,#9048);
#9046 = CARTESIAN_POINT('',(-1.270530792283,-1.2,0.25));
#9047 = DIRECTION('',(1.144237745222E-17,1.,1.155557966632E-33));
#9048 = DIRECTION('',(0.984807753012,-1.126854202784E-17,-0.173648177667
    ));
#9049 = ORIENTED_EDGE('',*,*,#9050,.T.);
#9050 = EDGE_CURVE('',#9042,#9051,#9053,.T.);
#9051 = VERTEX_POINT('',#9052);
#9052 = CARTESIAN_POINT('',(-1.4,-1.2,0.));
#9053 = LINE('',#9054,#9055);
#9054 = CARTESIAN_POINT('',(-1.270530792283,-1.2,0.));
#9055 = VECTOR('',#9056,1.);
#9056 = DIRECTION('',(-1.,1.144237745222E-17,0.));
#9057 = ORIENTED_EDGE('',*,*,#9058,.T.);
#9058 = EDGE_CURVE('',#9051,#9059,#9061,.T.);
#9059 = VERTEX_POINT('',#9060);
#9060 = CARTESIAN_POINT('',(-1.4,-1.2,0.15));
#9061 = LINE('',#9062,#9063);
#9062 = CARTESIAN_POINT('',(-1.4,-1.2,0.));
#9063 = VECTOR('',#9064,1.);
#9064 = DIRECTION('',(0.,0.,1.));
#9065 = ORIENTED_EDGE('',*,*,#9066,.T.);
#9066 = EDGE_CURVE('',#9059,#9067,#9069,.T.);
#9067 = VERTEX_POINT('',#9068);
#9068 = CARTESIAN_POINT('',(-1.270530792283,-1.2,0.15));
#9069 = LINE('',#9070,#9071);
#9070 = CARTESIAN_POINT('',(-1.4,-1.2,0.15));
#9071 = VECTOR('',#9072,1.);
#9072 = DIRECTION('',(1.,-1.144237745222E-17,0.));
#9073 = ORIENTED_EDGE('',*,*,#9074,.T.);
#9074 = EDGE_CURVE('',#9067,#9075,#9077,.T.);
#9075 = VERTEX_POINT('',#9076);
#9076 = CARTESIAN_POINT('',(-1.172050016982,-1.2,0.232635182233));
#9077 = CIRCLE('',#9078,0.1);
#9078 = AXIS2_PLACEMENT_3D('',#9079,#9080,#9081);
#9079 = CARTESIAN_POINT('',(-1.270530792283,-1.2,0.25));
#9080 = DIRECTION('',(-1.144237745222E-17,-1.,0.));
#9081 = DIRECTION('',(-2.22044604925E-15,2.540718180781E-32,-1.));
#9082 = ORIENTED_EDGE('',*,*,#9083,.T.);
#9083 = EDGE_CURVE('',#9075,#9084,#9086,.T.);
#9084 = VERTEX_POINT('',#9085);
#9085 = CARTESIAN_POINT('',(-1.096201938253,-1.2,0.693412044417));
#9086 = LINE('',#9087,#9088);
#9087 = CARTESIAN_POINT('',(-1.172050016982,-1.2,0.232635182233));
#9088 = VECTOR('',#9089,1.);
#9089 = DIRECTION('',(0.162423314012,-1.858508865964E-18,0.986721169868)
  );
#9090 = ORIENTED_EDGE('',*,*,#9091,.T.);
#9091 = EDGE_CURVE('',#9084,#9092,#9094,.T.);
#9092 = VERTEX_POINT('',#9093);
#9093 = CARTESIAN_POINT('',(-0.85,-1.2,0.9));
#9094 = CIRCLE('',#9095,0.25);
#9095 = AXIS2_PLACEMENT_3D('',#9096,#9097,#9098);
#9096 = CARTESIAN_POINT('',(-0.85,-1.2,0.65));
#9097 = DIRECTION('',(1.144237745222E-17,1.,7.703719777549E-34));
#9098 = DIRECTION('',(-0.984807753012,1.126854202784E-17,0.173648177667)
  );
#9099 = ORIENTED_EDGE('',*,*,#9100,.T.);
#9100 = EDGE_CURVE('',#9092,#8300,#9101,.T.);
#9101 = LINE('',#9102,#9103);
#9102 = CARTESIAN_POINT('',(-0.85,-1.2,0.9));
#9103 = VECTOR('',#9104,1.);
#9104 = DIRECTION('',(1.,-1.144237745222E-17,0.));
#9105 = PLANE('',#9106);
#9106 = AXIS2_PLACEMENT_3D('',#9107,#9108,#9109);
#9107 = CARTESIAN_POINT('',(-1.069123385139,-1.2,0.441695635315));
#9108 = DIRECTION('',(1.144237745222E-17,1.,0.));
#9109 = DIRECTION('',(0.,-0.,1.));
#9110 = ADVANCED_FACE('',(#9111),#9130,.F.);
#9111 = FACE_BOUND('',#9112,.F.);
#9112 = EDGE_LOOP('',(#9113,#9114,#9123,#9129));
#9113 = ORIENTED_EDGE('',*,*,#8338,.T.);
#9114 = ORIENTED_EDGE('',*,*,#9115,.T.);
#9115 = EDGE_CURVE('',#8331,#9116,#9118,.T.);
#9116 = VERTEX_POINT('',#9117);
#9117 = CARTESIAN_POINT('',(-0.948480775301,-0.7,0.667364817767));
#9118 = CIRCLE('',#9119,0.1);
#9119 = AXIS2_PLACEMENT_3D('',#9120,#9121,#9122);
#9120 = CARTESIAN_POINT('',(-0.85,-0.7,0.65));
#9121 = DIRECTION('',(-1.144237745222E-17,-1.,0.));
#9122 = DIRECTION('',(0.,0.,1.));
#9123 = ORIENTED_EDGE('',*,*,#9124,.F.);
#9124 = EDGE_CURVE('',#9025,#9116,#9125,.T.);
#9125 = LINE('',#9126,#9127);
#9126 = CARTESIAN_POINT('',(-0.948480775301,-1.2,0.667364817767));
#9127 = VECTOR('',#9128,1.);
#9128 = DIRECTION('',(1.144237745222E-17,1.,0.));
#9129 = ORIENTED_EDGE('',*,*,#9024,.F.);
#9130 = CYLINDRICAL_SURFACE('',#9131,0.1);
#9131 = AXIS2_PLACEMENT_3D('',#9132,#9133,#9134);
#9132 = CARTESIAN_POINT('',(-0.85,-1.2,0.65));
#9133 = DIRECTION('',(-1.144237745222E-17,-1.,0.));
#9134 = DIRECTION('',(0.,0.,1.));
#9135 = ADVANCED_FACE('',(#9136),#9214,.T.);
#9136 = FACE_BOUND('',#9137,.T.);
#9137 = EDGE_LOOP('',(#9138,#9139,#9140,#9141,#9149,#9158,#9166,#9174,
    #9182,#9191,#9199,#9208));
#9138 = ORIENTED_EDGE('',*,*,#8352,.F.);
#9139 = ORIENTED_EDGE('',*,*,#8330,.T.);
#9140 = ORIENTED_EDGE('',*,*,#9115,.T.);
#9141 = ORIENTED_EDGE('',*,*,#9142,.T.);
#9142 = EDGE_CURVE('',#9116,#9143,#9145,.T.);
#9143 = VERTEX_POINT('',#9144);
#9144 = CARTESIAN_POINT('',(-1.02432885403,-0.7,0.206587955583));
#9145 = LINE('',#9146,#9147);
#9146 = CARTESIAN_POINT('',(-0.948480775301,-0.7,0.667364817767));
#9147 = VECTOR('',#9148,1.);
#9148 = DIRECTION('',(-0.162423314012,1.858508865964E-18,-0.986721169868
    ));
#9149 = ORIENTED_EDGE('',*,*,#9150,.T.);
#9150 = EDGE_CURVE('',#9143,#9151,#9153,.T.);
#9151 = VERTEX_POINT('',#9152);
#9152 = CARTESIAN_POINT('',(-1.270530792283,-0.7,0.));
#9153 = CIRCLE('',#9154,0.25);
#9154 = AXIS2_PLACEMENT_3D('',#9155,#9156,#9157);
#9155 = CARTESIAN_POINT('',(-1.270530792283,-0.7,0.25));
#9156 = DIRECTION('',(1.144237745222E-17,1.,1.155557966632E-33));
#9157 = DIRECTION('',(0.984807753012,-1.126854202784E-17,-0.173648177667
    ));
#9158 = ORIENTED_EDGE('',*,*,#9159,.T.);
#9159 = EDGE_CURVE('',#9151,#9160,#9162,.T.);
#9160 = VERTEX_POINT('',#9161);
#9161 = CARTESIAN_POINT('',(-1.4,-0.7,0.));
#9162 = LINE('',#9163,#9164);
#9163 = CARTESIAN_POINT('',(-1.270530792283,-0.7,0.));
#9164 = VECTOR('',#9165,1.);
#9165 = DIRECTION('',(-1.,1.144237745222E-17,0.));
#9166 = ORIENTED_EDGE('',*,*,#9167,.T.);
#9167 = EDGE_CURVE('',#9160,#9168,#9170,.T.);
#9168 = VERTEX_POINT('',#9169);
#9169 = CARTESIAN_POINT('',(-1.4,-0.7,0.15));
#9170 = LINE('',#9171,#9172);
#9171 = CARTESIAN_POINT('',(-1.4,-0.7,0.));
#9172 = VECTOR('',#9173,1.);
#9173 = DIRECTION('',(0.,0.,1.));
#9174 = ORIENTED_EDGE('',*,*,#9175,.T.);
#9175 = EDGE_CURVE('',#9168,#9176,#9178,.T.);
#9176 = VERTEX_POINT('',#9177);
#9177 = CARTESIAN_POINT('',(-1.270530792283,-0.7,0.15));
#9178 = LINE('',#9179,#9180);
#9179 = CARTESIAN_POINT('',(-1.4,-0.7,0.15));
#9180 = VECTOR('',#9181,1.);
#9181 = DIRECTION('',(1.,-1.144237745222E-17,0.));
#9182 = ORIENTED_EDGE('',*,*,#9183,.T.);
#9183 = EDGE_CURVE('',#9176,#9184,#9186,.T.);
#9184 = VERTEX_POINT('',#9185);
#9185 = CARTESIAN_POINT('',(-1.172050016982,-0.7,0.232635182233));
#9186 = CIRCLE('',#9187,0.1);
#9187 = AXIS2_PLACEMENT_3D('',#9188,#9189,#9190);
#9188 = CARTESIAN_POINT('',(-1.270530792283,-0.7,0.25));
#9189 = DIRECTION('',(-1.144237745222E-17,-1.,0.));
#9190 = DIRECTION('',(-2.22044604925E-15,2.540718180781E-32,-1.));
#9191 = ORIENTED_EDGE('',*,*,#9192,.T.);
#9192 = EDGE_CURVE('',#9184,#9193,#9195,.T.);
#9193 = VERTEX_POINT('',#9194);
#9194 = CARTESIAN_POINT('',(-1.096201938253,-0.7,0.693412044417));
#9195 = LINE('',#9196,#9197);
#9196 = CARTESIAN_POINT('',(-1.172050016982,-0.7,0.232635182233));
#9197 = VECTOR('',#9198,1.);
#9198 = DIRECTION('',(0.162423314012,-1.858508865964E-18,0.986721169868)
  );
#9199 = ORIENTED_EDGE('',*,*,#9200,.T.);
#9200 = EDGE_CURVE('',#9193,#9201,#9203,.T.);
#9201 = VERTEX_POINT('',#9202);
#9202 = CARTESIAN_POINT('',(-0.85,-0.7,0.9));
#9203 = CIRCLE('',#9204,0.25);
#9204 = AXIS2_PLACEMENT_3D('',#9205,#9206,#9207);
#9205 = CARTESIAN_POINT('',(-0.85,-0.7,0.65));
#9206 = DIRECTION('',(1.144237745222E-17,1.,7.703719777549E-34));
#9207 = DIRECTION('',(-0.984807753012,1.126854202784E-17,0.173648177667)
  );
#9208 = ORIENTED_EDGE('',*,*,#9209,.T.);
#9209 = EDGE_CURVE('',#9201,#8353,#9210,.T.);
#9210 = LINE('',#9211,#9212);
#9211 = CARTESIAN_POINT('',(-0.85,-0.7,0.9));
#9212 = VECTOR('',#9213,1.);
#9213 = DIRECTION('',(1.,-1.144237745222E-17,0.));
#9214 = PLANE('',#9215);
#9215 = AXIS2_PLACEMENT_3D('',#9216,#9217,#9218);
#9216 = CARTESIAN_POINT('',(-1.069123385139,-0.7,0.441695635315));
#9217 = DIRECTION('',(1.144237745222E-17,1.,0.));
#9218 = DIRECTION('',(0.,-0.,1.));
#9219 = ADVANCED_FACE('',(#9220),#9236,.F.);
#9220 = FACE_BOUND('',#9221,.F.);
#9221 = EDGE_LOOP('',(#9222,#9223,#9229,#9230));
#9222 = ORIENTED_EDGE('',*,*,#8369,.T.);
#9223 = ORIENTED_EDGE('',*,*,#9224,.T.);
#9224 = EDGE_CURVE('',#8362,#8760,#9225,.T.);
#9225 = LINE('',#9226,#9227);
#9226 = CARTESIAN_POINT('',(-0.85,-0.25,0.9));
#9227 = VECTOR('',#9228,1.);
#9228 = DIRECTION('',(1.,-1.144237745222E-17,0.));
#9229 = ORIENTED_EDGE('',*,*,#8759,.F.);
#9230 = ORIENTED_EDGE('',*,*,#9231,.F.);
#9231 = EDGE_CURVE('',#8353,#8752,#9232,.T.);
#9232 = LINE('',#9233,#9234);
#9233 = CARTESIAN_POINT('',(-0.85,-0.7,0.9));
#9234 = VECTOR('',#9235,1.);
#9235 = DIRECTION('',(1.,-1.144237745222E-17,0.));
#9236 = PLANE('',#9237);
#9237 = AXIS2_PLACEMENT_3D('',#9238,#9239,#9240);
#9238 = CARTESIAN_POINT('',(-2.091417030376E-16,1.4375,0.9));
#9239 = DIRECTION('',(4.595758349624E-18,6.551522493592E-27,-1.));
#9240 = DIRECTION('',(1.,1.51922136901E-16,4.595758349624E-18));
#9241 = ADVANCED_FACE('',(#9242),#9328,.F.);
#9242 = FACE_BOUND('',#9243,.F.);
#9243 = EDGE_LOOP('',(#9244,#9245,#9246,#9255,#9263,#9272,#9280,#9288,
    #9296,#9305,#9313,#9322));
#9244 = ORIENTED_EDGE('',*,*,#8361,.F.);
#9245 = ORIENTED_EDGE('',*,*,#8383,.T.);
#9246 = ORIENTED_EDGE('',*,*,#9247,.T.);
#9247 = EDGE_CURVE('',#8384,#9248,#9250,.T.);
#9248 = VERTEX_POINT('',#9249);
#9249 = CARTESIAN_POINT('',(-0.948480775301,-0.25,0.667364817767));
#9250 = CIRCLE('',#9251,0.1);
#9251 = AXIS2_PLACEMENT_3D('',#9252,#9253,#9254);
#9252 = CARTESIAN_POINT('',(-0.85,-0.25,0.65));
#9253 = DIRECTION('',(-1.144237745222E-17,-1.,0.));
#9254 = DIRECTION('',(0.,0.,1.));
#9255 = ORIENTED_EDGE('',*,*,#9256,.T.);
#9256 = EDGE_CURVE('',#9248,#9257,#9259,.T.);
#9257 = VERTEX_POINT('',#9258);
#9258 = CARTESIAN_POINT('',(-1.02432885403,-0.25,0.206587955583));
#9259 = LINE('',#9260,#9261);
#9260 = CARTESIAN_POINT('',(-0.948480775301,-0.25,0.667364817767));
#9261 = VECTOR('',#9262,1.);
#9262 = DIRECTION('',(-0.162423314012,1.858508865964E-18,-0.986721169868
    ));
#9263 = ORIENTED_EDGE('',*,*,#9264,.T.);
#9264 = EDGE_CURVE('',#9257,#9265,#9267,.T.);
#9265 = VERTEX_POINT('',#9266);
#9266 = CARTESIAN_POINT('',(-1.270530792283,-0.25,0.));
#9267 = CIRCLE('',#9268,0.25);
#9268 = AXIS2_PLACEMENT_3D('',#9269,#9270,#9271);
#9269 = CARTESIAN_POINT('',(-1.270530792283,-0.25,0.25));
#9270 = DIRECTION('',(1.144237745222E-17,1.,1.155557966632E-33));
#9271 = DIRECTION('',(0.984807753012,-1.126854202784E-17,-0.173648177667
    ));
#9272 = ORIENTED_EDGE('',*,*,#9273,.T.);
#9273 = EDGE_CURVE('',#9265,#9274,#9276,.T.);
#9274 = VERTEX_POINT('',#9275);
#9275 = CARTESIAN_POINT('',(-1.4,-0.25,0.));
#9276 = LINE('',#9277,#9278);
#9277 = CARTESIAN_POINT('',(-1.270530792283,-0.25,0.));
#9278 = VECTOR('',#9279,1.);
#9279 = DIRECTION('',(-1.,1.144237745222E-17,0.));
#9280 = ORIENTED_EDGE('',*,*,#9281,.T.);
#9281 = EDGE_CURVE('',#9274,#9282,#9284,.T.);
#9282 = VERTEX_POINT('',#9283);
#9283 = CARTESIAN_POINT('',(-1.4,-0.25,0.15));
#9284 = LINE('',#9285,#9286);
#9285 = CARTESIAN_POINT('',(-1.4,-0.25,0.));
#9286 = VECTOR('',#9287,1.);
#9287 = DIRECTION('',(0.,0.,1.));
#9288 = ORIENTED_EDGE('',*,*,#9289,.T.);
#9289 = EDGE_CURVE('',#9282,#9290,#9292,.T.);
#9290 = VERTEX_POINT('',#9291);
#9291 = CARTESIAN_POINT('',(-1.270530792283,-0.25,0.15));
#9292 = LINE('',#9293,#9294);
#9293 = CARTESIAN_POINT('',(-1.4,-0.25,0.15));
#9294 = VECTOR('',#9295,1.);
#9295 = DIRECTION('',(1.,-1.144237745222E-17,0.));
#9296 = ORIENTED_EDGE('',*,*,#9297,.T.);
#9297 = EDGE_CURVE('',#9290,#9298,#9300,.T.);
#9298 = VERTEX_POINT('',#9299);
#9299 = CARTESIAN_POINT('',(-1.172050016982,-0.25,0.232635182233));
#9300 = CIRCLE('',#9301,0.1);
#9301 = AXIS2_PLACEMENT_3D('',#9302,#9303,#9304);
#9302 = CARTESIAN_POINT('',(-1.270530792283,-0.25,0.25));
#9303 = DIRECTION('',(-1.144237745222E-17,-1.,0.));
#9304 = DIRECTION('',(-2.22044604925E-15,2.540718180781E-32,-1.));
#9305 = ORIENTED_EDGE('',*,*,#9306,.T.);
#9306 = EDGE_CURVE('',#9298,#9307,#9309,.T.);
#9307 = VERTEX_POINT('',#9308);
#9308 = CARTESIAN_POINT('',(-1.096201938253,-0.25,0.693412044417));
#9309 = LINE('',#9310,#9311);
#9310 = CARTESIAN_POINT('',(-1.172050016982,-0.25,0.232635182233));
#9311 = VECTOR('',#9312,1.);
#9312 = DIRECTION('',(0.162423314012,-1.858508865964E-18,0.986721169868)
  );
#9313 = ORIENTED_EDGE('',*,*,#9314,.T.);
#9314 = EDGE_CURVE('',#9307,#9315,#9317,.T.);
#9315 = VERTEX_POINT('',#9316);
#9316 = CARTESIAN_POINT('',(-0.85,-0.25,0.9));
#9317 = CIRCLE('',#9318,0.25);
#9318 = AXIS2_PLACEMENT_3D('',#9319,#9320,#9321);
#9319 = CARTESIAN_POINT('',(-0.85,-0.25,0.65));
#9320 = DIRECTION('',(1.144237745222E-17,1.,7.703719777549E-34));
#9321 = DIRECTION('',(-0.984807753012,1.126854202784E-17,0.173648177667)
  );
#9322 = ORIENTED_EDGE('',*,*,#9323,.T.);
#9323 = EDGE_CURVE('',#9315,#8362,#9324,.T.);
#9324 = LINE('',#9325,#9326);
#9325 = CARTESIAN_POINT('',(-0.85,-0.25,0.9));
#9326 = VECTOR('',#9327,1.);
#9327 = DIRECTION('',(1.,-1.144237745222E-17,0.));
#9328 = PLANE('',#9329);
#9329 = AXIS2_PLACEMENT_3D('',#9330,#9331,#9332);
#9330 = CARTESIAN_POINT('',(-1.069123385139,-0.25,0.441695635315));
#9331 = DIRECTION('',(1.144237745222E-17,1.,0.));
#9332 = DIRECTION('',(0.,-0.,1.));
#9333 = ADVANCED_FACE('',(#9334),#9353,.F.);
#9334 = FACE_BOUND('',#9335,.F.);
#9335 = EDGE_LOOP('',(#9336,#9337,#9346,#9352));
#9336 = ORIENTED_EDGE('',*,*,#8400,.T.);
#9337 = ORIENTED_EDGE('',*,*,#9338,.T.);
#9338 = EDGE_CURVE('',#8393,#9339,#9341,.T.);
#9339 = VERTEX_POINT('',#9340);
#9340 = CARTESIAN_POINT('',(-0.948480775301,0.25,0.667364817767));
#9341 = CIRCLE('',#9342,0.1);
#9342 = AXIS2_PLACEMENT_3D('',#9343,#9344,#9345);
#9343 = CARTESIAN_POINT('',(-0.85,0.25,0.65));
#9344 = DIRECTION('',(-1.144237745222E-17,-1.,0.));
#9345 = DIRECTION('',(0.,0.,1.));
#9346 = ORIENTED_EDGE('',*,*,#9347,.F.);
#9347 = EDGE_CURVE('',#9248,#9339,#9348,.T.);
#9348 = LINE('',#9349,#9350);
#9349 = CARTESIAN_POINT('',(-0.948480775301,-0.25,0.667364817767));
#9350 = VECTOR('',#9351,1.);
#9351 = DIRECTION('',(1.144237745222E-17,1.,0.));
#9352 = ORIENTED_EDGE('',*,*,#9247,.F.);
#9353 = CYLINDRICAL_SURFACE('',#9354,0.1);
#9354 = AXIS2_PLACEMENT_3D('',#9355,#9356,#9357);
#9355 = CARTESIAN_POINT('',(-0.85,-0.25,0.65));
#9356 = DIRECTION('',(-1.144237745222E-17,-1.,0.));
#9357 = DIRECTION('',(0.,0.,1.));
#9358 = ADVANCED_FACE('',(#9359),#9437,.T.);
#9359 = FACE_BOUND('',#9360,.T.);
#9360 = EDGE_LOOP('',(#9361,#9362,#9363,#9364,#9372,#9381,#9389,#9397,
    #9405,#9414,#9422,#9431));
#9361 = ORIENTED_EDGE('',*,*,#8414,.F.);
#9362 = ORIENTED_EDGE('',*,*,#8392,.T.);
#9363 = ORIENTED_EDGE('',*,*,#9338,.T.);
#9364 = ORIENTED_EDGE('',*,*,#9365,.T.);
#9365 = EDGE_CURVE('',#9339,#9366,#9368,.T.);
#9366 = VERTEX_POINT('',#9367);
#9367 = CARTESIAN_POINT('',(-1.02432885403,0.25,0.206587955583));
#9368 = LINE('',#9369,#9370);
#9369 = CARTESIAN_POINT('',(-0.948480775301,0.25,0.667364817767));
#9370 = VECTOR('',#9371,1.);
#9371 = DIRECTION('',(-0.162423314012,1.858508865964E-18,-0.986721169868
    ));
#9372 = ORIENTED_EDGE('',*,*,#9373,.T.);
#9373 = EDGE_CURVE('',#9366,#9374,#9376,.T.);
#9374 = VERTEX_POINT('',#9375);
#9375 = CARTESIAN_POINT('',(-1.270530792283,0.25,0.));
#9376 = CIRCLE('',#9377,0.25);
#9377 = AXIS2_PLACEMENT_3D('',#9378,#9379,#9380);
#9378 = CARTESIAN_POINT('',(-1.270530792283,0.25,0.25));
#9379 = DIRECTION('',(1.144237745222E-17,1.,1.155557966632E-33));
#9380 = DIRECTION('',(0.984807753012,-1.126854202784E-17,-0.173648177667
    ));
#9381 = ORIENTED_EDGE('',*,*,#9382,.T.);
#9382 = EDGE_CURVE('',#9374,#9383,#9385,.T.);
#9383 = VERTEX_POINT('',#9384);
#9384 = CARTESIAN_POINT('',(-1.4,0.25,0.));
#9385 = LINE('',#9386,#9387);
#9386 = CARTESIAN_POINT('',(-1.270530792283,0.25,0.));
#9387 = VECTOR('',#9388,1.);
#9388 = DIRECTION('',(-1.,1.144237745222E-17,0.));
#9389 = ORIENTED_EDGE('',*,*,#9390,.T.);
#9390 = EDGE_CURVE('',#9383,#9391,#9393,.T.);
#9391 = VERTEX_POINT('',#9392);
#9392 = CARTESIAN_POINT('',(-1.4,0.25,0.15));
#9393 = LINE('',#9394,#9395);
#9394 = CARTESIAN_POINT('',(-1.4,0.25,0.));
#9395 = VECTOR('',#9396,1.);
#9396 = DIRECTION('',(0.,0.,1.));
#9397 = ORIENTED_EDGE('',*,*,#9398,.T.);
#9398 = EDGE_CURVE('',#9391,#9399,#9401,.T.);
#9399 = VERTEX_POINT('',#9400);
#9400 = CARTESIAN_POINT('',(-1.270530792283,0.25,0.15));
#9401 = LINE('',#9402,#9403);
#9402 = CARTESIAN_POINT('',(-1.4,0.25,0.15));
#9403 = VECTOR('',#9404,1.);
#9404 = DIRECTION('',(1.,-1.144237745222E-17,0.));
#9405 = ORIENTED_EDGE('',*,*,#9406,.T.);
#9406 = EDGE_CURVE('',#9399,#9407,#9409,.T.);
#9407 = VERTEX_POINT('',#9408);
#9408 = CARTESIAN_POINT('',(-1.172050016982,0.25,0.232635182233));
#9409 = CIRCLE('',#9410,0.1);
#9410 = AXIS2_PLACEMENT_3D('',#9411,#9412,#9413);
#9411 = CARTESIAN_POINT('',(-1.270530792283,0.25,0.25));
#9412 = DIRECTION('',(-1.144237745222E-17,-1.,0.));
#9413 = DIRECTION('',(-2.22044604925E-15,2.540718180781E-32,-1.));
#9414 = ORIENTED_EDGE('',*,*,#9415,.T.);
#9415 = EDGE_CURVE('',#9407,#9416,#9418,.T.);
#9416 = VERTEX_POINT('',#9417);
#9417 = CARTESIAN_POINT('',(-1.096201938253,0.25,0.693412044417));
#9418 = LINE('',#9419,#9420);
#9419 = CARTESIAN_POINT('',(-1.172050016982,0.25,0.232635182233));
#9420 = VECTOR('',#9421,1.);
#9421 = DIRECTION('',(0.162423314012,-1.858508865964E-18,0.986721169868)
  );
#9422 = ORIENTED_EDGE('',*,*,#9423,.T.);
#9423 = EDGE_CURVE('',#9416,#9424,#9426,.T.);
#9424 = VERTEX_POINT('',#9425);
#9425 = CARTESIAN_POINT('',(-0.85,0.25,0.9));
#9426 = CIRCLE('',#9427,0.25);
#9427 = AXIS2_PLACEMENT_3D('',#9428,#9429,#9430);
#9428 = CARTESIAN_POINT('',(-0.85,0.25,0.65));
#9429 = DIRECTION('',(1.144237745222E-17,1.,7.703719777549E-34));
#9430 = DIRECTION('',(-0.984807753012,1.126854202784E-17,0.173648177667)
  );
#9431 = ORIENTED_EDGE('',*,*,#9432,.T.);
#9432 = EDGE_CURVE('',#9424,#8415,#9433,.T.);
#9433 = LINE('',#9434,#9435);
#9434 = CARTESIAN_POINT('',(-0.85,0.25,0.9));
#9435 = VECTOR('',#9436,1.);
#9436 = DIRECTION('',(1.,-1.144237745222E-17,0.));
#9437 = PLANE('',#9438);
#9438 = AXIS2_PLACEMENT_3D('',#9439,#9440,#9441);
#9439 = CARTESIAN_POINT('',(-1.069123385139,0.25,0.441695635315));
#9440 = DIRECTION('',(1.144237745222E-17,1.,0.));
#9441 = DIRECTION('',(0.,-0.,1.));
#9442 = ADVANCED_FACE('',(#9443),#9454,.F.);
#9443 = FACE_BOUND('',#9444,.F.);
#9444 = EDGE_LOOP('',(#9445,#9446,#9447,#9448));
#9445 = ORIENTED_EDGE('',*,*,#8431,.T.);
#9446 = ORIENTED_EDGE('',*,*,#8727,.T.);
#9447 = ORIENTED_EDGE('',*,*,#8775,.F.);
#9448 = ORIENTED_EDGE('',*,*,#9449,.F.);
#9449 = EDGE_CURVE('',#8415,#8768,#9450,.T.);
#9450 = LINE('',#9451,#9452);
#9451 = CARTESIAN_POINT('',(-0.85,0.25,0.9));
#9452 = VECTOR('',#9453,1.);
#9453 = DIRECTION('',(1.,-1.144237745222E-17,0.));
#9454 = PLANE('',#9455);
#9455 = AXIS2_PLACEMENT_3D('',#9456,#9457,#9458);
#9456 = CARTESIAN_POINT('',(-2.091417030376E-16,1.4375,0.9));
#9457 = DIRECTION('',(4.595758349624E-18,6.551522493592E-27,-1.));
#9458 = DIRECTION('',(1.,1.51922136901E-16,4.595758349624E-18));
#9459 = ADVANCED_FACE('',(#9460),#9539,.F.);
#9460 = FACE_BOUND('',#9461,.F.);
#9461 = EDGE_LOOP('',(#9462,#9463,#9464,#9473,#9481,#9490,#9498,#9506,
    #9514,#9523,#9531,#9538));
#9462 = ORIENTED_EDGE('',*,*,#8423,.F.);
#9463 = ORIENTED_EDGE('',*,*,#8445,.T.);
#9464 = ORIENTED_EDGE('',*,*,#9465,.T.);
#9465 = EDGE_CURVE('',#8446,#9466,#9468,.T.);
#9466 = VERTEX_POINT('',#9467);
#9467 = CARTESIAN_POINT('',(-0.948480775301,0.7,0.667364817767));
#9468 = CIRCLE('',#9469,0.1);
#9469 = AXIS2_PLACEMENT_3D('',#9470,#9471,#9472);
#9470 = CARTESIAN_POINT('',(-0.85,0.7,0.65));
#9471 = DIRECTION('',(-1.144237745222E-17,-1.,0.));
#9472 = DIRECTION('',(0.,0.,1.));
#9473 = ORIENTED_EDGE('',*,*,#9474,.T.);
#9474 = EDGE_CURVE('',#9466,#9475,#9477,.T.);
#9475 = VERTEX_POINT('',#9476);
#9476 = CARTESIAN_POINT('',(-1.02432885403,0.7,0.206587955583));
#9477 = LINE('',#9478,#9479);
#9478 = CARTESIAN_POINT('',(-0.948480775301,0.7,0.667364817767));
#9479 = VECTOR('',#9480,1.);
#9480 = DIRECTION('',(-0.162423314012,1.858508865964E-18,-0.986721169868
    ));
#9481 = ORIENTED_EDGE('',*,*,#9482,.T.);
#9482 = EDGE_CURVE('',#9475,#9483,#9485,.T.);
#9483 = VERTEX_POINT('',#9484);
#9484 = CARTESIAN_POINT('',(-1.270530792283,0.7,0.));
#9485 = CIRCLE('',#9486,0.25);
#9486 = AXIS2_PLACEMENT_3D('',#9487,#9488,#9489);
#9487 = CARTESIAN_POINT('',(-1.270530792283,0.7,0.25));
#9488 = DIRECTION('',(1.144237745222E-17,1.,1.155557966632E-33));
#9489 = DIRECTION('',(0.984807753012,-1.126854202784E-17,-0.173648177667
    ));
#9490 = ORIENTED_EDGE('',*,*,#9491,.T.);
#9491 = EDGE_CURVE('',#9483,#9492,#9494,.T.);
#9492 = VERTEX_POINT('',#9493);
#9493 = CARTESIAN_POINT('',(-1.4,0.7,0.));
#9494 = LINE('',#9495,#9496);
#9495 = CARTESIAN_POINT('',(-1.270530792283,0.7,0.));
#9496 = VECTOR('',#9497,1.);
#9497 = DIRECTION('',(-1.,1.144237745222E-17,0.));
#9498 = ORIENTED_EDGE('',*,*,#9499,.T.);
#9499 = EDGE_CURVE('',#9492,#9500,#9502,.T.);
#9500 = VERTEX_POINT('',#9501);
#9501 = CARTESIAN_POINT('',(-1.4,0.7,0.15));
#9502 = LINE('',#9503,#9504);
#9503 = CARTESIAN_POINT('',(-1.4,0.7,0.));
#9504 = VECTOR('',#9505,1.);
#9505 = DIRECTION('',(0.,0.,1.));
#9506 = ORIENTED_EDGE('',*,*,#9507,.T.);
#9507 = EDGE_CURVE('',#9500,#9508,#9510,.T.);
#9508 = VERTEX_POINT('',#9509);
#9509 = CARTESIAN_POINT('',(-1.270530792283,0.7,0.15));
#9510 = LINE('',#9511,#9512);
#9511 = CARTESIAN_POINT('',(-1.4,0.7,0.15));
#9512 = VECTOR('',#9513,1.);
#9513 = DIRECTION('',(1.,-1.144237745222E-17,0.));
#9514 = ORIENTED_EDGE('',*,*,#9515,.T.);
#9515 = EDGE_CURVE('',#9508,#9516,#9518,.T.);
#9516 = VERTEX_POINT('',#9517);
#9517 = CARTESIAN_POINT('',(-1.172050016982,0.7,0.232635182233));
#9518 = CIRCLE('',#9519,0.1);
#9519 = AXIS2_PLACEMENT_3D('',#9520,#9521,#9522);
#9520 = CARTESIAN_POINT('',(-1.270530792283,0.7,0.25));
#9521 = DIRECTION('',(-1.144237745222E-17,-1.,0.));
#9522 = DIRECTION('',(-2.22044604925E-15,2.540718180781E-32,-1.));
#9523 = ORIENTED_EDGE('',*,*,#9524,.T.);
#9524 = EDGE_CURVE('',#9516,#9525,#9527,.T.);
#9525 = VERTEX_POINT('',#9526);
#9526 = CARTESIAN_POINT('',(-1.096201938253,0.7,0.693412044417));
#9527 = LINE('',#9528,#9529);
#9528 = CARTESIAN_POINT('',(-1.172050016982,0.7,0.232635182233));
#9529 = VECTOR('',#9530,1.);
#9530 = DIRECTION('',(0.162423314012,-1.858508865964E-18,0.986721169868)
  );
#9531 = ORIENTED_EDGE('',*,*,#9532,.T.);
#9532 = EDGE_CURVE('',#9525,#8697,#9533,.T.);
#9533 = CIRCLE('',#9534,0.25);
#9534 = AXIS2_PLACEMENT_3D('',#9535,#9536,#9537);
#9535 = CARTESIAN_POINT('',(-0.85,0.7,0.65));
#9536 = DIRECTION('',(1.144237745222E-17,1.,7.703719777549E-34));
#9537 = DIRECTION('',(-0.984807753012,1.126854202784E-17,0.173648177667)
  );
#9538 = ORIENTED_EDGE('',*,*,#8696,.T.);
#9539 = PLANE('',#9540);
#9540 = AXIS2_PLACEMENT_3D('',#9541,#9542,#9543);
#9541 = CARTESIAN_POINT('',(-1.069123385139,0.7,0.441695635315));
#9542 = DIRECTION('',(1.144237745222E-17,1.,0.));
#9543 = DIRECTION('',(0.,-0.,1.));
#9544 = ADVANCED_FACE('',(#9545),#9564,.F.);
#9545 = FACE_BOUND('',#9546,.F.);
#9546 = EDGE_LOOP('',(#9547,#9548,#9557,#9563));
#9547 = ORIENTED_EDGE('',*,*,#8462,.T.);
#9548 = ORIENTED_EDGE('',*,*,#9549,.T.);
#9549 = EDGE_CURVE('',#8455,#9550,#9552,.T.);
#9550 = VERTEX_POINT('',#9551);
#9551 = CARTESIAN_POINT('',(-0.948480775301,1.2,0.667364817767));
#9552 = CIRCLE('',#9553,0.1);
#9553 = AXIS2_PLACEMENT_3D('',#9554,#9555,#9556);
#9554 = CARTESIAN_POINT('',(-0.85,1.2,0.65));
#9555 = DIRECTION('',(-1.144237745222E-17,-1.,0.));
#9556 = DIRECTION('',(0.,0.,1.));
#9557 = ORIENTED_EDGE('',*,*,#9558,.F.);
#9558 = EDGE_CURVE('',#9466,#9550,#9559,.T.);
#9559 = LINE('',#9560,#9561);
#9560 = CARTESIAN_POINT('',(-0.948480775301,0.7,0.667364817767));
#9561 = VECTOR('',#9562,1.);
#9562 = DIRECTION('',(1.144237745222E-17,1.,0.));
#9563 = ORIENTED_EDGE('',*,*,#9465,.F.);
#9564 = CYLINDRICAL_SURFACE('',#9565,0.1);
#9565 = AXIS2_PLACEMENT_3D('',#9566,#9567,#9568);
#9566 = CARTESIAN_POINT('',(-0.85,0.7,0.65));
#9567 = DIRECTION('',(-1.144237745222E-17,-1.,0.));
#9568 = DIRECTION('',(0.,0.,1.));
#9569 = ADVANCED_FACE('',(#9570),#9641,.T.);
#9570 = FACE_BOUND('',#9571,.T.);
#9571 = EDGE_LOOP('',(#9572,#9573,#9574,#9575,#9583,#9592,#9600,#9608,
    #9616,#9625,#9633,#9640));
#9572 = ORIENTED_EDGE('',*,*,#8476,.F.);
#9573 = ORIENTED_EDGE('',*,*,#8454,.T.);
#9574 = ORIENTED_EDGE('',*,*,#9549,.T.);
#9575 = ORIENTED_EDGE('',*,*,#9576,.T.);
#9576 = EDGE_CURVE('',#9550,#9577,#9579,.T.);
#9577 = VERTEX_POINT('',#9578);
#9578 = CARTESIAN_POINT('',(-1.02432885403,1.2,0.206587955583));
#9579 = LINE('',#9580,#9581);
#9580 = CARTESIAN_POINT('',(-0.948480775301,1.2,0.667364817767));
#9581 = VECTOR('',#9582,1.);
#9582 = DIRECTION('',(-0.162423314012,1.858508865964E-18,-0.986721169868
    ));
#9583 = ORIENTED_EDGE('',*,*,#9584,.T.);
#9584 = EDGE_CURVE('',#9577,#9585,#9587,.T.);
#9585 = VERTEX_POINT('',#9586);
#9586 = CARTESIAN_POINT('',(-1.270530792283,1.2,0.));
#9587 = CIRCLE('',#9588,0.25);
#9588 = AXIS2_PLACEMENT_3D('',#9589,#9590,#9591);
#9589 = CARTESIAN_POINT('',(-1.270530792283,1.2,0.25));
#9590 = DIRECTION('',(1.144237745222E-17,1.,1.155557966632E-33));
#9591 = DIRECTION('',(0.984807753012,-1.126854202784E-17,-0.173648177667
    ));
#9592 = ORIENTED_EDGE('',*,*,#9593,.T.);
#9593 = EDGE_CURVE('',#9585,#9594,#9596,.T.);
#9594 = VERTEX_POINT('',#9595);
#9595 = CARTESIAN_POINT('',(-1.4,1.2,0.));
#9596 = LINE('',#9597,#9598);
#9597 = CARTESIAN_POINT('',(-1.270530792283,1.2,0.));
#9598 = VECTOR('',#9599,1.);
#9599 = DIRECTION('',(-1.,1.144237745222E-17,0.));
#9600 = ORIENTED_EDGE('',*,*,#9601,.T.);
#9601 = EDGE_CURVE('',#9594,#9602,#9604,.T.);
#9602 = VERTEX_POINT('',#9603);
#9603 = CARTESIAN_POINT('',(-1.4,1.2,0.15));
#9604 = LINE('',#9605,#9606);
#9605 = CARTESIAN_POINT('',(-1.4,1.2,0.));
#9606 = VECTOR('',#9607,1.);
#9607 = DIRECTION('',(0.,0.,1.));
#9608 = ORIENTED_EDGE('',*,*,#9609,.T.);
#9609 = EDGE_CURVE('',#9602,#9610,#9612,.T.);
#9610 = VERTEX_POINT('',#9611);
#9611 = CARTESIAN_POINT('',(-1.270530792283,1.2,0.15));
#9612 = LINE('',#9613,#9614);
#9613 = CARTESIAN_POINT('',(-1.4,1.2,0.15));
#9614 = VECTOR('',#9615,1.);
#9615 = DIRECTION('',(1.,-1.144237745222E-17,0.));
#9616 = ORIENTED_EDGE('',*,*,#9617,.T.);
#9617 = EDGE_CURVE('',#9610,#9618,#9620,.T.);
#9618 = VERTEX_POINT('',#9619);
#9619 = CARTESIAN_POINT('',(-1.172050016982,1.2,0.232635182233));
#9620 = CIRCLE('',#9621,0.1);
#9621 = AXIS2_PLACEMENT_3D('',#9622,#9623,#9624);
#9622 = CARTESIAN_POINT('',(-1.270530792283,1.2,0.25));
#9623 = DIRECTION('',(-1.144237745222E-17,-1.,0.));
#9624 = DIRECTION('',(-2.22044604925E-15,2.540718180781E-32,-1.));
#9625 = ORIENTED_EDGE('',*,*,#9626,.T.);
#9626 = EDGE_CURVE('',#9618,#9627,#9629,.T.);
#9627 = VERTEX_POINT('',#9628);
#9628 = CARTESIAN_POINT('',(-1.096201938253,1.2,0.693412044417));
#9629 = LINE('',#9630,#9631);
#9630 = CARTESIAN_POINT('',(-1.172050016982,1.2,0.232635182233));
#9631 = VECTOR('',#9632,1.);
#9632 = DIRECTION('',(0.162423314012,-1.858508865964E-18,0.986721169868)
  );
#9633 = ORIENTED_EDGE('',*,*,#9634,.T.);
#9634 = EDGE_CURVE('',#9627,#8705,#9635,.T.);
#9635 = CIRCLE('',#9636,0.25);
#9636 = AXIS2_PLACEMENT_3D('',#9637,#9638,#9639);
#9637 = CARTESIAN_POINT('',(-0.85,1.2,0.65));
#9638 = DIRECTION('',(1.144237745222E-17,1.,7.703719777549E-34));
#9639 = DIRECTION('',(-0.984807753012,1.126854202784E-17,0.173648177667)
  );
#9640 = ORIENTED_EDGE('',*,*,#8712,.T.);
#9641 = PLANE('',#9642);
#9642 = AXIS2_PLACEMENT_3D('',#9643,#9644,#9645);
#9643 = CARTESIAN_POINT('',(-1.069123385139,1.2,0.441695635315));
#9644 = DIRECTION('',(1.144237745222E-17,1.,0.));
#9645 = DIRECTION('',(0.,-0.,1.));
#9646 = ADVANCED_FACE('',(#9647),#9726,.F.);
#9647 = FACE_BOUND('',#9648,.F.);
#9648 = EDGE_LOOP('',(#9649,#9650,#9651,#9660,#9668,#9677,#9685,#9693,
    #9701,#9710,#9718,#9725));
#9649 = ORIENTED_EDGE('',*,*,#8495,.F.);
#9650 = ORIENTED_EDGE('',*,*,#8510,.T.);
#9651 = ORIENTED_EDGE('',*,*,#9652,.T.);
#9652 = EDGE_CURVE('',#8511,#9653,#9655,.T.);
#9653 = VERTEX_POINT('',#9654);
#9654 = CARTESIAN_POINT('',(0.948480775301,1.2,0.667364817767));
#9655 = CIRCLE('',#9656,0.1);
#9656 = AXIS2_PLACEMENT_3D('',#9657,#9658,#9659);
#9657 = CARTESIAN_POINT('',(0.85,1.2,0.65));
#9658 = DIRECTION('',(-1.110223024625E-16,1.,0.));
#9659 = DIRECTION('',(0.,0.,1.));
#9660 = ORIENTED_EDGE('',*,*,#9661,.T.);
#9661 = EDGE_CURVE('',#9653,#9662,#9664,.T.);
#9662 = VERTEX_POINT('',#9663);
#9663 = CARTESIAN_POINT('',(1.02432885403,1.2,0.206587955583));
#9664 = LINE('',#9665,#9666);
#9665 = CARTESIAN_POINT('',(0.948480775301,1.2,0.667364817767));
#9666 = VECTOR('',#9667,1.);
#9667 = DIRECTION('',(0.162423314012,1.803261029519E-17,-0.986721169868)
  );
#9668 = ORIENTED_EDGE('',*,*,#9669,.T.);
#9669 = EDGE_CURVE('',#9662,#9670,#9672,.T.);
#9670 = VERTEX_POINT('',#9671);
#9671 = CARTESIAN_POINT('',(1.270530792283,1.2,0.));
#9672 = CIRCLE('',#9673,0.25);
#9673 = AXIS2_PLACEMENT_3D('',#9674,#9675,#9676);
#9674 = CARTESIAN_POINT('',(1.270530792283,1.2,0.25));
#9675 = DIRECTION('',(1.110223024625E-16,-1.,0.));
#9676 = DIRECTION('',(-0.984807753012,-1.093356242223E-16,
    -0.173648177667));
#9677 = ORIENTED_EDGE('',*,*,#9678,.T.);
#9678 = EDGE_CURVE('',#9670,#9679,#9681,.T.);
#9679 = VERTEX_POINT('',#9680);
#9680 = CARTESIAN_POINT('',(1.4,1.2,0.));
#9681 = LINE('',#9682,#9683);
#9682 = CARTESIAN_POINT('',(1.270530792283,1.2,0.));
#9683 = VECTOR('',#9684,1.);
#9684 = DIRECTION('',(1.,1.110223024625E-16,0.));
#9685 = ORIENTED_EDGE('',*,*,#9686,.T.);
#9686 = EDGE_CURVE('',#9679,#9687,#9689,.T.);
#9687 = VERTEX_POINT('',#9688);
#9688 = CARTESIAN_POINT('',(1.4,1.2,0.15));
#9689 = LINE('',#9690,#9691);
#9690 = CARTESIAN_POINT('',(1.4,1.2,0.));
#9691 = VECTOR('',#9692,1.);
#9692 = DIRECTION('',(0.,0.,1.));
#9693 = ORIENTED_EDGE('',*,*,#9694,.T.);
#9694 = EDGE_CURVE('',#9687,#9695,#9697,.T.);
#9695 = VERTEX_POINT('',#9696);
#9696 = CARTESIAN_POINT('',(1.270530792283,1.2,0.15));
#9697 = LINE('',#9698,#9699);
#9698 = CARTESIAN_POINT('',(1.4,1.2,0.15));
#9699 = VECTOR('',#9700,1.);
#9700 = DIRECTION('',(-1.,-1.110223024625E-16,0.));
#9701 = ORIENTED_EDGE('',*,*,#9702,.T.);
#9702 = EDGE_CURVE('',#9695,#9703,#9705,.T.);
#9703 = VERTEX_POINT('',#9704);
#9704 = CARTESIAN_POINT('',(1.172050016982,1.2,0.232635182233));
#9705 = CIRCLE('',#9706,0.1);
#9706 = AXIS2_PLACEMENT_3D('',#9707,#9708,#9709);
#9707 = CARTESIAN_POINT('',(1.270530792283,1.2,0.25));
#9708 = DIRECTION('',(-1.110223024625E-16,1.,0.));
#9709 = DIRECTION('',(2.22044604925E-15,2.465190328815E-31,-1.));
#9710 = ORIENTED_EDGE('',*,*,#9711,.T.);
#9711 = EDGE_CURVE('',#9703,#9712,#9714,.T.);
#9712 = VERTEX_POINT('',#9713);
#9713 = CARTESIAN_POINT('',(1.096201938253,1.2,0.693412044417));
#9714 = LINE('',#9715,#9716);
#9715 = CARTESIAN_POINT('',(1.172050016982,1.2,0.232635182233));
#9716 = VECTOR('',#9717,1.);
#9717 = DIRECTION('',(-0.162423314012,-1.803261029519E-17,0.986721169868
    ));
#9718 = ORIENTED_EDGE('',*,*,#9719,.T.);
#9719 = EDGE_CURVE('',#9712,#8936,#9720,.T.);
#9720 = CIRCLE('',#9721,0.25);
#9721 = AXIS2_PLACEMENT_3D('',#9722,#9723,#9724);
#9722 = CARTESIAN_POINT('',(0.85,1.2,0.65));
#9723 = DIRECTION('',(1.110223024625E-16,-1.,0.));
#9724 = DIRECTION('',(0.984807753012,1.093356242223E-16,0.173648177667)
  );
#9725 = ORIENTED_EDGE('',*,*,#8935,.T.);
#9726 = PLANE('',#9727);
#9727 = AXIS2_PLACEMENT_3D('',#9728,#9729,#9730);
#9728 = CARTESIAN_POINT('',(1.069123385139,1.2,0.441695635315));
#9729 = DIRECTION('',(1.110223024625E-16,-1.,0.));
#9730 = DIRECTION('',(0.,0.,1.));
#9731 = ADVANCED_FACE('',(#9732),#9751,.F.);
#9732 = FACE_BOUND('',#9733,.F.);
#9733 = EDGE_LOOP('',(#9734,#9735,#9744,#9750));
#9734 = ORIENTED_EDGE('',*,*,#8527,.T.);
#9735 = ORIENTED_EDGE('',*,*,#9736,.T.);
#9736 = EDGE_CURVE('',#8520,#9737,#9739,.T.);
#9737 = VERTEX_POINT('',#9738);
#9738 = CARTESIAN_POINT('',(0.948480775301,0.7,0.667364817767));
#9739 = CIRCLE('',#9740,0.1);
#9740 = AXIS2_PLACEMENT_3D('',#9741,#9742,#9743);
#9741 = CARTESIAN_POINT('',(0.85,0.7,0.65));
#9742 = DIRECTION('',(-1.110223024625E-16,1.,0.));
#9743 = DIRECTION('',(0.,0.,1.));
#9744 = ORIENTED_EDGE('',*,*,#9745,.F.);
#9745 = EDGE_CURVE('',#9653,#9737,#9746,.T.);
#9746 = LINE('',#9747,#9748);
#9747 = CARTESIAN_POINT('',(0.948480775301,1.2,0.667364817767));
#9748 = VECTOR('',#9749,1.);
#9749 = DIRECTION('',(1.110223024625E-16,-1.,0.));
#9750 = ORIENTED_EDGE('',*,*,#9652,.F.);
#9751 = CYLINDRICAL_SURFACE('',#9752,0.1);
#9752 = AXIS2_PLACEMENT_3D('',#9753,#9754,#9755);
#9753 = CARTESIAN_POINT('',(0.85,1.2,0.65));
#9754 = DIRECTION('',(-1.110223024625E-16,1.,0.));
#9755 = DIRECTION('',(0.,0.,1.));
#9756 = ADVANCED_FACE('',(#9757),#9828,.T.);
#9757 = FACE_BOUND('',#9758,.T.);
#9758 = EDGE_LOOP('',(#9759,#9760,#9761,#9762,#9770,#9779,#9787,#9795,
    #9803,#9812,#9820,#9827));
#9759 = ORIENTED_EDGE('',*,*,#8541,.F.);
#9760 = ORIENTED_EDGE('',*,*,#8519,.T.);
#9761 = ORIENTED_EDGE('',*,*,#9736,.T.);
#9762 = ORIENTED_EDGE('',*,*,#9763,.T.);
#9763 = EDGE_CURVE('',#9737,#9764,#9766,.T.);
#9764 = VERTEX_POINT('',#9765);
#9765 = CARTESIAN_POINT('',(1.02432885403,0.7,0.206587955583));
#9766 = LINE('',#9767,#9768);
#9767 = CARTESIAN_POINT('',(0.948480775301,0.7,0.667364817767));
#9768 = VECTOR('',#9769,1.);
#9769 = DIRECTION('',(0.162423314012,1.803261029519E-17,-0.986721169868)
  );
#9770 = ORIENTED_EDGE('',*,*,#9771,.T.);
#9771 = EDGE_CURVE('',#9764,#9772,#9774,.T.);
#9772 = VERTEX_POINT('',#9773);
#9773 = CARTESIAN_POINT('',(1.270530792283,0.7,0.));
#9774 = CIRCLE('',#9775,0.25);
#9775 = AXIS2_PLACEMENT_3D('',#9776,#9777,#9778);
#9776 = CARTESIAN_POINT('',(1.270530792283,0.7,0.25));
#9777 = DIRECTION('',(1.110223024625E-16,-1.,0.));
#9778 = DIRECTION('',(-0.984807753012,-1.093356242223E-16,
    -0.173648177667));
#9779 = ORIENTED_EDGE('',*,*,#9780,.T.);
#9780 = EDGE_CURVE('',#9772,#9781,#9783,.T.);
#9781 = VERTEX_POINT('',#9782);
#9782 = CARTESIAN_POINT('',(1.4,0.7,0.));
#9783 = LINE('',#9784,#9785);
#9784 = CARTESIAN_POINT('',(1.270530792283,0.7,0.));
#9785 = VECTOR('',#9786,1.);
#9786 = DIRECTION('',(1.,1.110223024625E-16,0.));
#9787 = ORIENTED_EDGE('',*,*,#9788,.T.);
#9788 = EDGE_CURVE('',#9781,#9789,#9791,.T.);
#9789 = VERTEX_POINT('',#9790);
#9790 = CARTESIAN_POINT('',(1.4,0.7,0.15));
#9791 = LINE('',#9792,#9793);
#9792 = CARTESIAN_POINT('',(1.4,0.7,0.));
#9793 = VECTOR('',#9794,1.);
#9794 = DIRECTION('',(0.,0.,1.));
#9795 = ORIENTED_EDGE('',*,*,#9796,.T.);
#9796 = EDGE_CURVE('',#9789,#9797,#9799,.T.);
#9797 = VERTEX_POINT('',#9798);
#9798 = CARTESIAN_POINT('',(1.270530792283,0.7,0.15));
#9799 = LINE('',#9800,#9801);
#9800 = CARTESIAN_POINT('',(1.4,0.7,0.15));
#9801 = VECTOR('',#9802,1.);
#9802 = DIRECTION('',(-1.,-1.110223024625E-16,0.));
#9803 = ORIENTED_EDGE('',*,*,#9804,.T.);
#9804 = EDGE_CURVE('',#9797,#9805,#9807,.T.);
#9805 = VERTEX_POINT('',#9806);
#9806 = CARTESIAN_POINT('',(1.172050016982,0.7,0.232635182233));
#9807 = CIRCLE('',#9808,0.1);
#9808 = AXIS2_PLACEMENT_3D('',#9809,#9810,#9811);
#9809 = CARTESIAN_POINT('',(1.270530792283,0.7,0.25));
#9810 = DIRECTION('',(-1.110223024625E-16,1.,0.));
#9811 = DIRECTION('',(2.22044604925E-15,2.465190328815E-31,-1.));
#9812 = ORIENTED_EDGE('',*,*,#9813,.T.);
#9813 = EDGE_CURVE('',#9805,#9814,#9816,.T.);
#9814 = VERTEX_POINT('',#9815);
#9815 = CARTESIAN_POINT('',(1.096201938253,0.7,0.693412044417));
#9816 = LINE('',#9817,#9818);
#9817 = CARTESIAN_POINT('',(1.172050016982,0.7,0.232635182233));
#9818 = VECTOR('',#9819,1.);
#9819 = DIRECTION('',(-0.162423314012,-1.803261029519E-17,0.986721169868
    ));
#9820 = ORIENTED_EDGE('',*,*,#9821,.T.);
#9821 = EDGE_CURVE('',#9814,#8944,#9822,.T.);
#9822 = CIRCLE('',#9823,0.25);
#9823 = AXIS2_PLACEMENT_3D('',#9824,#9825,#9826);
#9824 = CARTESIAN_POINT('',(0.85,0.7,0.65));
#9825 = DIRECTION('',(1.110223024625E-16,-1.,0.));
#9826 = DIRECTION('',(0.984807753012,1.093356242223E-16,0.173648177667)
  );
#9827 = ORIENTED_EDGE('',*,*,#8951,.T.);
#9828 = PLANE('',#9829);
#9829 = AXIS2_PLACEMENT_3D('',#9830,#9831,#9832);
#9830 = CARTESIAN_POINT('',(1.069123385139,0.7,0.441695635315));
#9831 = DIRECTION('',(1.110223024625E-16,-1.,0.));
#9832 = DIRECTION('',(0.,0.,1.));
#9833 = ADVANCED_FACE('',(#9834),#9845,.F.);
#9834 = FACE_BOUND('',#9835,.F.);
#9835 = EDGE_LOOP('',(#9836,#9837,#9838,#9844));
#9836 = ORIENTED_EDGE('',*,*,#8957,.F.);
#9837 = ORIENTED_EDGE('',*,*,#8558,.T.);
#9838 = ORIENTED_EDGE('',*,*,#9839,.T.);
#9839 = EDGE_CURVE('',#8551,#8890,#9840,.T.);
#9840 = LINE('',#9841,#9842);
#9841 = CARTESIAN_POINT('',(0.85,-0.7,0.9));
#9842 = VECTOR('',#9843,1.);
#9843 = DIRECTION('',(-1.,-1.110223024625E-16,0.));
#9844 = ORIENTED_EDGE('',*,*,#8889,.F.);
#9845 = PLANE('',#9846);
#9846 = AXIS2_PLACEMENT_3D('',#9847,#9848,#9849);
#9847 = CARTESIAN_POINT('',(-2.091417030376E-16,1.4375,0.9));
#9848 = DIRECTION('',(4.595758349624E-18,6.551522493592E-27,-1.));
#9849 = DIRECTION('',(1.,1.51922136901E-16,4.595758349624E-18));
#9850 = ADVANCED_FACE('',(#9851),#9937,.F.);
#9851 = FACE_BOUND('',#9852,.F.);
#9852 = EDGE_LOOP('',(#9853,#9854,#9855,#9864,#9872,#9881,#9889,#9897,
    #9905,#9914,#9922,#9931));
#9853 = ORIENTED_EDGE('',*,*,#8550,.F.);
#9854 = ORIENTED_EDGE('',*,*,#8572,.T.);
#9855 = ORIENTED_EDGE('',*,*,#9856,.T.);
#9856 = EDGE_CURVE('',#8573,#9857,#9859,.T.);
#9857 = VERTEX_POINT('',#9858);
#9858 = CARTESIAN_POINT('',(0.948480775301,-0.7,0.667364817767));
#9859 = CIRCLE('',#9860,0.1);
#9860 = AXIS2_PLACEMENT_3D('',#9861,#9862,#9863);
#9861 = CARTESIAN_POINT('',(0.85,-0.7,0.65));
#9862 = DIRECTION('',(-1.110223024625E-16,1.,0.));
#9863 = DIRECTION('',(0.,0.,1.));
#9864 = ORIENTED_EDGE('',*,*,#9865,.T.);
#9865 = EDGE_CURVE('',#9857,#9866,#9868,.T.);
#9866 = VERTEX_POINT('',#9867);
#9867 = CARTESIAN_POINT('',(1.02432885403,-0.7,0.206587955583));
#9868 = LINE('',#9869,#9870);
#9869 = CARTESIAN_POINT('',(0.948480775301,-0.7,0.667364817767));
#9870 = VECTOR('',#9871,1.);
#9871 = DIRECTION('',(0.162423314012,1.803261029519E-17,-0.986721169868)
  );
#9872 = ORIENTED_EDGE('',*,*,#9873,.T.);
#9873 = EDGE_CURVE('',#9866,#9874,#9876,.T.);
#9874 = VERTEX_POINT('',#9875);
#9875 = CARTESIAN_POINT('',(1.270530792283,-0.7,0.));
#9876 = CIRCLE('',#9877,0.25);
#9877 = AXIS2_PLACEMENT_3D('',#9878,#9879,#9880);
#9878 = CARTESIAN_POINT('',(1.270530792283,-0.7,0.25));
#9879 = DIRECTION('',(1.110223024625E-16,-1.,0.));
#9880 = DIRECTION('',(-0.984807753012,-1.093356242223E-16,
    -0.173648177667));
#9881 = ORIENTED_EDGE('',*,*,#9882,.T.);
#9882 = EDGE_CURVE('',#9874,#9883,#9885,.T.);
#9883 = VERTEX_POINT('',#9884);
#9884 = CARTESIAN_POINT('',(1.4,-0.7,0.));
#9885 = LINE('',#9886,#9887);
#9886 = CARTESIAN_POINT('',(1.270530792283,-0.7,0.));
#9887 = VECTOR('',#9888,1.);
#9888 = DIRECTION('',(1.,1.110223024625E-16,0.));
#9889 = ORIENTED_EDGE('',*,*,#9890,.T.);
#9890 = EDGE_CURVE('',#9883,#9891,#9893,.T.);
#9891 = VERTEX_POINT('',#9892);
#9892 = CARTESIAN_POINT('',(1.4,-0.7,0.15));
#9893 = LINE('',#9894,#9895);
#9894 = CARTESIAN_POINT('',(1.4,-0.7,0.));
#9895 = VECTOR('',#9896,1.);
#9896 = DIRECTION('',(0.,0.,1.));
#9897 = ORIENTED_EDGE('',*,*,#9898,.T.);
#9898 = EDGE_CURVE('',#9891,#9899,#9901,.T.);
#9899 = VERTEX_POINT('',#9900);
#9900 = CARTESIAN_POINT('',(1.270530792283,-0.7,0.15));
#9901 = LINE('',#9902,#9903);
#9902 = CARTESIAN_POINT('',(1.4,-0.7,0.15));
#9903 = VECTOR('',#9904,1.);
#9904 = DIRECTION('',(-1.,-1.110223024625E-16,0.));
#9905 = ORIENTED_EDGE('',*,*,#9906,.T.);
#9906 = EDGE_CURVE('',#9899,#9907,#9909,.T.);
#9907 = VERTEX_POINT('',#9908);
#9908 = CARTESIAN_POINT('',(1.172050016982,-0.7,0.232635182233));
#9909 = CIRCLE('',#9910,0.1);
#9910 = AXIS2_PLACEMENT_3D('',#9911,#9912,#9913);
#9911 = CARTESIAN_POINT('',(1.270530792283,-0.7,0.25));
#9912 = DIRECTION('',(-1.110223024625E-16,1.,0.));
#9913 = DIRECTION('',(2.22044604925E-15,2.465190328815E-31,-1.));
#9914 = ORIENTED_EDGE('',*,*,#9915,.T.);
#9915 = EDGE_CURVE('',#9907,#9916,#9918,.T.);
#9916 = VERTEX_POINT('',#9917);
#9917 = CARTESIAN_POINT('',(1.096201938253,-0.7,0.693412044417));
#9918 = LINE('',#9919,#9920);
#9919 = CARTESIAN_POINT('',(1.172050016982,-0.7,0.232635182233));
#9920 = VECTOR('',#9921,1.);
#9921 = DIRECTION('',(-0.162423314012,-1.803261029519E-17,0.986721169868
    ));
#9922 = ORIENTED_EDGE('',*,*,#9923,.T.);
#9923 = EDGE_CURVE('',#9916,#9924,#9926,.T.);
#9924 = VERTEX_POINT('',#9925);
#9925 = CARTESIAN_POINT('',(0.85,-0.7,0.9));
#9926 = CIRCLE('',#9927,0.25);
#9927 = AXIS2_PLACEMENT_3D('',#9928,#9929,#9930);
#9928 = CARTESIAN_POINT('',(0.85,-0.7,0.65));
#9929 = DIRECTION('',(1.110223024625E-16,-1.,0.));
#9930 = DIRECTION('',(0.984807753012,1.093356242223E-16,0.173648177667)
  );
#9931 = ORIENTED_EDGE('',*,*,#9932,.T.);
#9932 = EDGE_CURVE('',#9924,#8551,#9933,.T.);
#9933 = LINE('',#9934,#9935);
#9934 = CARTESIAN_POINT('',(0.85,-0.7,0.9));
#9935 = VECTOR('',#9936,1.);
#9936 = DIRECTION('',(-1.,-1.110223024625E-16,0.));
#9937 = PLANE('',#9938);
#9938 = AXIS2_PLACEMENT_3D('',#9939,#9940,#9941);
#9939 = CARTESIAN_POINT('',(1.069123385139,-0.7,0.441695635315));
#9940 = DIRECTION('',(1.110223024625E-16,-1.,0.));
#9941 = DIRECTION('',(0.,0.,1.));
#9942 = ADVANCED_FACE('',(#9943),#9962,.F.);
#9943 = FACE_BOUND('',#9944,.F.);
#9944 = EDGE_LOOP('',(#9945,#9946,#9955,#9961));
#9945 = ORIENTED_EDGE('',*,*,#8589,.T.);
#9946 = ORIENTED_EDGE('',*,*,#9947,.T.);
#9947 = EDGE_CURVE('',#8582,#9948,#9950,.T.);
#9948 = VERTEX_POINT('',#9949);
#9949 = CARTESIAN_POINT('',(0.948480775301,-1.2,0.667364817767));
#9950 = CIRCLE('',#9951,0.1);
#9951 = AXIS2_PLACEMENT_3D('',#9952,#9953,#9954);
#9952 = CARTESIAN_POINT('',(0.85,-1.2,0.65));
#9953 = DIRECTION('',(-1.110223024625E-16,1.,0.));
#9954 = DIRECTION('',(0.,0.,1.));
#9955 = ORIENTED_EDGE('',*,*,#9956,.F.);
#9956 = EDGE_CURVE('',#9857,#9948,#9957,.T.);
#9957 = LINE('',#9958,#9959);
#9958 = CARTESIAN_POINT('',(0.948480775301,-0.7,0.667364817767));
#9959 = VECTOR('',#9960,1.);
#9960 = DIRECTION('',(1.110223024625E-16,-1.,0.));
#9961 = ORIENTED_EDGE('',*,*,#9856,.F.);
#9962 = CYLINDRICAL_SURFACE('',#9963,0.1);
#9963 = AXIS2_PLACEMENT_3D('',#9964,#9965,#9966);
#9964 = CARTESIAN_POINT('',(0.85,-0.7,0.65));
#9965 = DIRECTION('',(-1.110223024625E-16,1.,0.));
#9966 = DIRECTION('',(0.,0.,1.));
#9967 = ADVANCED_FACE('',(#9968),#10046,.T.);
#9968 = FACE_BOUND('',#9969,.T.);
#9969 = EDGE_LOOP('',(#9970,#9971,#9972,#9973,#9981,#9990,#9998,#10006,
    #10014,#10023,#10031,#10040));
#9970 = ORIENTED_EDGE('',*,*,#8603,.F.);
#9971 = ORIENTED_EDGE('',*,*,#8581,.T.);
#9972 = ORIENTED_EDGE('',*,*,#9947,.T.);
#9973 = ORIENTED_EDGE('',*,*,#9974,.T.);
#9974 = EDGE_CURVE('',#9948,#9975,#9977,.T.);
#9975 = VERTEX_POINT('',#9976);
#9976 = CARTESIAN_POINT('',(1.02432885403,-1.2,0.206587955583));
#9977 = LINE('',#9978,#9979);
#9978 = CARTESIAN_POINT('',(0.948480775301,-1.2,0.667364817767));
#9979 = VECTOR('',#9980,1.);
#9980 = DIRECTION('',(0.162423314012,1.803261029519E-17,-0.986721169868)
  );
#9981 = ORIENTED_EDGE('',*,*,#9982,.T.);
#9982 = EDGE_CURVE('',#9975,#9983,#9985,.T.);
#9983 = VERTEX_POINT('',#9984);
#9984 = CARTESIAN_POINT('',(1.270530792283,-1.2,0.));
#9985 = CIRCLE('',#9986,0.25);
#9986 = AXIS2_PLACEMENT_3D('',#9987,#9988,#9989);
#9987 = CARTESIAN_POINT('',(1.270530792283,-1.2,0.25));
#9988 = DIRECTION('',(1.110223024625E-16,-1.,0.));
#9989 = DIRECTION('',(-0.984807753012,-1.093356242223E-16,
    -0.173648177667));
#9990 = ORIENTED_EDGE('',*,*,#9991,.T.);
#9991 = EDGE_CURVE('',#9983,#9992,#9994,.T.);
#9992 = VERTEX_POINT('',#9993);
#9993 = CARTESIAN_POINT('',(1.4,-1.2,0.));
#9994 = LINE('',#9995,#9996);
#9995 = CARTESIAN_POINT('',(1.270530792283,-1.2,0.));
#9996 = VECTOR('',#9997,1.);
#9997 = DIRECTION('',(1.,1.110223024625E-16,0.));
#9998 = ORIENTED_EDGE('',*,*,#9999,.T.);
#9999 = EDGE_CURVE('',#9992,#10000,#10002,.T.);
#10000 = VERTEX_POINT('',#10001);
#10001 = CARTESIAN_POINT('',(1.4,-1.2,0.15));
#10002 = LINE('',#10003,#10004);
#10003 = CARTESIAN_POINT('',(1.4,-1.2,0.));
#10004 = VECTOR('',#10005,1.);
#10005 = DIRECTION('',(0.,0.,1.));
#10006 = ORIENTED_EDGE('',*,*,#10007,.T.);
#10007 = EDGE_CURVE('',#10000,#10008,#10010,.T.);
#10008 = VERTEX_POINT('',#10009);
#10009 = CARTESIAN_POINT('',(1.270530792283,-1.2,0.15));
#10010 = LINE('',#10011,#10012);
#10011 = CARTESIAN_POINT('',(1.4,-1.2,0.15));
#10012 = VECTOR('',#10013,1.);
#10013 = DIRECTION('',(-1.,-1.110223024625E-16,0.));
#10014 = ORIENTED_EDGE('',*,*,#10015,.T.);
#10015 = EDGE_CURVE('',#10008,#10016,#10018,.T.);
#10016 = VERTEX_POINT('',#10017);
#10017 = CARTESIAN_POINT('',(1.172050016982,-1.2,0.232635182233));
#10018 = CIRCLE('',#10019,0.1);
#10019 = AXIS2_PLACEMENT_3D('',#10020,#10021,#10022);
#10020 = CARTESIAN_POINT('',(1.270530792283,-1.2,0.25));
#10021 = DIRECTION('',(-1.110223024625E-16,1.,0.));
#10022 = DIRECTION('',(2.22044604925E-15,2.465190328815E-31,-1.));
#10023 = ORIENTED_EDGE('',*,*,#10024,.T.);
#10024 = EDGE_CURVE('',#10016,#10025,#10027,.T.);
#10025 = VERTEX_POINT('',#10026);
#10026 = CARTESIAN_POINT('',(1.096201938253,-1.2,0.693412044417));
#10027 = LINE('',#10028,#10029);
#10028 = CARTESIAN_POINT('',(1.172050016982,-1.2,0.232635182233));
#10029 = VECTOR('',#10030,1.);
#10030 = DIRECTION('',(-0.162423314012,-1.803261029519E-17,
    0.986721169868));
#10031 = ORIENTED_EDGE('',*,*,#10032,.T.);
#10032 = EDGE_CURVE('',#10025,#10033,#10035,.T.);
#10033 = VERTEX_POINT('',#10034);
#10034 = CARTESIAN_POINT('',(0.85,-1.2,0.9));
#10035 = CIRCLE('',#10036,0.25);
#10036 = AXIS2_PLACEMENT_3D('',#10037,#10038,#10039);
#10037 = CARTESIAN_POINT('',(0.85,-1.2,0.65));
#10038 = DIRECTION('',(1.110223024625E-16,-1.,0.));
#10039 = DIRECTION('',(0.984807753012,1.093356242223E-16,0.173648177667)
  );
#10040 = ORIENTED_EDGE('',*,*,#10041,.T.);
#10041 = EDGE_CURVE('',#10033,#8604,#10042,.T.);
#10042 = LINE('',#10043,#10044);
#10043 = CARTESIAN_POINT('',(0.85,-1.2,0.9));
#10044 = VECTOR('',#10045,1.);
#10045 = DIRECTION('',(-1.,-1.110223024625E-16,0.));
#10046 = PLANE('',#10047);
#10047 = AXIS2_PLACEMENT_3D('',#10048,#10049,#10050);
#10048 = CARTESIAN_POINT('',(1.069123385139,-1.2,0.441695635315));
#10049 = DIRECTION('',(1.110223024625E-16,-1.,0.));
#10050 = DIRECTION('',(0.,0.,1.));
#10051 = ADVANCED_FACE('',(#10052),#10063,.T.);
#10052 = FACE_BOUND('',#10053,.T.);
#10053 = EDGE_LOOP('',(#10054,#10055,#10056,#10057));
#10054 = ORIENTED_EDGE('',*,*,#9532,.T.);
#10055 = ORIENTED_EDGE('',*,*,#8704,.T.);
#10056 = ORIENTED_EDGE('',*,*,#9634,.F.);
#10057 = ORIENTED_EDGE('',*,*,#10058,.F.);
#10058 = EDGE_CURVE('',#9525,#9627,#10059,.T.);
#10059 = LINE('',#10060,#10061);
#10060 = CARTESIAN_POINT('',(-1.096201938253,0.7,0.693412044417));
#10061 = VECTOR('',#10062,1.);
#10062 = DIRECTION('',(1.144237745222E-17,1.,0.));
#10063 = CYLINDRICAL_SURFACE('',#10064,0.25);
#10064 = AXIS2_PLACEMENT_3D('',#10065,#10066,#10067);
#10065 = CARTESIAN_POINT('',(-0.85,0.7,0.65));
#10066 = DIRECTION('',(-1.144237745222E-17,-1.,0.));
#10067 = DIRECTION('',(-0.984807753012,1.126854202784E-17,0.173648177667
    ));
#10068 = ADVANCED_FACE('',(#10069),#10082,.F.);
#10069 = FACE_BOUND('',#10070,.F.);
#10070 = EDGE_LOOP('',(#10071,#10072,#10078,#10079,#10080,#10081));
#10071 = ORIENTED_EDGE('',*,*,#9100,.F.);
#10072 = ORIENTED_EDGE('',*,*,#10073,.T.);
#10073 = EDGE_CURVE('',#9092,#9201,#10074,.T.);
#10074 = LINE('',#10075,#10076);
#10075 = CARTESIAN_POINT('',(-0.85,-1.2,0.9));
#10076 = VECTOR('',#10077,1.);
#10077 = DIRECTION('',(1.144237745222E-17,1.,0.));
#10078 = ORIENTED_EDGE('',*,*,#9209,.T.);
#10079 = ORIENTED_EDGE('',*,*,#9231,.T.);
#10080 = ORIENTED_EDGE('',*,*,#8751,.F.);
#10081 = ORIENTED_EDGE('',*,*,#8984,.F.);
#10082 = PLANE('',#10083);
#10083 = AXIS2_PLACEMENT_3D('',#10084,#10085,#10086);
#10084 = CARTESIAN_POINT('',(-0.85,-1.2,0.9));
#10085 = DIRECTION('',(0.,0.,-1.));
#10086 = DIRECTION('',(1.,-1.144237745222E-17,0.));
#10087 = ADVANCED_FACE('',(#10088),#10101,.F.);
#10088 = FACE_BOUND('',#10089,.F.);
#10089 = EDGE_LOOP('',(#10090,#10091,#10097,#10098,#10099,#10100));
#10090 = ORIENTED_EDGE('',*,*,#9323,.F.);
#10091 = ORIENTED_EDGE('',*,*,#10092,.T.);
#10092 = EDGE_CURVE('',#9315,#9424,#10093,.T.);
#10093 = LINE('',#10094,#10095);
#10094 = CARTESIAN_POINT('',(-0.85,-0.25,0.9));
#10095 = VECTOR('',#10096,1.);
#10096 = DIRECTION('',(1.144237745222E-17,1.,0.));
#10097 = ORIENTED_EDGE('',*,*,#9432,.T.);
#10098 = ORIENTED_EDGE('',*,*,#9449,.T.);
#10099 = ORIENTED_EDGE('',*,*,#8767,.F.);
#10100 = ORIENTED_EDGE('',*,*,#9224,.F.);
#10101 = PLANE('',#10102);
#10102 = AXIS2_PLACEMENT_3D('',#10103,#10104,#10105);
#10103 = CARTESIAN_POINT('',(-0.85,-0.25,0.9));
#10104 = DIRECTION('',(0.,0.,-1.));
#10105 = DIRECTION('',(1.,-1.144237745222E-17,0.));
#10106 = ADVANCED_FACE('',(#10107,#10136),#10147,.T.);
#10107 = FACE_BOUND('',#10108,.T.);
#10108 = EDGE_LOOP('',(#10109,#10110,#10111,#10112,#10120,#10128,#10134,
    #10135));
#10109 = ORIENTED_EDGE('',*,*,#8842,.F.);
#10110 = ORIENTED_EDGE('',*,*,#8819,.F.);
#10111 = ORIENTED_EDGE('',*,*,#8790,.F.);
#10112 = ORIENTED_EDGE('',*,*,#10113,.F.);
#10113 = EDGE_CURVE('',#10114,#8791,#10116,.T.);
#10114 = VERTEX_POINT('',#10115);
#10115 = CARTESIAN_POINT('',(-0.646824228722,-1.333648457443,1.55));
#10116 = LINE('',#10117,#10118);
#10117 = CARTESIAN_POINT('',(-0.646824228722,-1.333648457443,1.55));
#10118 = VECTOR('',#10119,1.);
#10119 = DIRECTION('',(-0.707106781187,0.707106781187,0.));
#10120 = ORIENTED_EDGE('',*,*,#10121,.F.);
#10121 = EDGE_CURVE('',#10122,#10114,#10124,.T.);
#10122 = VERTEX_POINT('',#10123);
#10123 = CARTESIAN_POINT('',(0.646824228722,-1.333648457443,1.55));
#10124 = LINE('',#10125,#10126);
#10125 = CARTESIAN_POINT('',(0.646824228722,-1.333648457443,1.55));
#10126 = VECTOR('',#10127,1.);
#10127 = DIRECTION('',(-1.,-1.110223024625E-16,0.));
#10128 = ORIENTED_EDGE('',*,*,#10129,.F.);
#10129 = EDGE_CURVE('',#8914,#10122,#10130,.T.);
#10130 = LINE('',#10131,#10132);
#10131 = CARTESIAN_POINT('',(0.683648457443,-1.296824228722,1.55));
#10132 = VECTOR('',#10133,1.);
#10133 = DIRECTION('',(-0.707106781187,-0.707106781187,0.));
#10134 = ORIENTED_EDGE('',*,*,#8920,.F.);
#10135 = ORIENTED_EDGE('',*,*,#8865,.F.);
#10136 = FACE_BOUND('',#10137,.T.);
#10137 = EDGE_LOOP('',(#10138));
#10138 = ORIENTED_EDGE('',*,*,#10139,.T.);
#10139 = EDGE_CURVE('',#10140,#10140,#10142,.T.);
#10140 = VERTEX_POINT('',#10141);
#10141 = CARTESIAN_POINT('',(-0.483648457443,1.083648457443,1.55));
#10142 = CIRCLE('',#10143,5.E-02);
#10143 = AXIS2_PLACEMENT_3D('',#10144,#10145,#10146);
#10144 = CARTESIAN_POINT('',(-0.483648457443,1.133648457443,1.55));
#10145 = DIRECTION('',(0.,-0.,-1.));
#10146 = DIRECTION('',(1.110223024625E-16,-1.,0.));
#10147 = PLANE('',#10148);
#10148 = AXIS2_PLACEMENT_3D('',#10149,#10150,#10151);
#10149 = CARTESIAN_POINT('',(-0.646824228722,1.333648457443,1.55));
#10150 = DIRECTION('',(0.,0.,1.));
#10151 = DIRECTION('',(0.436386464522,-0.899759330922,0.));
#10152 = ADVANCED_FACE('',(#10153),#10163,.F.);
#10153 = FACE_BOUND('',#10154,.F.);
#10154 = EDGE_LOOP('',(#10155,#10156,#10157,#10158));
#10155 = ORIENTED_EDGE('',*,*,#8991,.T.);
#10156 = ORIENTED_EDGE('',*,*,#8798,.T.);
#10157 = ORIENTED_EDGE('',*,*,#10113,.F.);
#10158 = ORIENTED_EDGE('',*,*,#10159,.F.);
#10159 = EDGE_CURVE('',#8992,#10114,#10160,.T.);
#10160 = B_SPLINE_CURVE_WITH_KNOTS('',1,(#10161,#10162),.UNSPECIFIED.,
  .F.,.F.,(2,2),(0.,1.),.PIECEWISE_BEZIER_KNOTS.);
#10161 = CARTESIAN_POINT('',(-0.6925,-1.425,0.9));
#10162 = CARTESIAN_POINT('',(-0.646824228722,-1.333648457443,1.55));
#10163 = B_SPLINE_SURFACE_WITH_KNOTS('',1,1,(
    (#10164,#10165)
    ,(#10166,#10167
    )),.UNSPECIFIED.,.F.,.F.,.F.,(2,2),(2,2),(0.,0.116672618896),(0.,1.)
  ,.PIECEWISE_BEZIER_KNOTS.);
#10164 = CARTESIAN_POINT('',(-0.6925,-1.425,0.9));
#10165 = CARTESIAN_POINT('',(-0.646824228722,-1.333648457443,1.55));
#10166 = CARTESIAN_POINT('',(-0.775,-1.3425,0.9));
#10167 = CARTESIAN_POINT('',(-0.683648457443,-1.296824228722,1.55));
#10168 = ADVANCED_FACE('',(#10169),#10182,.F.);
#10169 = FACE_BOUND('',#10170,.F.);
#10170 = EDGE_LOOP('',(#10171,#10172,#10178,#10179,#10180,#10181));
#10171 = ORIENTED_EDGE('',*,*,#9932,.F.);
#10172 = ORIENTED_EDGE('',*,*,#10173,.T.);
#10173 = EDGE_CURVE('',#9924,#10033,#10174,.T.);
#10174 = LINE('',#10175,#10176);
#10175 = CARTESIAN_POINT('',(0.85,-0.7,0.9));
#10176 = VECTOR('',#10177,1.);
#10177 = DIRECTION('',(1.110223024625E-16,-1.,0.));
#10178 = ORIENTED_EDGE('',*,*,#10041,.T.);
#10179 = ORIENTED_EDGE('',*,*,#8973,.T.);
#10180 = ORIENTED_EDGE('',*,*,#8897,.F.);
#10181 = ORIENTED_EDGE('',*,*,#9839,.F.);
#10182 = PLANE('',#10183);
#10183 = AXIS2_PLACEMENT_3D('',#10184,#10185,#10186);
#10184 = CARTESIAN_POINT('',(0.85,-0.7,0.9));
#10185 = DIRECTION('',(0.,0.,-1.));
#10186 = DIRECTION('',(-1.,-1.110223024625E-16,-0.));
#10187 = ADVANCED_FACE('',(#10188),#10198,.F.);
#10188 = FACE_BOUND('',#10189,.F.);
#10189 = EDGE_LOOP('',(#10190,#10191,#10196,#10197));
#10190 = ORIENTED_EDGE('',*,*,#9007,.T.);
#10191 = ORIENTED_EDGE('',*,*,#10192,.T.);
#10192 = EDGE_CURVE('',#9000,#10122,#10193,.T.);
#10193 = B_SPLINE_CURVE_WITH_KNOTS('',1,(#10194,#10195),.UNSPECIFIED.,
  .F.,.F.,(2,2),(0.,1.),.PIECEWISE_BEZIER_KNOTS.);
#10194 = CARTESIAN_POINT('',(0.6925,-1.425,0.9));
#10195 = CARTESIAN_POINT('',(0.646824228722,-1.333648457443,1.55));
#10196 = ORIENTED_EDGE('',*,*,#10129,.F.);
#10197 = ORIENTED_EDGE('',*,*,#8913,.F.);
#10198 = B_SPLINE_SURFACE_WITH_KNOTS('',1,1,(
    (#10199,#10200)
    ,(#10201,#10202
    )),.UNSPECIFIED.,.F.,.F.,.F.,(2,2),(2,2),(0.,0.116672618896),(0.,1.)
  ,.PIECEWISE_BEZIER_KNOTS.);
#10199 = CARTESIAN_POINT('',(0.775,-1.3425,0.9));
#10200 = CARTESIAN_POINT('',(0.683648457443,-1.296824228722,1.55));
#10201 = CARTESIAN_POINT('',(0.6925,-1.425,0.9));
#10202 = CARTESIAN_POINT('',(0.646824228722,-1.333648457443,1.55));
#10203 = ADVANCED_FACE('',(#10204),#10215,.T.);
#10204 = FACE_BOUND('',#10205,.T.);
#10205 = EDGE_LOOP('',(#10206,#10207,#10208,#10209));
#10206 = ORIENTED_EDGE('',*,*,#9719,.T.);
#10207 = ORIENTED_EDGE('',*,*,#8943,.T.);
#10208 = ORIENTED_EDGE('',*,*,#9821,.F.);
#10209 = ORIENTED_EDGE('',*,*,#10210,.F.);
#10210 = EDGE_CURVE('',#9712,#9814,#10211,.T.);
#10211 = LINE('',#10212,#10213);
#10212 = CARTESIAN_POINT('',(1.096201938253,1.2,0.693412044417));
#10213 = VECTOR('',#10214,1.);
#10214 = DIRECTION('',(1.110223024625E-16,-1.,0.));
#10215 = CYLINDRICAL_SURFACE('',#10216,0.25);
#10216 = AXIS2_PLACEMENT_3D('',#10217,#10218,#10219);
#10217 = CARTESIAN_POINT('',(0.85,1.2,0.65));
#10218 = DIRECTION('',(-1.110223024625E-16,1.,0.));
#10219 = DIRECTION('',(0.984807753012,1.093356242223E-16,0.173648177667)
  );
#10220 = ADVANCED_FACE('',(#10221),#10227,.F.);
#10221 = FACE_BOUND('',#10222,.F.);
#10222 = EDGE_LOOP('',(#10223,#10224,#10225,#10226));
#10223 = ORIENTED_EDGE('',*,*,#8999,.T.);
#10224 = ORIENTED_EDGE('',*,*,#10159,.T.);
#10225 = ORIENTED_EDGE('',*,*,#10121,.F.);
#10226 = ORIENTED_EDGE('',*,*,#10192,.F.);
#10227 = B_SPLINE_SURFACE_WITH_KNOTS('',1,1,(
    (#10228,#10229)
    ,(#10230,#10231
    )),.UNSPECIFIED.,.F.,.F.,.F.,(2,2),(2,2),(0.,1.385),(0.,1.),
  .PIECEWISE_BEZIER_KNOTS.);
#10228 = CARTESIAN_POINT('',(0.6925,-1.425,0.9));
#10229 = CARTESIAN_POINT('',(0.646824228722,-1.333648457443,1.55));
#10230 = CARTESIAN_POINT('',(-0.6925,-1.425,0.9));
#10231 = CARTESIAN_POINT('',(-0.646824228722,-1.333648457443,1.55));
#10232 = ADVANCED_FACE('',(#10233),#10244,.T.);
#10233 = FACE_BOUND('',#10234,.T.);
#10234 = EDGE_LOOP('',(#10235,#10236,#10237,#10238));
#10235 = ORIENTED_EDGE('',*,*,#9091,.T.);
#10236 = ORIENTED_EDGE('',*,*,#10073,.T.);
#10237 = ORIENTED_EDGE('',*,*,#9200,.F.);
#10238 = ORIENTED_EDGE('',*,*,#10239,.F.);
#10239 = EDGE_CURVE('',#9084,#9193,#10240,.T.);
#10240 = LINE('',#10241,#10242);
#10241 = CARTESIAN_POINT('',(-1.096201938253,-1.2,0.693412044417));
#10242 = VECTOR('',#10243,1.);
#10243 = DIRECTION('',(1.144237745222E-17,1.,0.));
#10244 = CYLINDRICAL_SURFACE('',#10245,0.25);
#10245 = AXIS2_PLACEMENT_3D('',#10246,#10247,#10248);
#10246 = CARTESIAN_POINT('',(-0.85,-1.2,0.65));
#10247 = DIRECTION('',(-1.144237745222E-17,-1.,0.));
#10248 = DIRECTION('',(-0.984807753012,1.126854202784E-17,0.173648177667
    ));
#10249 = ADVANCED_FACE('',(#10250),#10261,.F.);
#10250 = FACE_BOUND('',#10251,.F.);
#10251 = EDGE_LOOP('',(#10252,#10258,#10259,#10260));
#10252 = ORIENTED_EDGE('',*,*,#10253,.T.);
#10253 = EDGE_CURVE('',#9075,#9184,#10254,.T.);
#10254 = LINE('',#10255,#10256);
#10255 = CARTESIAN_POINT('',(-1.172050016982,-1.2,0.232635182233));
#10256 = VECTOR('',#10257,1.);
#10257 = DIRECTION('',(1.144237745222E-17,1.,0.));
#10258 = ORIENTED_EDGE('',*,*,#9192,.T.);
#10259 = ORIENTED_EDGE('',*,*,#10239,.F.);
#10260 = ORIENTED_EDGE('',*,*,#9083,.F.);
#10261 = PLANE('',#10262);
#10262 = AXIS2_PLACEMENT_3D('',#10263,#10264,#10265);
#10263 = CARTESIAN_POINT('',(-1.172050016982,-1.2,0.232635182233));
#10264 = DIRECTION('',(0.986721169868,-1.129043606572E-17,
    -0.162423314012));
#10265 = DIRECTION('',(0.162423314012,-1.858508865964E-18,0.986721169868
    ));
#10266 = ADVANCED_FACE('',(#10267),#10278,.F.);
#10267 = FACE_BOUND('',#10268,.F.);
#10268 = EDGE_LOOP('',(#10269,#10275,#10276,#10277));
#10269 = ORIENTED_EDGE('',*,*,#10270,.T.);
#10270 = EDGE_CURVE('',#9067,#9176,#10271,.T.);
#10271 = LINE('',#10272,#10273);
#10272 = CARTESIAN_POINT('',(-1.270530792283,-1.2,0.15));
#10273 = VECTOR('',#10274,1.);
#10274 = DIRECTION('',(1.144237745222E-17,1.,0.));
#10275 = ORIENTED_EDGE('',*,*,#9183,.T.);
#10276 = ORIENTED_EDGE('',*,*,#10253,.F.);
#10277 = ORIENTED_EDGE('',*,*,#9074,.F.);
#10278 = CYLINDRICAL_SURFACE('',#10279,0.1);
#10279 = AXIS2_PLACEMENT_3D('',#10280,#10281,#10282);
#10280 = CARTESIAN_POINT('',(-1.270530792283,-1.2,0.25));
#10281 = DIRECTION('',(-1.144237745222E-17,-1.,0.));
#10282 = DIRECTION('',(-2.22044604925E-15,2.540718180781E-32,-1.));
#10283 = ADVANCED_FACE('',(#10284),#10295,.F.);
#10284 = FACE_BOUND('',#10285,.F.);
#10285 = EDGE_LOOP('',(#10286,#10292,#10293,#10294));
#10286 = ORIENTED_EDGE('',*,*,#10287,.T.);
#10287 = EDGE_CURVE('',#9059,#9168,#10288,.T.);
#10288 = LINE('',#10289,#10290);
#10289 = CARTESIAN_POINT('',(-1.4,-1.2,0.15));
#10290 = VECTOR('',#10291,1.);
#10291 = DIRECTION('',(1.144237745222E-17,1.,0.));
#10292 = ORIENTED_EDGE('',*,*,#9175,.T.);
#10293 = ORIENTED_EDGE('',*,*,#10270,.F.);
#10294 = ORIENTED_EDGE('',*,*,#9066,.F.);
#10295 = PLANE('',#10296);
#10296 = AXIS2_PLACEMENT_3D('',#10297,#10298,#10299);
#10297 = CARTESIAN_POINT('',(-1.4,-1.2,0.15));
#10298 = DIRECTION('',(0.,0.,-1.));
#10299 = DIRECTION('',(1.,-1.144237745222E-17,0.));
#10300 = ADVANCED_FACE('',(#10301),#10312,.F.);
#10301 = FACE_BOUND('',#10302,.F.);
#10302 = EDGE_LOOP('',(#10303,#10309,#10310,#10311));
#10303 = ORIENTED_EDGE('',*,*,#10304,.T.);
#10304 = EDGE_CURVE('',#9051,#9160,#10305,.T.);
#10305 = LINE('',#10306,#10307);
#10306 = CARTESIAN_POINT('',(-1.4,-1.2,0.));
#10307 = VECTOR('',#10308,1.);
#10308 = DIRECTION('',(1.144237745222E-17,1.,0.));
#10309 = ORIENTED_EDGE('',*,*,#9167,.T.);
#10310 = ORIENTED_EDGE('',*,*,#10287,.F.);
#10311 = ORIENTED_EDGE('',*,*,#9058,.F.);
#10312 = PLANE('',#10313);
#10313 = AXIS2_PLACEMENT_3D('',#10314,#10315,#10316);
#10314 = CARTESIAN_POINT('',(-1.4,-1.2,0.));
#10315 = DIRECTION('',(1.,-1.144237745222E-17,0.));
#10316 = DIRECTION('',(0.,0.,1.));
#10317 = ADVANCED_FACE('',(#10318),#10329,.F.);
#10318 = FACE_BOUND('',#10319,.F.);
#10319 = EDGE_LOOP('',(#10320,#10326,#10327,#10328));
#10320 = ORIENTED_EDGE('',*,*,#10321,.T.);
#10321 = EDGE_CURVE('',#9042,#9151,#10322,.T.);
#10322 = LINE('',#10323,#10324);
#10323 = CARTESIAN_POINT('',(-1.270530792283,-1.2,0.));
#10324 = VECTOR('',#10325,1.);
#10325 = DIRECTION('',(1.144237745222E-17,1.,0.));
#10326 = ORIENTED_EDGE('',*,*,#9159,.T.);
#10327 = ORIENTED_EDGE('',*,*,#10304,.F.);
#10328 = ORIENTED_EDGE('',*,*,#9050,.F.);
#10329 = PLANE('',#10330);
#10330 = AXIS2_PLACEMENT_3D('',#10331,#10332,#10333);
#10331 = CARTESIAN_POINT('',(-1.270530792283,-1.2,0.));
#10332 = DIRECTION('',(0.,0.,1.));
#10333 = DIRECTION('',(-1.,1.144237745222E-17,0.));
#10334 = ADVANCED_FACE('',(#10335),#10346,.T.);
#10335 = FACE_BOUND('',#10336,.T.);
#10336 = EDGE_LOOP('',(#10337,#10338,#10339,#10340));
#10337 = ORIENTED_EDGE('',*,*,#9041,.T.);
#10338 = ORIENTED_EDGE('',*,*,#10321,.T.);
#10339 = ORIENTED_EDGE('',*,*,#9150,.F.);
#10340 = ORIENTED_EDGE('',*,*,#10341,.F.);
#10341 = EDGE_CURVE('',#9034,#9143,#10342,.T.);
#10342 = LINE('',#10343,#10344);
#10343 = CARTESIAN_POINT('',(-1.02432885403,-1.2,0.206587955583));
#10344 = VECTOR('',#10345,1.);
#10345 = DIRECTION('',(1.144237745222E-17,1.,0.));
#10346 = CYLINDRICAL_SURFACE('',#10347,0.25);
#10347 = AXIS2_PLACEMENT_3D('',#10348,#10349,#10350);
#10348 = CARTESIAN_POINT('',(-1.270530792283,-1.2,0.25));
#10349 = DIRECTION('',(-1.144237745222E-17,-1.,0.));
#10350 = DIRECTION('',(0.984807753012,-1.126854202784E-17,
    -0.173648177667));
#10351 = ADVANCED_FACE('',(#10352),#10358,.F.);
#10352 = FACE_BOUND('',#10353,.F.);
#10353 = EDGE_LOOP('',(#10354,#10355,#10356,#10357));
#10354 = ORIENTED_EDGE('',*,*,#9124,.T.);
#10355 = ORIENTED_EDGE('',*,*,#9142,.T.);
#10356 = ORIENTED_EDGE('',*,*,#10341,.F.);
#10357 = ORIENTED_EDGE('',*,*,#9033,.F.);
#10358 = PLANE('',#10359);
#10359 = AXIS2_PLACEMENT_3D('',#10360,#10361,#10362);
#10360 = CARTESIAN_POINT('',(-0.948480775301,-1.2,0.667364817767));
#10361 = DIRECTION('',(-0.986721169868,1.129043606572E-17,0.162423314012
    ));
#10362 = DIRECTION('',(-0.162423314012,1.858508865964E-18,
    -0.986721169868));
#10363 = ADVANCED_FACE('',(#10364),#10375,.T.);
#10364 = FACE_BOUND('',#10365,.T.);
#10365 = EDGE_LOOP('',(#10366,#10367,#10368,#10369));
#10366 = ORIENTED_EDGE('',*,*,#9314,.T.);
#10367 = ORIENTED_EDGE('',*,*,#10092,.T.);
#10368 = ORIENTED_EDGE('',*,*,#9423,.F.);
#10369 = ORIENTED_EDGE('',*,*,#10370,.F.);
#10370 = EDGE_CURVE('',#9307,#9416,#10371,.T.);
#10371 = LINE('',#10372,#10373);
#10372 = CARTESIAN_POINT('',(-1.096201938253,-0.25,0.693412044417));
#10373 = VECTOR('',#10374,1.);
#10374 = DIRECTION('',(1.144237745222E-17,1.,0.));
#10375 = CYLINDRICAL_SURFACE('',#10376,0.25);
#10376 = AXIS2_PLACEMENT_3D('',#10377,#10378,#10379);
#10377 = CARTESIAN_POINT('',(-0.85,-0.25,0.65));
#10378 = DIRECTION('',(-1.144237745222E-17,-1.,0.));
#10379 = DIRECTION('',(-0.984807753012,1.126854202784E-17,0.173648177667
    ));
#10380 = ADVANCED_FACE('',(#10381),#10392,.F.);
#10381 = FACE_BOUND('',#10382,.F.);
#10382 = EDGE_LOOP('',(#10383,#10389,#10390,#10391));
#10383 = ORIENTED_EDGE('',*,*,#10384,.T.);
#10384 = EDGE_CURVE('',#9298,#9407,#10385,.T.);
#10385 = LINE('',#10386,#10387);
#10386 = CARTESIAN_POINT('',(-1.172050016982,-0.25,0.232635182233));
#10387 = VECTOR('',#10388,1.);
#10388 = DIRECTION('',(1.144237745222E-17,1.,0.));
#10389 = ORIENTED_EDGE('',*,*,#9415,.T.);
#10390 = ORIENTED_EDGE('',*,*,#10370,.F.);
#10391 = ORIENTED_EDGE('',*,*,#9306,.F.);
#10392 = PLANE('',#10393);
#10393 = AXIS2_PLACEMENT_3D('',#10394,#10395,#10396);
#10394 = CARTESIAN_POINT('',(-1.172050016982,-0.25,0.232635182233));
#10395 = DIRECTION('',(0.986721169868,-1.129043606572E-17,
    -0.162423314012));
#10396 = DIRECTION('',(0.162423314012,-1.858508865964E-18,0.986721169868
    ));
#10397 = ADVANCED_FACE('',(#10398),#10409,.F.);
#10398 = FACE_BOUND('',#10399,.F.);
#10399 = EDGE_LOOP('',(#10400,#10406,#10407,#10408));
#10400 = ORIENTED_EDGE('',*,*,#10401,.T.);
#10401 = EDGE_CURVE('',#9290,#9399,#10402,.T.);
#10402 = LINE('',#10403,#10404);
#10403 = CARTESIAN_POINT('',(-1.270530792283,-0.25,0.15));
#10404 = VECTOR('',#10405,1.);
#10405 = DIRECTION('',(1.144237745222E-17,1.,0.));
#10406 = ORIENTED_EDGE('',*,*,#9406,.T.);
#10407 = ORIENTED_EDGE('',*,*,#10384,.F.);
#10408 = ORIENTED_EDGE('',*,*,#9297,.F.);
#10409 = CYLINDRICAL_SURFACE('',#10410,0.1);
#10410 = AXIS2_PLACEMENT_3D('',#10411,#10412,#10413);
#10411 = CARTESIAN_POINT('',(-1.270530792283,-0.25,0.25));
#10412 = DIRECTION('',(-1.144237745222E-17,-1.,0.));
#10413 = DIRECTION('',(-2.22044604925E-15,2.540718180781E-32,-1.));
#10414 = ADVANCED_FACE('',(#10415),#10426,.F.);
#10415 = FACE_BOUND('',#10416,.F.);
#10416 = EDGE_LOOP('',(#10417,#10423,#10424,#10425));
#10417 = ORIENTED_EDGE('',*,*,#10418,.T.);
#10418 = EDGE_CURVE('',#9282,#9391,#10419,.T.);
#10419 = LINE('',#10420,#10421);
#10420 = CARTESIAN_POINT('',(-1.4,-0.25,0.15));
#10421 = VECTOR('',#10422,1.);
#10422 = DIRECTION('',(1.144237745222E-17,1.,0.));
#10423 = ORIENTED_EDGE('',*,*,#9398,.T.);
#10424 = ORIENTED_EDGE('',*,*,#10401,.F.);
#10425 = ORIENTED_EDGE('',*,*,#9289,.F.);
#10426 = PLANE('',#10427);
#10427 = AXIS2_PLACEMENT_3D('',#10428,#10429,#10430);
#10428 = CARTESIAN_POINT('',(-1.4,-0.25,0.15));
#10429 = DIRECTION('',(0.,0.,-1.));
#10430 = DIRECTION('',(1.,-1.144237745222E-17,0.));
#10431 = ADVANCED_FACE('',(#10432),#10443,.F.);
#10432 = FACE_BOUND('',#10433,.F.);
#10433 = EDGE_LOOP('',(#10434,#10440,#10441,#10442));
#10434 = ORIENTED_EDGE('',*,*,#10435,.T.);
#10435 = EDGE_CURVE('',#9274,#9383,#10436,.T.);
#10436 = LINE('',#10437,#10438);
#10437 = CARTESIAN_POINT('',(-1.4,-0.25,0.));
#10438 = VECTOR('',#10439,1.);
#10439 = DIRECTION('',(1.144237745222E-17,1.,0.));
#10440 = ORIENTED_EDGE('',*,*,#9390,.T.);
#10441 = ORIENTED_EDGE('',*,*,#10418,.F.);
#10442 = ORIENTED_EDGE('',*,*,#9281,.F.);
#10443 = PLANE('',#10444);
#10444 = AXIS2_PLACEMENT_3D('',#10445,#10446,#10447);
#10445 = CARTESIAN_POINT('',(-1.4,-0.25,0.));
#10446 = DIRECTION('',(1.,-1.144237745222E-17,0.));
#10447 = DIRECTION('',(0.,0.,1.));
#10448 = ADVANCED_FACE('',(#10449),#10460,.F.);
#10449 = FACE_BOUND('',#10450,.F.);
#10450 = EDGE_LOOP('',(#10451,#10457,#10458,#10459));
#10451 = ORIENTED_EDGE('',*,*,#10452,.T.);
#10452 = EDGE_CURVE('',#9265,#9374,#10453,.T.);
#10453 = LINE('',#10454,#10455);
#10454 = CARTESIAN_POINT('',(-1.270530792283,-0.25,0.));
#10455 = VECTOR('',#10456,1.);
#10456 = DIRECTION('',(1.144237745222E-17,1.,0.));
#10457 = ORIENTED_EDGE('',*,*,#9382,.T.);
#10458 = ORIENTED_EDGE('',*,*,#10435,.F.);
#10459 = ORIENTED_EDGE('',*,*,#9273,.F.);
#10460 = PLANE('',#10461);
#10461 = AXIS2_PLACEMENT_3D('',#10462,#10463,#10464);
#10462 = CARTESIAN_POINT('',(-1.270530792283,-0.25,0.));
#10463 = DIRECTION('',(0.,0.,1.));
#10464 = DIRECTION('',(-1.,1.144237745222E-17,0.));
#10465 = ADVANCED_FACE('',(#10466),#10477,.T.);
#10466 = FACE_BOUND('',#10467,.T.);
#10467 = EDGE_LOOP('',(#10468,#10469,#10470,#10471));
#10468 = ORIENTED_EDGE('',*,*,#9264,.T.);
#10469 = ORIENTED_EDGE('',*,*,#10452,.T.);
#10470 = ORIENTED_EDGE('',*,*,#9373,.F.);
#10471 = ORIENTED_EDGE('',*,*,#10472,.F.);
#10472 = EDGE_CURVE('',#9257,#9366,#10473,.T.);
#10473 = LINE('',#10474,#10475);
#10474 = CARTESIAN_POINT('',(-1.02432885403,-0.25,0.206587955583));
#10475 = VECTOR('',#10476,1.);
#10476 = DIRECTION('',(1.144237745222E-17,1.,0.));
#10477 = CYLINDRICAL_SURFACE('',#10478,0.25);
#10478 = AXIS2_PLACEMENT_3D('',#10479,#10480,#10481);
#10479 = CARTESIAN_POINT('',(-1.270530792283,-0.25,0.25));
#10480 = DIRECTION('',(-1.144237745222E-17,-1.,0.));
#10481 = DIRECTION('',(0.984807753012,-1.126854202784E-17,
    -0.173648177667));
#10482 = ADVANCED_FACE('',(#10483),#10489,.F.);
#10483 = FACE_BOUND('',#10484,.F.);
#10484 = EDGE_LOOP('',(#10485,#10486,#10487,#10488));
#10485 = ORIENTED_EDGE('',*,*,#9347,.T.);
#10486 = ORIENTED_EDGE('',*,*,#9365,.T.);
#10487 = ORIENTED_EDGE('',*,*,#10472,.F.);
#10488 = ORIENTED_EDGE('',*,*,#9256,.F.);
#10489 = PLANE('',#10490);
#10490 = AXIS2_PLACEMENT_3D('',#10491,#10492,#10493);
#10491 = CARTESIAN_POINT('',(-0.948480775301,-0.25,0.667364817767));
#10492 = DIRECTION('',(-0.986721169868,1.129043606572E-17,0.162423314012
    ));
#10493 = DIRECTION('',(-0.162423314012,1.858508865964E-18,
    -0.986721169868));
#10494 = ADVANCED_FACE('',(#10495),#10506,.F.);
#10495 = FACE_BOUND('',#10496,.F.);
#10496 = EDGE_LOOP('',(#10497,#10503,#10504,#10505));
#10497 = ORIENTED_EDGE('',*,*,#10498,.T.);
#10498 = EDGE_CURVE('',#9516,#9618,#10499,.T.);
#10499 = LINE('',#10500,#10501);
#10500 = CARTESIAN_POINT('',(-1.172050016982,0.7,0.232635182233));
#10501 = VECTOR('',#10502,1.);
#10502 = DIRECTION('',(1.144237745222E-17,1.,0.));
#10503 = ORIENTED_EDGE('',*,*,#9626,.T.);
#10504 = ORIENTED_EDGE('',*,*,#10058,.F.);
#10505 = ORIENTED_EDGE('',*,*,#9524,.F.);
#10506 = PLANE('',#10507);
#10507 = AXIS2_PLACEMENT_3D('',#10508,#10509,#10510);
#10508 = CARTESIAN_POINT('',(-1.172050016982,0.7,0.232635182233));
#10509 = DIRECTION('',(0.986721169868,-1.129043606572E-17,
    -0.162423314012));
#10510 = DIRECTION('',(0.162423314012,-1.858508865964E-18,0.986721169868
    ));
#10511 = ADVANCED_FACE('',(#10512),#10523,.F.);
#10512 = FACE_BOUND('',#10513,.F.);
#10513 = EDGE_LOOP('',(#10514,#10520,#10521,#10522));
#10514 = ORIENTED_EDGE('',*,*,#10515,.T.);
#10515 = EDGE_CURVE('',#9508,#9610,#10516,.T.);
#10516 = LINE('',#10517,#10518);
#10517 = CARTESIAN_POINT('',(-1.270530792283,0.7,0.15));
#10518 = VECTOR('',#10519,1.);
#10519 = DIRECTION('',(1.144237745222E-17,1.,0.));
#10520 = ORIENTED_EDGE('',*,*,#9617,.T.);
#10521 = ORIENTED_EDGE('',*,*,#10498,.F.);
#10522 = ORIENTED_EDGE('',*,*,#9515,.F.);
#10523 = CYLINDRICAL_SURFACE('',#10524,0.1);
#10524 = AXIS2_PLACEMENT_3D('',#10525,#10526,#10527);
#10525 = CARTESIAN_POINT('',(-1.270530792283,0.7,0.25));
#10526 = DIRECTION('',(-1.144237745222E-17,-1.,0.));
#10527 = DIRECTION('',(-2.22044604925E-15,2.540718180781E-32,-1.));
#10528 = ADVANCED_FACE('',(#10529),#10540,.F.);
#10529 = FACE_BOUND('',#10530,.F.);
#10530 = EDGE_LOOP('',(#10531,#10537,#10538,#10539));
#10531 = ORIENTED_EDGE('',*,*,#10532,.T.);
#10532 = EDGE_CURVE('',#9500,#9602,#10533,.T.);
#10533 = LINE('',#10534,#10535);
#10534 = CARTESIAN_POINT('',(-1.4,0.7,0.15));
#10535 = VECTOR('',#10536,1.);
#10536 = DIRECTION('',(1.144237745222E-17,1.,0.));
#10537 = ORIENTED_EDGE('',*,*,#9609,.T.);
#10538 = ORIENTED_EDGE('',*,*,#10515,.F.);
#10539 = ORIENTED_EDGE('',*,*,#9507,.F.);
#10540 = PLANE('',#10541);
#10541 = AXIS2_PLACEMENT_3D('',#10542,#10543,#10544);
#10542 = CARTESIAN_POINT('',(-1.4,0.7,0.15));
#10543 = DIRECTION('',(0.,0.,-1.));
#10544 = DIRECTION('',(1.,-1.144237745222E-17,0.));
#10545 = ADVANCED_FACE('',(#10546),#10557,.F.);
#10546 = FACE_BOUND('',#10547,.F.);
#10547 = EDGE_LOOP('',(#10548,#10554,#10555,#10556));
#10548 = ORIENTED_EDGE('',*,*,#10549,.T.);
#10549 = EDGE_CURVE('',#9492,#9594,#10550,.T.);
#10550 = LINE('',#10551,#10552);
#10551 = CARTESIAN_POINT('',(-1.4,0.7,0.));
#10552 = VECTOR('',#10553,1.);
#10553 = DIRECTION('',(1.144237745222E-17,1.,0.));
#10554 = ORIENTED_EDGE('',*,*,#9601,.T.);
#10555 = ORIENTED_EDGE('',*,*,#10532,.F.);
#10556 = ORIENTED_EDGE('',*,*,#9499,.F.);
#10557 = PLANE('',#10558);
#10558 = AXIS2_PLACEMENT_3D('',#10559,#10560,#10561);
#10559 = CARTESIAN_POINT('',(-1.4,0.7,0.));
#10560 = DIRECTION('',(1.,-1.144237745222E-17,0.));
#10561 = DIRECTION('',(0.,0.,1.));
#10562 = ADVANCED_FACE('',(#10563),#10574,.F.);
#10563 = FACE_BOUND('',#10564,.F.);
#10564 = EDGE_LOOP('',(#10565,#10571,#10572,#10573));
#10565 = ORIENTED_EDGE('',*,*,#10566,.T.);
#10566 = EDGE_CURVE('',#9483,#9585,#10567,.T.);
#10567 = LINE('',#10568,#10569);
#10568 = CARTESIAN_POINT('',(-1.270530792283,0.7,0.));
#10569 = VECTOR('',#10570,1.);
#10570 = DIRECTION('',(1.144237745222E-17,1.,0.));
#10571 = ORIENTED_EDGE('',*,*,#9593,.T.);
#10572 = ORIENTED_EDGE('',*,*,#10549,.F.);
#10573 = ORIENTED_EDGE('',*,*,#9491,.F.);
#10574 = PLANE('',#10575);
#10575 = AXIS2_PLACEMENT_3D('',#10576,#10577,#10578);
#10576 = CARTESIAN_POINT('',(-1.270530792283,0.7,0.));
#10577 = DIRECTION('',(0.,0.,1.));
#10578 = DIRECTION('',(-1.,1.144237745222E-17,0.));
#10579 = ADVANCED_FACE('',(#10580),#10591,.T.);
#10580 = FACE_BOUND('',#10581,.T.);
#10581 = EDGE_LOOP('',(#10582,#10583,#10584,#10585));
#10582 = ORIENTED_EDGE('',*,*,#9482,.T.);
#10583 = ORIENTED_EDGE('',*,*,#10566,.T.);
#10584 = ORIENTED_EDGE('',*,*,#9584,.F.);
#10585 = ORIENTED_EDGE('',*,*,#10586,.F.);
#10586 = EDGE_CURVE('',#9475,#9577,#10587,.T.);
#10587 = LINE('',#10588,#10589);
#10588 = CARTESIAN_POINT('',(-1.02432885403,0.7,0.206587955583));
#10589 = VECTOR('',#10590,1.);
#10590 = DIRECTION('',(1.144237745222E-17,1.,0.));
#10591 = CYLINDRICAL_SURFACE('',#10592,0.25);
#10592 = AXIS2_PLACEMENT_3D('',#10593,#10594,#10595);
#10593 = CARTESIAN_POINT('',(-1.270530792283,0.7,0.25));
#10594 = DIRECTION('',(-1.144237745222E-17,-1.,0.));
#10595 = DIRECTION('',(0.984807753012,-1.126854202784E-17,
    -0.173648177667));
#10596 = ADVANCED_FACE('',(#10597),#10603,.F.);
#10597 = FACE_BOUND('',#10598,.F.);
#10598 = EDGE_LOOP('',(#10599,#10600,#10601,#10602));
#10599 = ORIENTED_EDGE('',*,*,#9558,.T.);
#10600 = ORIENTED_EDGE('',*,*,#9576,.T.);
#10601 = ORIENTED_EDGE('',*,*,#10586,.F.);
#10602 = ORIENTED_EDGE('',*,*,#9474,.F.);
#10603 = PLANE('',#10604);
#10604 = AXIS2_PLACEMENT_3D('',#10605,#10606,#10607);
#10605 = CARTESIAN_POINT('',(-0.948480775301,0.7,0.667364817767));
#10606 = DIRECTION('',(-0.986721169868,1.129043606572E-17,0.162423314012
    ));
#10607 = DIRECTION('',(-0.162423314012,1.858508865964E-18,
    -0.986721169868));
#10608 = ADVANCED_FACE('',(#10609),#10620,.F.);
#10609 = FACE_BOUND('',#10610,.F.);
#10610 = EDGE_LOOP('',(#10611,#10617,#10618,#10619));
#10611 = ORIENTED_EDGE('',*,*,#10612,.T.);
#10612 = EDGE_CURVE('',#9703,#9805,#10613,.T.);
#10613 = LINE('',#10614,#10615);
#10614 = CARTESIAN_POINT('',(1.172050016982,1.2,0.232635182233));
#10615 = VECTOR('',#10616,1.);
#10616 = DIRECTION('',(1.110223024625E-16,-1.,0.));
#10617 = ORIENTED_EDGE('',*,*,#9813,.T.);
#10618 = ORIENTED_EDGE('',*,*,#10210,.F.);
#10619 = ORIENTED_EDGE('',*,*,#9711,.F.);
#10620 = PLANE('',#10621);
#10621 = AXIS2_PLACEMENT_3D('',#10622,#10623,#10624);
#10622 = CARTESIAN_POINT('',(1.172050016982,1.2,0.232635182233));
#10623 = DIRECTION('',(-0.986721169868,-1.095480561672E-16,
    -0.162423314012));
#10624 = DIRECTION('',(-0.162423314012,-1.803261029519E-17,
    0.986721169868));
#10625 = ADVANCED_FACE('',(#10626),#10637,.F.);
#10626 = FACE_BOUND('',#10627,.F.);
#10627 = EDGE_LOOP('',(#10628,#10634,#10635,#10636));
#10628 = ORIENTED_EDGE('',*,*,#10629,.T.);
#10629 = EDGE_CURVE('',#9695,#9797,#10630,.T.);
#10630 = LINE('',#10631,#10632);
#10631 = CARTESIAN_POINT('',(1.270530792283,1.2,0.15));
#10632 = VECTOR('',#10633,1.);
#10633 = DIRECTION('',(1.110223024625E-16,-1.,0.));
#10634 = ORIENTED_EDGE('',*,*,#9804,.T.);
#10635 = ORIENTED_EDGE('',*,*,#10612,.F.);
#10636 = ORIENTED_EDGE('',*,*,#9702,.F.);
#10637 = CYLINDRICAL_SURFACE('',#10638,0.1);
#10638 = AXIS2_PLACEMENT_3D('',#10639,#10640,#10641);
#10639 = CARTESIAN_POINT('',(1.270530792283,1.2,0.25));
#10640 = DIRECTION('',(-1.110223024625E-16,1.,0.));
#10641 = DIRECTION('',(2.22044604925E-15,2.465190328815E-31,-1.));
#10642 = ADVANCED_FACE('',(#10643),#10654,.F.);
#10643 = FACE_BOUND('',#10644,.F.);
#10644 = EDGE_LOOP('',(#10645,#10651,#10652,#10653));
#10645 = ORIENTED_EDGE('',*,*,#10646,.T.);
#10646 = EDGE_CURVE('',#9687,#9789,#10647,.T.);
#10647 = LINE('',#10648,#10649);
#10648 = CARTESIAN_POINT('',(1.4,1.2,0.15));
#10649 = VECTOR('',#10650,1.);
#10650 = DIRECTION('',(1.110223024625E-16,-1.,0.));
#10651 = ORIENTED_EDGE('',*,*,#9796,.T.);
#10652 = ORIENTED_EDGE('',*,*,#10629,.F.);
#10653 = ORIENTED_EDGE('',*,*,#9694,.F.);
#10654 = PLANE('',#10655);
#10655 = AXIS2_PLACEMENT_3D('',#10656,#10657,#10658);
#10656 = CARTESIAN_POINT('',(1.4,1.2,0.15));
#10657 = DIRECTION('',(0.,0.,-1.));
#10658 = DIRECTION('',(-1.,-1.110223024625E-16,-0.));
#10659 = ADVANCED_FACE('',(#10660),#10671,.F.);
#10660 = FACE_BOUND('',#10661,.F.);
#10661 = EDGE_LOOP('',(#10662,#10668,#10669,#10670));
#10662 = ORIENTED_EDGE('',*,*,#10663,.T.);
#10663 = EDGE_CURVE('',#9679,#9781,#10664,.T.);
#10664 = LINE('',#10665,#10666);
#10665 = CARTESIAN_POINT('',(1.4,1.2,0.));
#10666 = VECTOR('',#10667,1.);
#10667 = DIRECTION('',(1.110223024625E-16,-1.,0.));
#10668 = ORIENTED_EDGE('',*,*,#9788,.T.);
#10669 = ORIENTED_EDGE('',*,*,#10646,.F.);
#10670 = ORIENTED_EDGE('',*,*,#9686,.F.);
#10671 = PLANE('',#10672);
#10672 = AXIS2_PLACEMENT_3D('',#10673,#10674,#10675);
#10673 = CARTESIAN_POINT('',(1.4,1.2,0.));
#10674 = DIRECTION('',(-1.,-1.110223024625E-16,0.));
#10675 = DIRECTION('',(0.,0.,1.));
#10676 = ADVANCED_FACE('',(#10677),#10688,.F.);
#10677 = FACE_BOUND('',#10678,.F.);
#10678 = EDGE_LOOP('',(#10679,#10685,#10686,#10687));
#10679 = ORIENTED_EDGE('',*,*,#10680,.T.);
#10680 = EDGE_CURVE('',#9670,#9772,#10681,.T.);
#10681 = LINE('',#10682,#10683);
#10682 = CARTESIAN_POINT('',(1.270530792283,1.2,0.));
#10683 = VECTOR('',#10684,1.);
#10684 = DIRECTION('',(1.110223024625E-16,-1.,0.));
#10685 = ORIENTED_EDGE('',*,*,#9780,.T.);
#10686 = ORIENTED_EDGE('',*,*,#10663,.F.);
#10687 = ORIENTED_EDGE('',*,*,#9678,.F.);
#10688 = PLANE('',#10689);
#10689 = AXIS2_PLACEMENT_3D('',#10690,#10691,#10692);
#10690 = CARTESIAN_POINT('',(1.270530792283,1.2,0.));
#10691 = DIRECTION('',(0.,0.,1.));
#10692 = DIRECTION('',(1.,1.110223024625E-16,-0.));
#10693 = ADVANCED_FACE('',(#10694),#10705,.T.);
#10694 = FACE_BOUND('',#10695,.T.);
#10695 = EDGE_LOOP('',(#10696,#10697,#10698,#10699));
#10696 = ORIENTED_EDGE('',*,*,#9669,.T.);
#10697 = ORIENTED_EDGE('',*,*,#10680,.T.);
#10698 = ORIENTED_EDGE('',*,*,#9771,.F.);
#10699 = ORIENTED_EDGE('',*,*,#10700,.F.);
#10700 = EDGE_CURVE('',#9662,#9764,#10701,.T.);
#10701 = LINE('',#10702,#10703);
#10702 = CARTESIAN_POINT('',(1.02432885403,1.2,0.206587955583));
#10703 = VECTOR('',#10704,1.);
#10704 = DIRECTION('',(1.110223024625E-16,-1.,0.));
#10705 = CYLINDRICAL_SURFACE('',#10706,0.25);
#10706 = AXIS2_PLACEMENT_3D('',#10707,#10708,#10709);
#10707 = CARTESIAN_POINT('',(1.270530792283,1.2,0.25));
#10708 = DIRECTION('',(-1.110223024625E-16,1.,0.));
#10709 = DIRECTION('',(-0.984807753012,-1.093356242223E-16,
    -0.173648177667));
#10710 = ADVANCED_FACE('',(#10711),#10717,.F.);
#10711 = FACE_BOUND('',#10712,.F.);
#10712 = EDGE_LOOP('',(#10713,#10714,#10715,#10716));
#10713 = ORIENTED_EDGE('',*,*,#9745,.T.);
#10714 = ORIENTED_EDGE('',*,*,#9763,.T.);
#10715 = ORIENTED_EDGE('',*,*,#10700,.F.);
#10716 = ORIENTED_EDGE('',*,*,#9661,.F.);
#10717 = PLANE('',#10718);
#10718 = AXIS2_PLACEMENT_3D('',#10719,#10720,#10721);
#10719 = CARTESIAN_POINT('',(0.948480775301,1.2,0.667364817767));
#10720 = DIRECTION('',(0.986721169868,1.095480561672E-16,0.162423314012)
  );
#10721 = DIRECTION('',(0.162423314012,1.803261029519E-17,-0.986721169868
    ));
#10722 = ADVANCED_FACE('',(#10723),#10734,.T.);
#10723 = FACE_BOUND('',#10724,.T.);
#10724 = EDGE_LOOP('',(#10725,#10726,#10727,#10728));
#10725 = ORIENTED_EDGE('',*,*,#9923,.T.);
#10726 = ORIENTED_EDGE('',*,*,#10173,.T.);
#10727 = ORIENTED_EDGE('',*,*,#10032,.F.);
#10728 = ORIENTED_EDGE('',*,*,#10729,.F.);
#10729 = EDGE_CURVE('',#9916,#10025,#10730,.T.);
#10730 = LINE('',#10731,#10732);
#10731 = CARTESIAN_POINT('',(1.096201938253,-0.7,0.693412044417));
#10732 = VECTOR('',#10733,1.);
#10733 = DIRECTION('',(1.110223024625E-16,-1.,0.));
#10734 = CYLINDRICAL_SURFACE('',#10735,0.25);
#10735 = AXIS2_PLACEMENT_3D('',#10736,#10737,#10738);
#10736 = CARTESIAN_POINT('',(0.85,-0.7,0.65));
#10737 = DIRECTION('',(-1.110223024625E-16,1.,0.));
#10738 = DIRECTION('',(0.984807753012,1.093356242223E-16,0.173648177667)
  );
#10739 = ADVANCED_FACE('',(#10740),#10751,.F.);
#10740 = FACE_BOUND('',#10741,.F.);
#10741 = EDGE_LOOP('',(#10742,#10748,#10749,#10750));
#10742 = ORIENTED_EDGE('',*,*,#10743,.T.);
#10743 = EDGE_CURVE('',#9907,#10016,#10744,.T.);
#10744 = LINE('',#10745,#10746);
#10745 = CARTESIAN_POINT('',(1.172050016982,-0.7,0.232635182233));
#10746 = VECTOR('',#10747,1.);
#10747 = DIRECTION('',(1.110223024625E-16,-1.,0.));
#10748 = ORIENTED_EDGE('',*,*,#10024,.T.);
#10749 = ORIENTED_EDGE('',*,*,#10729,.F.);
#10750 = ORIENTED_EDGE('',*,*,#9915,.F.);
#10751 = PLANE('',#10752);
#10752 = AXIS2_PLACEMENT_3D('',#10753,#10754,#10755);
#10753 = CARTESIAN_POINT('',(1.172050016982,-0.7,0.232635182233));
#10754 = DIRECTION('',(-0.986721169868,-1.095480561672E-16,
    -0.162423314012));
#10755 = DIRECTION('',(-0.162423314012,-1.803261029519E-17,
    0.986721169868));
#10756 = ADVANCED_FACE('',(#10757),#10768,.F.);
#10757 = FACE_BOUND('',#10758,.F.);
#10758 = EDGE_LOOP('',(#10759,#10765,#10766,#10767));
#10759 = ORIENTED_EDGE('',*,*,#10760,.T.);
#10760 = EDGE_CURVE('',#9899,#10008,#10761,.T.);
#10761 = LINE('',#10762,#10763);
#10762 = CARTESIAN_POINT('',(1.270530792283,-0.7,0.15));
#10763 = VECTOR('',#10764,1.);
#10764 = DIRECTION('',(1.110223024625E-16,-1.,0.));
#10765 = ORIENTED_EDGE('',*,*,#10015,.T.);
#10766 = ORIENTED_EDGE('',*,*,#10743,.F.);
#10767 = ORIENTED_EDGE('',*,*,#9906,.F.);
#10768 = CYLINDRICAL_SURFACE('',#10769,0.1);
#10769 = AXIS2_PLACEMENT_3D('',#10770,#10771,#10772);
#10770 = CARTESIAN_POINT('',(1.270530792283,-0.7,0.25));
#10771 = DIRECTION('',(-1.110223024625E-16,1.,0.));
#10772 = DIRECTION('',(2.22044604925E-15,2.465190328815E-31,-1.));
#10773 = ADVANCED_FACE('',(#10774),#10785,.F.);
#10774 = FACE_BOUND('',#10775,.F.);
#10775 = EDGE_LOOP('',(#10776,#10782,#10783,#10784));
#10776 = ORIENTED_EDGE('',*,*,#10777,.T.);
#10777 = EDGE_CURVE('',#9891,#10000,#10778,.T.);
#10778 = LINE('',#10779,#10780);
#10779 = CARTESIAN_POINT('',(1.4,-0.7,0.15));
#10780 = VECTOR('',#10781,1.);
#10781 = DIRECTION('',(1.110223024625E-16,-1.,0.));
#10782 = ORIENTED_EDGE('',*,*,#10007,.T.);
#10783 = ORIENTED_EDGE('',*,*,#10760,.F.);
#10784 = ORIENTED_EDGE('',*,*,#9898,.F.);
#10785 = PLANE('',#10786);
#10786 = AXIS2_PLACEMENT_3D('',#10787,#10788,#10789);
#10787 = CARTESIAN_POINT('',(1.4,-0.7,0.15));
#10788 = DIRECTION('',(0.,0.,-1.));
#10789 = DIRECTION('',(-1.,-1.110223024625E-16,-0.));
#10790 = ADVANCED_FACE('',(#10791),#10802,.F.);
#10791 = FACE_BOUND('',#10792,.F.);
#10792 = EDGE_LOOP('',(#10793,#10799,#10800,#10801));
#10793 = ORIENTED_EDGE('',*,*,#10794,.T.);
#10794 = EDGE_CURVE('',#9883,#9992,#10795,.T.);
#10795 = LINE('',#10796,#10797);
#10796 = CARTESIAN_POINT('',(1.4,-0.7,0.));
#10797 = VECTOR('',#10798,1.);
#10798 = DIRECTION('',(1.110223024625E-16,-1.,0.));
#10799 = ORIENTED_EDGE('',*,*,#9999,.T.);
#10800 = ORIENTED_EDGE('',*,*,#10777,.F.);
#10801 = ORIENTED_EDGE('',*,*,#9890,.F.);
#10802 = PLANE('',#10803);
#10803 = AXIS2_PLACEMENT_3D('',#10804,#10805,#10806);
#10804 = CARTESIAN_POINT('',(1.4,-0.7,0.));
#10805 = DIRECTION('',(-1.,-1.110223024625E-16,0.));
#10806 = DIRECTION('',(0.,0.,1.));
#10807 = ADVANCED_FACE('',(#10808),#10819,.F.);
#10808 = FACE_BOUND('',#10809,.F.);
#10809 = EDGE_LOOP('',(#10810,#10816,#10817,#10818));
#10810 = ORIENTED_EDGE('',*,*,#10811,.T.);
#10811 = EDGE_CURVE('',#9874,#9983,#10812,.T.);
#10812 = LINE('',#10813,#10814);
#10813 = CARTESIAN_POINT('',(1.270530792283,-0.7,0.));
#10814 = VECTOR('',#10815,1.);
#10815 = DIRECTION('',(1.110223024625E-16,-1.,0.));
#10816 = ORIENTED_EDGE('',*,*,#9991,.T.);
#10817 = ORIENTED_EDGE('',*,*,#10794,.F.);
#10818 = ORIENTED_EDGE('',*,*,#9882,.F.);
#10819 = PLANE('',#10820);
#10820 = AXIS2_PLACEMENT_3D('',#10821,#10822,#10823);
#10821 = CARTESIAN_POINT('',(1.270530792283,-0.7,0.));
#10822 = DIRECTION('',(0.,0.,1.));
#10823 = DIRECTION('',(1.,1.110223024625E-16,-0.));
#10824 = ADVANCED_FACE('',(#10825),#10836,.T.);
#10825 = FACE_BOUND('',#10826,.T.);
#10826 = EDGE_LOOP('',(#10827,#10828,#10829,#10830));
#10827 = ORIENTED_EDGE('',*,*,#9873,.T.);
#10828 = ORIENTED_EDGE('',*,*,#10811,.T.);
#10829 = ORIENTED_EDGE('',*,*,#9982,.F.);
#10830 = ORIENTED_EDGE('',*,*,#10831,.F.);
#10831 = EDGE_CURVE('',#9866,#9975,#10832,.T.);
#10832 = LINE('',#10833,#10834);
#10833 = CARTESIAN_POINT('',(1.02432885403,-0.7,0.206587955583));
#10834 = VECTOR('',#10835,1.);
#10835 = DIRECTION('',(1.110223024625E-16,-1.,0.));
#10836 = CYLINDRICAL_SURFACE('',#10837,0.25);
#10837 = AXIS2_PLACEMENT_3D('',#10838,#10839,#10840);
#10838 = CARTESIAN_POINT('',(1.270530792283,-0.7,0.25));
#10839 = DIRECTION('',(-1.110223024625E-16,1.,0.));
#10840 = DIRECTION('',(-0.984807753012,-1.093356242223E-16,
    -0.173648177667));
#10841 = ADVANCED_FACE('',(#10842),#10848,.F.);
#10842 = FACE_BOUND('',#10843,.F.);
#10843 = EDGE_LOOP('',(#10844,#10845,#10846,#10847));
#10844 = ORIENTED_EDGE('',*,*,#9956,.T.);
#10845 = ORIENTED_EDGE('',*,*,#9974,.T.);
#10846 = ORIENTED_EDGE('',*,*,#10831,.F.);
#10847 = ORIENTED_EDGE('',*,*,#9865,.F.);
#10848 = PLANE('',#10849);
#10849 = AXIS2_PLACEMENT_3D('',#10850,#10851,#10852);
#10850 = CARTESIAN_POINT('',(0.948480775301,-0.7,0.667364817767));
#10851 = DIRECTION('',(0.986721169868,1.095480561672E-16,0.162423314012)
  );
#10852 = DIRECTION('',(0.162423314012,1.803261029519E-17,-0.986721169868
    ));
#10853 = ADVANCED_FACE('',(#10854),#10857,.F.);
#10854 = FACE_BOUND('',#10855,.T.);
#10855 = EDGE_LOOP('',(#10856));
#10856 = ORIENTED_EDGE('',*,*,#10139,.F.);
#10857 = PLANE('',#10858);
#10858 = AXIS2_PLACEMENT_3D('',#10859,#10860,#10861);
#10859 = CARTESIAN_POINT('',(-0.483648457443,1.133648457443,1.55));
#10860 = DIRECTION('',(0.,0.,-1.));
#10861 = DIRECTION('',(1.110223024625E-16,-1.,0.));
#10862 = ( GEOMETRIC_REPRESENTATION_CONTEXT(3) 
GLOBAL_UNCERTAINTY_ASSIGNED_CONTEXT((#10866)) 
GLOBAL_UNIT_ASSIGNED_CONTEXT((#10863,#10864,#10865)) 
REPRESENTATION_CONTEXT('Context #1',
  '3D Context with UNIT and UNCERTAINTY') );
#10863 = ( LENGTH_UNIT() NAMED_UNIT(*) SI_UNIT(.MILLI.,.METRE.) );
#10864 = ( NAMED_UNIT(*) PLANE_ANGLE_UNIT() SI_UNIT($,.RADIAN.) );
#10865 = ( NAMED_UNIT(*) SI_UNIT($,.STERADIAN.) SOLID_ANGLE_UNIT() );
#10866 = UNCERTAINTY_MEASURE_WITH_UNIT(LENGTH_MEASURE(1.E-07),#10863,
  'distance_accuracy_value','confusion accuracy');
#10867 = CONTEXT_DEPENDENT_SHAPE_REPRESENTATION(#10868,#10870);
#10868 = ( REPRESENTATION_RELATIONSHIP('','',#7792,#10) 
REPRESENTATION_RELATIONSHIP_WITH_TRANSFORMATION(#10869) 
SHAPE_REPRESENTATION_RELATIONSHIP() );
#10869 = ITEM_DEFINED_TRANSFORMATION('','',#11,#35);
#10870 = PRODUCT_DEFINITION_SHAPE('Placement','Placement of an item',
  #10871);
#10871 = NEXT_ASSEMBLY_USAGE_OCCURRENCE('6','U2','',#5,#7787,$);
#10872 = PRODUCT_RELATED_PRODUCT_CATEGORY('part',$,(#7789));
#10873 = CONTEXT_DEPENDENT_SHAPE_REPRESENTATION(#10874,#10876);
#10874 = ( REPRESENTATION_RELATIONSHIP('','',#5372,#10) 
REPRESENTATION_RELATIONSHIP_WITH_TRANSFORMATION(#10875) 
SHAPE_REPRESENTATION_RELATIONSHIP() );
#10875 = ITEM_DEFINED_TRANSFORMATION('','',#11,#39);
#10876 = PRODUCT_DEFINITION_SHAPE('Placement','Placement of an item',
  #10877);
#10877 = NEXT_ASSEMBLY_USAGE_OCCURRENCE('7','C3','',#5,#5367,$);
#10878 = CONTEXT_DEPENDENT_SHAPE_REPRESENTATION(#10879,#10881);
#10879 = ( REPRESENTATION_RELATIONSHIP('','',#76,#10) 
REPRESENTATION_RELATIONSHIP_WITH_TRANSFORMATION(#10880) 
SHAPE_REPRESENTATION_RELATIONSHIP() );
#10880 = ITEM_DEFINED_TRANSFORMATION('','',#11,#43);
#10881 = PRODUCT_DEFINITION_SHAPE('Placement','Placement of an item',
  #10882);
#10882 = NEXT_ASSEMBLY_USAGE_OCCURRENCE('8','R7','',#5,#71,$);
#10883 = CONTEXT_DEPENDENT_SHAPE_REPRESENTATION(#10884,#10886);
#10884 = ( REPRESENTATION_RELATIONSHIP('','',#5372,#10) 
REPRESENTATION_RELATIONSHIP_WITH_TRANSFORMATION(#10885) 
SHAPE_REPRESENTATION_RELATIONSHIP() );
#10885 = ITEM_DEFINED_TRANSFORMATION('','',#11,#47);
#10886 = PRODUCT_DEFINITION_SHAPE('Placement','Placement of an item',
  #10887);
#10887 = NEXT_ASSEMBLY_USAGE_OCCURRENCE('9','C5','',#5,#5367,$);
#10888 = CONTEXT_DEPENDENT_SHAPE_REPRESENTATION(#10889,#10891);
#10889 = ( REPRESENTATION_RELATIONSHIP('','',#5372,#10) 
REPRESENTATION_RELATIONSHIP_WITH_TRANSFORMATION(#10890) 
SHAPE_REPRESENTATION_RELATIONSHIP() );
#10890 = ITEM_DEFINED_TRANSFORMATION('','',#11,#51);
#10891 = PRODUCT_DEFINITION_SHAPE('Placement','Placement of an item',
  #10892);
#10892 = NEXT_ASSEMBLY_USAGE_OCCURRENCE('10','C2','',#5,#5367,$);
#10893 = SHAPE_DEFINITION_REPRESENTATION(#10894,#10900);
#10894 = PRODUCT_DEFINITION_SHAPE('','',#10895);
#10895 = PRODUCT_DEFINITION('design','',#10896,#10899);
#10896 = PRODUCT_DEFINITION_FORMATION('','',#10897);
#10897 = PRODUCT('kicad_embedded_38222028E3E54F88FE30E4AF7AF088A7',
  'kicad_embedded_38222028E3E54F88FE30E4AF7AF088A7','',(#10898));
#10898 = PRODUCT_CONTEXT('',#2,'mechanical');
#10899 = PRODUCT_DEFINITION_CONTEXT('part definition',#2,'design');
#10900 = SHAPE_REPRESENTATION('',(#11,#10901,#10989,#11077,#11165,#11327
    ,#11489,#13038,#13126,#13613),#13775);
#10901 = MANIFOLD_SOLID_BREP('',#10902);
#10902 = CLOSED_SHELL('',(#10903,#10945,#10969,#10979));
#10903 = ADVANCED_FACE('',(#10904),#10940,.T.);
#10904 = FACE_BOUND('',#10905,.T.);
#10905 = EDGE_LOOP('',(#10906,#10917,#10925,#10934));
#10906 = ORIENTED_EDGE('',*,*,#10907,.F.);
#10907 = EDGE_CURVE('',#10908,#10910,#10912,.T.);
#10908 = VERTEX_POINT('',#10909);
#10909 = CARTESIAN_POINT('',(0.159099025767,-6.4,2.760900974233));
#10910 = VERTEX_POINT('',#10911);
#10911 = CARTESIAN_POINT('',(-0.159099025767,-6.4,3.079099025767));
#10912 = CIRCLE('',#10913,0.225);
#10913 = AXIS2_PLACEMENT_3D('',#10914,#10915,#10916);
#10914 = CARTESIAN_POINT('',(1.040834085586E-14,-6.4,2.92));
#10915 = DIRECTION('',(0.,-1.,0.));
#10916 = DIRECTION('',(0.707106781187,0.,-0.707106781187));
#10917 = ORIENTED_EDGE('',*,*,#10918,.T.);
#10918 = EDGE_CURVE('',#10908,#10919,#10921,.T.);
#10919 = VERTEX_POINT('',#10920);
#10920 = CARTESIAN_POINT('',(0.159099025767,0.1,2.760900974233));
#10921 = LINE('',#10922,#10923);
#10922 = CARTESIAN_POINT('',(0.159099025767,-6.4,2.760900974233));
#10923 = VECTOR('',#10924,1.);
#10924 = DIRECTION('',(0.,1.,0.));
#10925 = ORIENTED_EDGE('',*,*,#10926,.T.);
#10926 = EDGE_CURVE('',#10919,#10927,#10929,.T.);
#10927 = VERTEX_POINT('',#10928);
#10928 = CARTESIAN_POINT('',(-0.159099025767,0.1,3.079099025767));
#10929 = CIRCLE('',#10930,0.225);
#10930 = AXIS2_PLACEMENT_3D('',#10931,#10932,#10933);
#10931 = CARTESIAN_POINT('',(1.040834085586E-14,0.1,2.92));
#10932 = DIRECTION('',(0.,-1.,0.));
#10933 = DIRECTION('',(0.707106781187,0.,-0.707106781187));
#10934 = ORIENTED_EDGE('',*,*,#10935,.F.);
#10935 = EDGE_CURVE('',#10910,#10927,#10936,.T.);
#10936 = LINE('',#10937,#10938);
#10937 = CARTESIAN_POINT('',(-0.159099025767,-6.4,3.079099025767));
#10938 = VECTOR('',#10939,1.);
#10939 = DIRECTION('',(0.,1.,0.));
#10940 = CYLINDRICAL_SURFACE('',#10941,0.225);
#10941 = AXIS2_PLACEMENT_3D('',#10942,#10943,#10944);
#10942 = CARTESIAN_POINT('',(1.040834085586E-14,-6.4,2.92));
#10943 = DIRECTION('',(0.,1.,0.));
#10944 = DIRECTION('',(-0.707106781187,0.,0.707106781187));
#10945 = ADVANCED_FACE('',(#10946),#10964,.T.);
#10946 = FACE_BOUND('',#10947,.T.);
#10947 = EDGE_LOOP('',(#10948,#10949,#10956,#10957));
#10948 = ORIENTED_EDGE('',*,*,#10918,.F.);
#10949 = ORIENTED_EDGE('',*,*,#10950,.F.);
#10950 = EDGE_CURVE('',#10910,#10908,#10951,.T.);
#10951 = CIRCLE('',#10952,0.225);
#10952 = AXIS2_PLACEMENT_3D('',#10953,#10954,#10955);
#10953 = CARTESIAN_POINT('',(1.040834085586E-14,-6.4,2.92));
#10954 = DIRECTION('',(0.,-1.,0.));
#10955 = DIRECTION('',(0.707106781187,0.,-0.707106781187));
#10956 = ORIENTED_EDGE('',*,*,#10935,.T.);
#10957 = ORIENTED_EDGE('',*,*,#10958,.T.);
#10958 = EDGE_CURVE('',#10927,#10919,#10959,.T.);
#10959 = CIRCLE('',#10960,0.225);
#10960 = AXIS2_PLACEMENT_3D('',#10961,#10962,#10963);
#10961 = CARTESIAN_POINT('',(1.040834085586E-14,0.1,2.92));
#10962 = DIRECTION('',(0.,-1.,0.));
#10963 = DIRECTION('',(0.707106781187,0.,-0.707106781187));
#10964 = CYLINDRICAL_SURFACE('',#10965,0.225);
#10965 = AXIS2_PLACEMENT_3D('',#10966,#10967,#10968);
#10966 = CARTESIAN_POINT('',(1.040834085586E-14,-6.4,2.92));
#10967 = DIRECTION('',(0.,1.,0.));
#10968 = DIRECTION('',(-0.707106781187,0.,0.707106781187));
#10969 = ADVANCED_FACE('',(#10970),#10974,.T.);
#10970 = FACE_BOUND('',#10971,.T.);
#10971 = EDGE_LOOP('',(#10972,#10973));
#10972 = ORIENTED_EDGE('',*,*,#10950,.T.);
#10973 = ORIENTED_EDGE('',*,*,#10907,.T.);
#10974 = PLANE('',#10975);
#10975 = AXIS2_PLACEMENT_3D('',#10976,#10977,#10978);
#10976 = CARTESIAN_POINT('',(1.040834085586E-14,-6.4,2.92));
#10977 = DIRECTION('',(0.,-1.,0.));
#10978 = DIRECTION('',(0.707106781187,0.,-0.707106781187));
#10979 = ADVANCED_FACE('',(#10980),#10984,.F.);
#10980 = FACE_BOUND('',#10981,.T.);
#10981 = EDGE_LOOP('',(#10982,#10983));
#10982 = ORIENTED_EDGE('',*,*,#10958,.F.);
#10983 = ORIENTED_EDGE('',*,*,#10926,.F.);
#10984 = PLANE('',#10985);
#10985 = AXIS2_PLACEMENT_3D('',#10986,#10987,#10988);
#10986 = CARTESIAN_POINT('',(1.040834085586E-14,0.1,2.92));
#10987 = DIRECTION('',(0.,-1.,0.));
#10988 = DIRECTION('',(0.707106781187,0.,-0.707106781187));
#10989 = MANIFOLD_SOLID_BREP('',#10990);
#10990 = CLOSED_SHELL('',(#10991,#11033,#11057,#11067));
#10991 = ADVANCED_FACE('',(#10992),#11028,.T.);
#10992 = FACE_BOUND('',#10993,.T.);
#10993 = EDGE_LOOP('',(#10994,#11005,#11013,#11022));
#10994 = ORIENTED_EDGE('',*,*,#10995,.F.);
#10995 = EDGE_CURVE('',#10996,#10998,#11000,.T.);
#10996 = VERTEX_POINT('',#10997);
#10997 = CARTESIAN_POINT('',(0.159099025767,-6.4,-3.079099025767));
#10998 = VERTEX_POINT('',#10999);
#10999 = CARTESIAN_POINT('',(-0.159099025767,-6.4,-2.760900974233));
#11000 = CIRCLE('',#11001,0.225);
#11001 = AXIS2_PLACEMENT_3D('',#11002,#11003,#11004);
#11002 = CARTESIAN_POINT('',(-1.040834085586E-14,-6.4,-2.92));
#11003 = DIRECTION('',(0.,-1.,0.));
#11004 = DIRECTION('',(0.707106781187,0.,-0.707106781187));
#11005 = ORIENTED_EDGE('',*,*,#11006,.T.);
#11006 = EDGE_CURVE('',#10996,#11007,#11009,.T.);
#11007 = VERTEX_POINT('',#11008);
#11008 = CARTESIAN_POINT('',(0.159099025767,0.1,-3.079099025767));
#11009 = LINE('',#11010,#11011);
#11010 = CARTESIAN_POINT('',(0.159099025767,-6.4,-3.079099025767));
#11011 = VECTOR('',#11012,1.);
#11012 = DIRECTION('',(0.,1.,0.));
#11013 = ORIENTED_EDGE('',*,*,#11014,.T.);
#11014 = EDGE_CURVE('',#11007,#11015,#11017,.T.);
#11015 = VERTEX_POINT('',#11016);
#11016 = CARTESIAN_POINT('',(-0.159099025767,0.1,-2.760900974233));
#11017 = CIRCLE('',#11018,0.225);
#11018 = AXIS2_PLACEMENT_3D('',#11019,#11020,#11021);
#11019 = CARTESIAN_POINT('',(-1.040834085586E-14,0.1,-2.92));
#11020 = DIRECTION('',(0.,-1.,0.));
#11021 = DIRECTION('',(0.707106781187,0.,-0.707106781187));
#11022 = ORIENTED_EDGE('',*,*,#11023,.F.);
#11023 = EDGE_CURVE('',#10998,#11015,#11024,.T.);
#11024 = LINE('',#11025,#11026);
#11025 = CARTESIAN_POINT('',(-0.159099025767,-6.4,-2.760900974233));
#11026 = VECTOR('',#11027,1.);
#11027 = DIRECTION('',(0.,1.,0.));
#11028 = CYLINDRICAL_SURFACE('',#11029,0.225);
#11029 = AXIS2_PLACEMENT_3D('',#11030,#11031,#11032);
#11030 = CARTESIAN_POINT('',(-1.040834085586E-14,-6.4,-2.92));
#11031 = DIRECTION('',(0.,1.,0.));
#11032 = DIRECTION('',(-0.707106781187,0.,0.707106781187));
#11033 = ADVANCED_FACE('',(#11034),#11052,.T.);
#11034 = FACE_BOUND('',#11035,.T.);
#11035 = EDGE_LOOP('',(#11036,#11037,#11044,#11045));
#11036 = ORIENTED_EDGE('',*,*,#11006,.F.);
#11037 = ORIENTED_EDGE('',*,*,#11038,.F.);
#11038 = EDGE_CURVE('',#10998,#10996,#11039,.T.);
#11039 = CIRCLE('',#11040,0.225);
#11040 = AXIS2_PLACEMENT_3D('',#11041,#11042,#11043);
#11041 = CARTESIAN_POINT('',(-1.040834085586E-14,-6.4,-2.92));
#11042 = DIRECTION('',(0.,-1.,0.));
#11043 = DIRECTION('',(0.707106781187,0.,-0.707106781187));
#11044 = ORIENTED_EDGE('',*,*,#11023,.T.);
#11045 = ORIENTED_EDGE('',*,*,#11046,.T.);
#11046 = EDGE_CURVE('',#11015,#11007,#11047,.T.);
#11047 = CIRCLE('',#11048,0.225);
#11048 = AXIS2_PLACEMENT_3D('',#11049,#11050,#11051);
#11049 = CARTESIAN_POINT('',(-1.040834085586E-14,0.1,-2.92));
#11050 = DIRECTION('',(0.,-1.,0.));
#11051 = DIRECTION('',(0.707106781187,0.,-0.707106781187));
#11052 = CYLINDRICAL_SURFACE('',#11053,0.225);
#11053 = AXIS2_PLACEMENT_3D('',#11054,#11055,#11056);
#11054 = CARTESIAN_POINT('',(-1.040834085586E-14,-6.4,-2.92));
#11055 = DIRECTION('',(0.,1.,0.));
#11056 = DIRECTION('',(-0.707106781187,0.,0.707106781187));
#11057 = ADVANCED_FACE('',(#11058),#11062,.T.);
#11058 = FACE_BOUND('',#11059,.T.);
#11059 = EDGE_LOOP('',(#11060,#11061));
#11060 = ORIENTED_EDGE('',*,*,#11038,.T.);
#11061 = ORIENTED_EDGE('',*,*,#10995,.T.);
#11062 = PLANE('',#11063);
#11063 = AXIS2_PLACEMENT_3D('',#11064,#11065,#11066);
#11064 = CARTESIAN_POINT('',(-1.040834085586E-14,-6.4,-2.92));
#11065 = DIRECTION('',(0.,-1.,0.));
#11066 = DIRECTION('',(0.707106781187,0.,-0.707106781187));
#11067 = ADVANCED_FACE('',(#11068),#11072,.F.);
#11068 = FACE_BOUND('',#11069,.T.);
#11069 = EDGE_LOOP('',(#11070,#11071));
#11070 = ORIENTED_EDGE('',*,*,#11046,.F.);
#11071 = ORIENTED_EDGE('',*,*,#11014,.F.);
#11072 = PLANE('',#11073);
#11073 = AXIS2_PLACEMENT_3D('',#11074,#11075,#11076);
#11074 = CARTESIAN_POINT('',(-1.040834085586E-14,0.1,-2.92));
#11075 = DIRECTION('',(0.,-1.,0.));
#11076 = DIRECTION('',(0.707106781187,0.,-0.707106781187));
#11077 = MANIFOLD_SOLID_BREP('',#11078);
#11078 = CLOSED_SHELL('',(#11079,#11121,#11145,#11155));
#11079 = ADVANCED_FACE('',(#11080),#11116,.T.);
#11080 = FACE_BOUND('',#11081,.T.);
#11081 = EDGE_LOOP('',(#11082,#11093,#11101,#11110));
#11082 = ORIENTED_EDGE('',*,*,#11083,.F.);
#11083 = EDGE_CURVE('',#11084,#11086,#11088,.T.);
#11084 = VERTEX_POINT('',#11085);
#11085 = CARTESIAN_POINT('',(-1.905652775298,-6.4,-2.223850826832));
#11086 = VERTEX_POINT('',#11087);
#11087 = CARTESIAN_POINT('',(-2.223850826832,-6.4,-1.905652775298));
#11088 = CIRCLE('',#11089,0.225);
#11089 = AXIS2_PLACEMENT_3D('',#11090,#11091,#11092);
#11090 = CARTESIAN_POINT('',(-2.064751801065,-6.4,-2.064751801065));
#11091 = DIRECTION('',(0.,-1.,0.));
#11092 = DIRECTION('',(0.707106781187,0.,-0.707106781187));
#11093 = ORIENTED_EDGE('',*,*,#11094,.T.);
#11094 = EDGE_CURVE('',#11084,#11095,#11097,.T.);
#11095 = VERTEX_POINT('',#11096);
#11096 = CARTESIAN_POINT('',(-1.905652775298,0.1,-2.223850826832));
#11097 = LINE('',#11098,#11099);
#11098 = CARTESIAN_POINT('',(-1.905652775298,-6.4,-2.223850826832));
#11099 = VECTOR('',#11100,1.);
#11100 = DIRECTION('',(0.,1.,0.));
#11101 = ORIENTED_EDGE('',*,*,#11102,.T.);
#11102 = EDGE_CURVE('',#11095,#11103,#11105,.T.);
#11103 = VERTEX_POINT('',#11104);
#11104 = CARTESIAN_POINT('',(-2.223850826832,0.1,-1.905652775298));
#11105 = CIRCLE('',#11106,0.225);
#11106 = AXIS2_PLACEMENT_3D('',#11107,#11108,#11109);
#11107 = CARTESIAN_POINT('',(-2.064751801065,0.1,-2.064751801065));
#11108 = DIRECTION('',(0.,-1.,0.));
#11109 = DIRECTION('',(0.707106781187,0.,-0.707106781187));
#11110 = ORIENTED_EDGE('',*,*,#11111,.F.);
#11111 = EDGE_CURVE('',#11086,#11103,#11112,.T.);
#11112 = LINE('',#11113,#11114);
#11113 = CARTESIAN_POINT('',(-2.223850826832,-6.4,-1.905652775298));
#11114 = VECTOR('',#11115,1.);
#11115 = DIRECTION('',(0.,1.,0.));
#11116 = CYLINDRICAL_SURFACE('',#11117,0.225);
#11117 = AXIS2_PLACEMENT_3D('',#11118,#11119,#11120);
#11118 = CARTESIAN_POINT('',(-2.064751801065,-6.4,-2.064751801065));
#11119 = DIRECTION('',(0.,1.,0.));
#11120 = DIRECTION('',(-0.707106781187,0.,0.707106781187));
#11121 = ADVANCED_FACE('',(#11122),#11140,.T.);
#11122 = FACE_BOUND('',#11123,.T.);
#11123 = EDGE_LOOP('',(#11124,#11125,#11132,#11133));
#11124 = ORIENTED_EDGE('',*,*,#11094,.F.);
#11125 = ORIENTED_EDGE('',*,*,#11126,.F.);
#11126 = EDGE_CURVE('',#11086,#11084,#11127,.T.);
#11127 = CIRCLE('',#11128,0.225);
#11128 = AXIS2_PLACEMENT_3D('',#11129,#11130,#11131);
#11129 = CARTESIAN_POINT('',(-2.064751801065,-6.4,-2.064751801065));
#11130 = DIRECTION('',(0.,-1.,0.));
#11131 = DIRECTION('',(0.707106781187,0.,-0.707106781187));
#11132 = ORIENTED_EDGE('',*,*,#11111,.T.);
#11133 = ORIENTED_EDGE('',*,*,#11134,.T.);
#11134 = EDGE_CURVE('',#11103,#11095,#11135,.T.);
#11135 = CIRCLE('',#11136,0.225);
#11136 = AXIS2_PLACEMENT_3D('',#11137,#11138,#11139);
#11137 = CARTESIAN_POINT('',(-2.064751801065,0.1,-2.064751801065));
#11138 = DIRECTION('',(0.,-1.,0.));
#11139 = DIRECTION('',(0.707106781187,0.,-0.707106781187));
#11140 = CYLINDRICAL_SURFACE('',#11141,0.225);
#11141 = AXIS2_PLACEMENT_3D('',#11142,#11143,#11144);
#11142 = CARTESIAN_POINT('',(-2.064751801065,-6.4,-2.064751801065));
#11143 = DIRECTION('',(0.,1.,0.));
#11144 = DIRECTION('',(-0.707106781187,0.,0.707106781187));
#11145 = ADVANCED_FACE('',(#11146),#11150,.T.);
#11146 = FACE_BOUND('',#11147,.T.);
#11147 = EDGE_LOOP('',(#11148,#11149));
#11148 = ORIENTED_EDGE('',*,*,#11126,.T.);
#11149 = ORIENTED_EDGE('',*,*,#11083,.T.);
#11150 = PLANE('',#11151);
#11151 = AXIS2_PLACEMENT_3D('',#11152,#11153,#11154);
#11152 = CARTESIAN_POINT('',(-2.064751801065,-6.4,-2.064751801065));
#11153 = DIRECTION('',(0.,-1.,0.));
#11154 = DIRECTION('',(0.707106781187,0.,-0.707106781187));
#11155 = ADVANCED_FACE('',(#11156),#11160,.F.);
#11156 = FACE_BOUND('',#11157,.T.);
#11157 = EDGE_LOOP('',(#11158,#11159));
#11158 = ORIENTED_EDGE('',*,*,#11134,.F.);
#11159 = ORIENTED_EDGE('',*,*,#11102,.F.);
#11160 = PLANE('',#11161);
#11161 = AXIS2_PLACEMENT_3D('',#11162,#11163,#11164);
#11162 = CARTESIAN_POINT('',(-2.064751801065,0.1,-2.064751801065));
#11163 = DIRECTION('',(0.,-1.,0.));
#11164 = DIRECTION('',(0.707106781187,0.,-0.707106781187));
#11165 = MANIFOLD_SOLID_BREP('',#11166);
#11166 = CLOSED_SHELL('',(#11167,#11209,#11251,#11277,#11303,#11315));
#11167 = ADVANCED_FACE('',(#11168),#11204,.T.);
#11168 = FACE_BOUND('',#11169,.T.);
#11169 = EDGE_LOOP('',(#11170,#11181,#11189,#11198));
#11170 = ORIENTED_EDGE('',*,*,#11171,.F.);
#11171 = EDGE_CURVE('',#11172,#11174,#11176,.T.);
#11172 = VERTEX_POINT('',#11173);
#11173 = CARTESIAN_POINT('',(-1.791246490739,0.,-2.33825711139));
#11174 = VERTEX_POINT('',#11175);
#11175 = CARTESIAN_POINT('',(-2.33825711139,0.,-1.791246490739));
#11176 = CIRCLE('',#11177,0.386794919243);
#11177 = AXIS2_PLACEMENT_3D('',#11178,#11179,#11180);
#11178 = CARTESIAN_POINT('',(-2.064751801065,0.,-2.064751801065));
#11179 = DIRECTION('',(0.,-1.,0.));
#11180 = DIRECTION('',(0.707106781187,0.,-0.707106781187));
#11181 = ORIENTED_EDGE('',*,*,#11182,.T.);
#11182 = EDGE_CURVE('',#11172,#11183,#11185,.T.);
#11183 = VERTEX_POINT('',#11184);
#11184 = CARTESIAN_POINT('',(-1.6687720036,0.1,-2.460731598529));
#11185 = LINE('',#11186,#11187);
#11186 = CARTESIAN_POINT('',(-1.791246490739,0.,-2.33825711139));
#11187 = VECTOR('',#11188,1.);
#11188 = DIRECTION('',(0.612372435696,0.5,-0.612372435696));
#11189 = ORIENTED_EDGE('',*,*,#11190,.T.);
#11190 = EDGE_CURVE('',#11183,#11191,#11193,.T.);
#11191 = VERTEX_POINT('',#11192);
#11192 = CARTESIAN_POINT('',(-2.460731598529,0.1,-1.6687720036));
#11193 = CIRCLE('',#11194,0.56);
#11194 = AXIS2_PLACEMENT_3D('',#11195,#11196,#11197);
#11195 = CARTESIAN_POINT('',(-2.064751801065,0.1,-2.064751801065));
#11196 = DIRECTION('',(0.,-1.,0.));
#11197 = DIRECTION('',(0.707106781187,0.,-0.707106781187));
#11198 = ORIENTED_EDGE('',*,*,#11199,.F.);
#11199 = EDGE_CURVE('',#11174,#11191,#11200,.T.);
#11200 = LINE('',#11201,#11202);
#11201 = CARTESIAN_POINT('',(-2.33825711139,0.,-1.791246490739));
#11202 = VECTOR('',#11203,1.);
#11203 = DIRECTION('',(-0.612372435696,0.5,0.612372435696));
#11204 = CONICAL_SURFACE('',#11205,0.386794919243,1.047197551197);
#11205 = AXIS2_PLACEMENT_3D('',#11206,#11207,#11208);
#11206 = CARTESIAN_POINT('',(-2.064751801065,0.,-2.064751801065));
#11207 = DIRECTION('',(0.,1.,0.));
#11208 = DIRECTION('',(-0.707106781187,0.,0.707106781187));
#11209 = ADVANCED_FACE('',(#11210),#11246,.F.);
#11210 = FACE_BOUND('',#11211,.F.);
#11211 = EDGE_LOOP('',(#11212,#11222,#11231,#11239));
#11212 = ORIENTED_EDGE('',*,*,#11213,.T.);
#11213 = EDGE_CURVE('',#11214,#11216,#11218,.T.);
#11214 = VERTEX_POINT('',#11215);
#11215 = CARTESIAN_POINT('',(-2.223850826832,0.,-1.905652775298));
#11216 = VERTEX_POINT('',#11217);
#11217 = CARTESIAN_POINT('',(-2.223850826832,0.1,-1.905652775298));
#11218 = LINE('',#11219,#11220);
#11219 = CARTESIAN_POINT('',(-2.223850826832,0.,-1.905652775298));
#11220 = VECTOR('',#11221,1.);
#11221 = DIRECTION('',(0.,1.,0.));
#11222 = ORIENTED_EDGE('',*,*,#11223,.T.);
#11223 = EDGE_CURVE('',#11216,#11224,#11226,.T.);
#11224 = VERTEX_POINT('',#11225);
#11225 = CARTESIAN_POINT('',(-1.905652775298,0.1,-2.223850826832));
#11226 = CIRCLE('',#11227,0.225);
#11227 = AXIS2_PLACEMENT_3D('',#11228,#11229,#11230);
#11228 = CARTESIAN_POINT('',(-2.064751801065,0.1,-2.064751801065));
#11229 = DIRECTION('',(0.,-1.,0.));
#11230 = DIRECTION('',(0.707106781187,0.,-0.707106781187));
#11231 = ORIENTED_EDGE('',*,*,#11232,.F.);
#11232 = EDGE_CURVE('',#11233,#11224,#11235,.T.);
#11233 = VERTEX_POINT('',#11234);
#11234 = CARTESIAN_POINT('',(-1.905652775298,0.,-2.223850826832));
#11235 = LINE('',#11236,#11237);
#11236 = CARTESIAN_POINT('',(-1.905652775298,0.,-2.223850826832));
#11237 = VECTOR('',#11238,1.);
#11238 = DIRECTION('',(0.,1.,0.));
#11239 = ORIENTED_EDGE('',*,*,#11240,.F.);
#11240 = EDGE_CURVE('',#11214,#11233,#11241,.T.);
#11241 = CIRCLE('',#11242,0.225);
#11242 = AXIS2_PLACEMENT_3D('',#11243,#11244,#11245);
#11243 = CARTESIAN_POINT('',(-2.064751801065,0.,-2.064751801065));
#11244 = DIRECTION('',(0.,-1.,0.));
#11245 = DIRECTION('',(0.707106781187,0.,-0.707106781187));
#11246 = CYLINDRICAL_SURFACE('',#11247,0.225);
#11247 = AXIS2_PLACEMENT_3D('',#11248,#11249,#11250);
#11248 = CARTESIAN_POINT('',(-2.064751801065,0.,-2.064751801065));
#11249 = DIRECTION('',(0.,1.,0.));
#11250 = DIRECTION('',(-0.707106781187,0.,0.707106781187));
#11251 = ADVANCED_FACE('',(#11252,#11262),#11272,.T.);
#11252 = FACE_BOUND('',#11253,.T.);
#11253 = EDGE_LOOP('',(#11254,#11261));
#11254 = ORIENTED_EDGE('',*,*,#11255,.T.);
#11255 = EDGE_CURVE('',#11174,#11172,#11256,.T.);
#11256 = CIRCLE('',#11257,0.386794919243);
#11257 = AXIS2_PLACEMENT_3D('',#11258,#11259,#11260);
#11258 = CARTESIAN_POINT('',(-2.064751801065,0.,-2.064751801065));
#11259 = DIRECTION('',(0.,-1.,0.));
#11260 = DIRECTION('',(0.707106781187,0.,-0.707106781187));
#11261 = ORIENTED_EDGE('',*,*,#11171,.T.);
#11262 = FACE_BOUND('',#11263,.T.);
#11263 = EDGE_LOOP('',(#11264,#11265));
#11264 = ORIENTED_EDGE('',*,*,#11240,.F.);
#11265 = ORIENTED_EDGE('',*,*,#11266,.F.);
#11266 = EDGE_CURVE('',#11233,#11214,#11267,.T.);
#11267 = CIRCLE('',#11268,0.225);
#11268 = AXIS2_PLACEMENT_3D('',#11269,#11270,#11271);
#11269 = CARTESIAN_POINT('',(-2.064751801065,0.,-2.064751801065));
#11270 = DIRECTION('',(0.,-1.,0.));
#11271 = DIRECTION('',(0.707106781187,0.,-0.707106781187));
#11272 = PLANE('',#11273);
#11273 = AXIS2_PLACEMENT_3D('',#11274,#11275,#11276);
#11274 = CARTESIAN_POINT('',(-2.064751801065,0.,-2.064751801065));
#11275 = DIRECTION('',(0.,-1.,0.));
#11276 = DIRECTION('',(0.707106781187,0.,-0.707106781187));
#11277 = ADVANCED_FACE('',(#11278,#11288),#11298,.F.);
#11278 = FACE_BOUND('',#11279,.T.);
#11279 = EDGE_LOOP('',(#11280,#11287));
#11280 = ORIENTED_EDGE('',*,*,#11281,.F.);
#11281 = EDGE_CURVE('',#11191,#11183,#11282,.T.);
#11282 = CIRCLE('',#11283,0.56);
#11283 = AXIS2_PLACEMENT_3D('',#11284,#11285,#11286);
#11284 = CARTESIAN_POINT('',(-2.064751801065,0.1,-2.064751801065));
#11285 = DIRECTION('',(0.,-1.,0.));
#11286 = DIRECTION('',(0.707106781187,0.,-0.707106781187));
#11287 = ORIENTED_EDGE('',*,*,#11190,.F.);
#11288 = FACE_BOUND('',#11289,.T.);
#11289 = EDGE_LOOP('',(#11290,#11291));
#11290 = ORIENTED_EDGE('',*,*,#11223,.T.);
#11291 = ORIENTED_EDGE('',*,*,#11292,.T.);
#11292 = EDGE_CURVE('',#11224,#11216,#11293,.T.);
#11293 = CIRCLE('',#11294,0.225);
#11294 = AXIS2_PLACEMENT_3D('',#11295,#11296,#11297);
#11295 = CARTESIAN_POINT('',(-2.064751801065,0.1,-2.064751801065));
#11296 = DIRECTION('',(0.,-1.,0.));
#11297 = DIRECTION('',(0.707106781187,0.,-0.707106781187));
#11298 = PLANE('',#11299);
#11299 = AXIS2_PLACEMENT_3D('',#11300,#11301,#11302);
#11300 = CARTESIAN_POINT('',(-2.064751801065,0.1,-2.064751801065));
#11301 = DIRECTION('',(0.,-1.,0.));
#11302 = DIRECTION('',(0.707106781187,0.,-0.707106781187));
#11303 = ADVANCED_FACE('',(#11304),#11310,.F.);
#11304 = FACE_BOUND('',#11305,.F.);
#11305 = EDGE_LOOP('',(#11306,#11307,#11308,#11309));
#11306 = ORIENTED_EDGE('',*,*,#11292,.T.);
#11307 = ORIENTED_EDGE('',*,*,#11213,.F.);
#11308 = ORIENTED_EDGE('',*,*,#11266,.F.);
#11309 = ORIENTED_EDGE('',*,*,#11232,.T.);
#11310 = CYLINDRICAL_SURFACE('',#11311,0.225);
#11311 = AXIS2_PLACEMENT_3D('',#11312,#11313,#11314);
#11312 = CARTESIAN_POINT('',(-2.064751801065,0.,-2.064751801065));
#11313 = DIRECTION('',(0.,1.,0.));
#11314 = DIRECTION('',(-0.707106781187,0.,0.707106781187));
#11315 = ADVANCED_FACE('',(#11316),#11322,.T.);
#11316 = FACE_BOUND('',#11317,.T.);
#11317 = EDGE_LOOP('',(#11318,#11319,#11320,#11321));
#11318 = ORIENTED_EDGE('',*,*,#11182,.F.);
#11319 = ORIENTED_EDGE('',*,*,#11255,.F.);
#11320 = ORIENTED_EDGE('',*,*,#11199,.T.);
#11321 = ORIENTED_EDGE('',*,*,#11281,.T.);
#11322 = CONICAL_SURFACE('',#11323,0.386794919243,1.047197551197);
#11323 = AXIS2_PLACEMENT_3D('',#11324,#11325,#11326);
#11324 = CARTESIAN_POINT('',(-2.064751801065,0.,-2.064751801065));
#11325 = DIRECTION('',(0.,1.,0.));
#11326 = DIRECTION('',(-0.707106781187,0.,0.707106781187));
#11327 = MANIFOLD_SOLID_BREP('',#11328);
#11328 = CLOSED_SHELL('',(#11329,#11371,#11413,#11439,#11465,#11477));
#11329 = ADVANCED_FACE('',(#11330),#11366,.T.);
#11330 = FACE_BOUND('',#11331,.T.);
#11331 = EDGE_LOOP('',(#11332,#11343,#11351,#11360));
#11332 = ORIENTED_EDGE('',*,*,#11333,.F.);
#11333 = EDGE_CURVE('',#11334,#11336,#11338,.T.);
#11334 = VERTEX_POINT('',#11335);
#11335 = CARTESIAN_POINT('',(0.273505310325,0.,-3.193505310325));
#11336 = VERTEX_POINT('',#11337);
#11337 = CARTESIAN_POINT('',(-0.273505310325,0.,-2.646494689675));
#11338 = CIRCLE('',#11339,0.386794919243);
#11339 = AXIS2_PLACEMENT_3D('',#11340,#11341,#11342);
#11340 = CARTESIAN_POINT('',(-1.040834085586E-14,0.,-2.92));
#11341 = DIRECTION('',(0.,-1.,0.));
#11342 = DIRECTION('',(0.707106781187,0.,-0.707106781187));
#11343 = ORIENTED_EDGE('',*,*,#11344,.T.);
#11344 = EDGE_CURVE('',#11334,#11345,#11347,.T.);
#11345 = VERTEX_POINT('',#11346);
#11346 = CARTESIAN_POINT('',(0.395979797464,0.1,-3.315979797464));
#11347 = LINE('',#11348,#11349);
#11348 = CARTESIAN_POINT('',(0.273505310325,0.,-3.193505310325));
#11349 = VECTOR('',#11350,1.);
#11350 = DIRECTION('',(0.612372435696,0.5,-0.612372435696));
#11351 = ORIENTED_EDGE('',*,*,#11352,.T.);
#11352 = EDGE_CURVE('',#11345,#11353,#11355,.T.);
#11353 = VERTEX_POINT('',#11354);
#11354 = CARTESIAN_POINT('',(-0.395979797464,0.1,-2.524020202536));
#11355 = CIRCLE('',#11356,0.56);
#11356 = AXIS2_PLACEMENT_3D('',#11357,#11358,#11359);
#11357 = CARTESIAN_POINT('',(-1.040834085586E-14,0.1,-2.92));
#11358 = DIRECTION('',(0.,-1.,0.));
#11359 = DIRECTION('',(0.707106781187,0.,-0.707106781187));
#11360 = ORIENTED_EDGE('',*,*,#11361,.F.);
#11361 = EDGE_CURVE('',#11336,#11353,#11362,.T.);
#11362 = LINE('',#11363,#11364);
#11363 = CARTESIAN_POINT('',(-0.273505310325,0.,-2.646494689675));
#11364 = VECTOR('',#11365,1.);
#11365 = DIRECTION('',(-0.612372435696,0.5,0.612372435696));
#11366 = CONICAL_SURFACE('',#11367,0.386794919243,1.047197551197);
#11367 = AXIS2_PLACEMENT_3D('',#11368,#11369,#11370);
#11368 = CARTESIAN_POINT('',(-1.040834085586E-14,0.,-2.92));
#11369 = DIRECTION('',(0.,1.,0.));
#11370 = DIRECTION('',(-0.707106781187,0.,0.707106781187));
#11371 = ADVANCED_FACE('',(#11372),#11408,.F.);
#11372 = FACE_BOUND('',#11373,.F.);
#11373 = EDGE_LOOP('',(#11374,#11384,#11393,#11401));
#11374 = ORIENTED_EDGE('',*,*,#11375,.T.);
#11375 = EDGE_CURVE('',#11376,#11378,#11380,.T.);
#11376 = VERTEX_POINT('',#11377);
#11377 = CARTESIAN_POINT('',(-0.159099025767,0.,-2.760900974233));
#11378 = VERTEX_POINT('',#11379);
#11379 = CARTESIAN_POINT('',(-0.159099025767,0.1,-2.760900974233));
#11380 = LINE('',#11381,#11382);
#11381 = CARTESIAN_POINT('',(-0.159099025767,0.,-2.760900974233));
#11382 = VECTOR('',#11383,1.);
#11383 = DIRECTION('',(0.,1.,0.));
#11384 = ORIENTED_EDGE('',*,*,#11385,.T.);
#11385 = EDGE_CURVE('',#11378,#11386,#11388,.T.);
#11386 = VERTEX_POINT('',#11387);
#11387 = CARTESIAN_POINT('',(0.159099025767,0.1,-3.079099025767));
#11388 = CIRCLE('',#11389,0.225);
#11389 = AXIS2_PLACEMENT_3D('',#11390,#11391,#11392);
#11390 = CARTESIAN_POINT('',(-1.040834085586E-14,0.1,-2.92));
#11391 = DIRECTION('',(0.,-1.,0.));
#11392 = DIRECTION('',(0.707106781187,0.,-0.707106781187));
#11393 = ORIENTED_EDGE('',*,*,#11394,.F.);
#11394 = EDGE_CURVE('',#11395,#11386,#11397,.T.);
#11395 = VERTEX_POINT('',#11396);
#11396 = CARTESIAN_POINT('',(0.159099025767,0.,-3.079099025767));
#11397 = LINE('',#11398,#11399);
#11398 = CARTESIAN_POINT('',(0.159099025767,0.,-3.079099025767));
#11399 = VECTOR('',#11400,1.);
#11400 = DIRECTION('',(0.,1.,0.));
#11401 = ORIENTED_EDGE('',*,*,#11402,.F.);
#11402 = EDGE_CURVE('',#11376,#11395,#11403,.T.);
#11403 = CIRCLE('',#11404,0.225);
#11404 = AXIS2_PLACEMENT_3D('',#11405,#11406,#11407);
#11405 = CARTESIAN_POINT('',(-1.040834085586E-14,0.,-2.92));
#11406 = DIRECTION('',(0.,-1.,0.));
#11407 = DIRECTION('',(0.707106781187,0.,-0.707106781187));
#11408 = CYLINDRICAL_SURFACE('',#11409,0.225);
#11409 = AXIS2_PLACEMENT_3D('',#11410,#11411,#11412);
#11410 = CARTESIAN_POINT('',(-1.040834085586E-14,0.,-2.92));
#11411 = DIRECTION('',(0.,1.,0.));
#11412 = DIRECTION('',(-0.707106781187,0.,0.707106781187));
#11413 = ADVANCED_FACE('',(#11414,#11424),#11434,.T.);
#11414 = FACE_BOUND('',#11415,.T.);
#11415 = EDGE_LOOP('',(#11416,#11423));
#11416 = ORIENTED_EDGE('',*,*,#11417,.T.);
#11417 = EDGE_CURVE('',#11336,#11334,#11418,.T.);
#11418 = CIRCLE('',#11419,0.386794919243);
#11419 = AXIS2_PLACEMENT_3D('',#11420,#11421,#11422);
#11420 = CARTESIAN_POINT('',(-1.040834085586E-14,0.,-2.92));
#11421 = DIRECTION('',(0.,-1.,0.));
#11422 = DIRECTION('',(0.707106781187,0.,-0.707106781187));
#11423 = ORIENTED_EDGE('',*,*,#11333,.T.);
#11424 = FACE_BOUND('',#11425,.T.);
#11425 = EDGE_LOOP('',(#11426,#11427));
#11426 = ORIENTED_EDGE('',*,*,#11402,.F.);
#11427 = ORIENTED_EDGE('',*,*,#11428,.F.);
#11428 = EDGE_CURVE('',#11395,#11376,#11429,.T.);
#11429 = CIRCLE('',#11430,0.225);
#11430 = AXIS2_PLACEMENT_3D('',#11431,#11432,#11433);
#11431 = CARTESIAN_POINT('',(-1.040834085586E-14,0.,-2.92));
#11432 = DIRECTION('',(0.,-1.,0.));
#11433 = DIRECTION('',(0.707106781187,0.,-0.707106781187));
#11434 = PLANE('',#11435);
#11435 = AXIS2_PLACEMENT_3D('',#11436,#11437,#11438);
#11436 = CARTESIAN_POINT('',(-1.040834085586E-14,0.,-2.92));
#11437 = DIRECTION('',(0.,-1.,0.));
#11438 = DIRECTION('',(0.707106781187,0.,-0.707106781187));
#11439 = ADVANCED_FACE('',(#11440,#11450),#11460,.F.);
#11440 = FACE_BOUND('',#11441,.T.);
#11441 = EDGE_LOOP('',(#11442,#11449));
#11442 = ORIENTED_EDGE('',*,*,#11443,.F.);
#11443 = EDGE_CURVE('',#11353,#11345,#11444,.T.);
#11444 = CIRCLE('',#11445,0.56);
#11445 = AXIS2_PLACEMENT_3D('',#11446,#11447,#11448);
#11446 = CARTESIAN_POINT('',(-1.040834085586E-14,0.1,-2.92));
#11447 = DIRECTION('',(0.,-1.,0.));
#11448 = DIRECTION('',(0.707106781187,0.,-0.707106781187));
#11449 = ORIENTED_EDGE('',*,*,#11352,.F.);
#11450 = FACE_BOUND('',#11451,.T.);
#11451 = EDGE_LOOP('',(#11452,#11453));
#11452 = ORIENTED_EDGE('',*,*,#11385,.T.);
#11453 = ORIENTED_EDGE('',*,*,#11454,.T.);
#11454 = EDGE_CURVE('',#11386,#11378,#11455,.T.);
#11455 = CIRCLE('',#11456,0.225);
#11456 = AXIS2_PLACEMENT_3D('',#11457,#11458,#11459);
#11457 = CARTESIAN_POINT('',(-1.040834085586E-14,0.1,-2.92));
#11458 = DIRECTION('',(0.,-1.,0.));
#11459 = DIRECTION('',(0.707106781187,0.,-0.707106781187));
#11460 = PLANE('',#11461);
#11461 = AXIS2_PLACEMENT_3D('',#11462,#11463,#11464);
#11462 = CARTESIAN_POINT('',(-1.040834085586E-14,0.1,-2.92));
#11463 = DIRECTION('',(0.,-1.,0.));
#11464 = DIRECTION('',(0.707106781187,0.,-0.707106781187));
#11465 = ADVANCED_FACE('',(#11466),#11472,.F.);
#11466 = FACE_BOUND('',#11467,.F.);
#11467 = EDGE_LOOP('',(#11468,#11469,#11470,#11471));
#11468 = ORIENTED_EDGE('',*,*,#11454,.T.);
#11469 = ORIENTED_EDGE('',*,*,#11375,.F.);
#11470 = ORIENTED_EDGE('',*,*,#11428,.F.);
#11471 = ORIENTED_EDGE('',*,*,#11394,.T.);
#11472 = CYLINDRICAL_SURFACE('',#11473,0.225);
#11473 = AXIS2_PLACEMENT_3D('',#11474,#11475,#11476);
#11474 = CARTESIAN_POINT('',(-1.040834085586E-14,0.,-2.92));
#11475 = DIRECTION('',(0.,1.,0.));
#11476 = DIRECTION('',(-0.707106781187,0.,0.707106781187));
#11477 = ADVANCED_FACE('',(#11478),#11484,.T.);
#11478 = FACE_BOUND('',#11479,.T.);
#11479 = EDGE_LOOP('',(#11480,#11481,#11482,#11483));
#11480 = ORIENTED_EDGE('',*,*,#11344,.F.);
#11481 = ORIENTED_EDGE('',*,*,#11417,.F.);
#11482 = ORIENTED_EDGE('',*,*,#11361,.T.);
#11483 = ORIENTED_EDGE('',*,*,#11443,.T.);
#11484 = CONICAL_SURFACE('',#11485,0.386794919243,1.047197551197);
#11485 = AXIS2_PLACEMENT_3D('',#11486,#11487,#11488);
#11486 = CARTESIAN_POINT('',(-1.040834085586E-14,0.,-2.92));
#11487 = DIRECTION('',(0.,1.,0.));
#11488 = DIRECTION('',(-0.707106781187,0.,0.707106781187));
#11489 = MANIFOLD_SOLID_BREP('',#11490);
#11490 = CLOSED_SHELL('',(#11491,#11535,#11559,#11610,#11652,#11694,
    #11724,#11756,#11788,#11840,#11892,#11944,#11999,#12024,#12058,
    #12092,#12126,#12155,#12189,#12271,#12297,#12315,#12327,#12339,
    #12357,#12367,#12385,#12395,#12426,#12654,#12869,#13026));
#11491 = ADVANCED_FACE('',(#11492),#11530,.F.);
#11492 = FACE_BOUND('',#11493,.F.);
#11493 = EDGE_LOOP('',(#11494,#11505,#11514,#11523));
#11494 = ORIENTED_EDGE('',*,*,#11495,.T.);
#11495 = EDGE_CURVE('',#11496,#11498,#11500,.T.);
#11496 = VERTEX_POINT('',#11497);
#11497 = CARTESIAN_POINT('',(-3.288046532517,10.79,3.288046532517));
#11498 = VERTEX_POINT('',#11499);
#11499 = CARTESIAN_POINT('',(3.288046532517,10.79,-3.288046532517));
#11500 = CIRCLE('',#11501,4.65);
#11501 = AXIS2_PLACEMENT_3D('',#11502,#11503,#11504);
#11502 = CARTESIAN_POINT('',(0.,10.79,0.));
#11503 = DIRECTION('',(0.,1.,0.));
#11504 = DIRECTION('',(-0.707106781187,0.,0.707106781187));
#11505 = ORIENTED_EDGE('',*,*,#11506,.T.);
#11506 = EDGE_CURVE('',#11498,#11507,#11509,.T.);
#11507 = VERTEX_POINT('',#11508);
#11508 = CARTESIAN_POINT('',(2.906208870677,10.07,-2.906208870677));
#11509 = CIRCLE('',#11510,0.75);
#11510 = AXIS2_PLACEMENT_3D('',#11511,#11512,#11513);
#11511 = CARTESIAN_POINT('',(3.436538956567,10.07,-3.436538956567));
#11512 = DIRECTION('',(0.707106781187,-0.,0.707106781187));
#11513 = DIRECTION('',(0.707106781187,0.,-0.707106781187));
#11514 = ORIENTED_EDGE('',*,*,#11515,.F.);
#11515 = EDGE_CURVE('',#11516,#11507,#11518,.T.);
#11516 = VERTEX_POINT('',#11517);
#11517 = CARTESIAN_POINT('',(-2.906208870677,10.07,2.906208870677));
#11518 = CIRCLE('',#11519,4.11);
#11519 = AXIS2_PLACEMENT_3D('',#11520,#11521,#11522);
#11520 = CARTESIAN_POINT('',(0.,10.07,0.));
#11521 = DIRECTION('',(0.,1.,0.));
#11522 = DIRECTION('',(0.,-0.,1.));
#11523 = ORIENTED_EDGE('',*,*,#11524,.F.);
#11524 = EDGE_CURVE('',#11496,#11516,#11525,.T.);
#11525 = CIRCLE('',#11526,0.75);
#11526 = AXIS2_PLACEMENT_3D('',#11527,#11528,#11529);
#11527 = CARTESIAN_POINT('',(-3.436538956567,10.07,3.436538956567));
#11528 = DIRECTION('',(-0.707106781187,0.,-0.707106781187));
#11529 = DIRECTION('',(-0.707106781187,0.,0.707106781187));
#11530 = TOROIDAL_SURFACE('',#11531,4.86,0.75);
#11531 = AXIS2_PLACEMENT_3D('',#11532,#11533,#11534);
#11532 = CARTESIAN_POINT('',(0.,10.07,0.));
#11533 = DIRECTION('',(0.,1.,0.));
#11534 = DIRECTION('',(-0.707106781187,0.,0.707106781187));
#11535 = ADVANCED_FACE('',(#11536),#11554,.F.);
#11536 = FACE_BOUND('',#11537,.F.);
#11537 = EDGE_LOOP('',(#11538,#11545,#11546,#11553));
#11538 = ORIENTED_EDGE('',*,*,#11539,.T.);
#11539 = EDGE_CURVE('',#11498,#11496,#11540,.T.);
#11540 = CIRCLE('',#11541,4.65);
#11541 = AXIS2_PLACEMENT_3D('',#11542,#11543,#11544);
#11542 = CARTESIAN_POINT('',(0.,10.79,0.));
#11543 = DIRECTION('',(0.,1.,0.));
#11544 = DIRECTION('',(-0.707106781187,0.,0.707106781187));
#11545 = ORIENTED_EDGE('',*,*,#11524,.T.);
#11546 = ORIENTED_EDGE('',*,*,#11547,.F.);
#11547 = EDGE_CURVE('',#11507,#11516,#11548,.T.);
#11548 = CIRCLE('',#11549,4.11);
#11549 = AXIS2_PLACEMENT_3D('',#11550,#11551,#11552);
#11550 = CARTESIAN_POINT('',(0.,10.07,0.));
#11551 = DIRECTION('',(0.,1.,0.));
#11552 = DIRECTION('',(0.,-0.,1.));
#11553 = ORIENTED_EDGE('',*,*,#11506,.F.);
#11554 = TOROIDAL_SURFACE('',#11555,4.86,0.75);
#11555 = AXIS2_PLACEMENT_3D('',#11556,#11557,#11558);
#11556 = CARTESIAN_POINT('',(0.,10.07,0.));
#11557 = DIRECTION('',(0.,1.,0.));
#11558 = DIRECTION('',(-0.707106781187,0.,0.707106781187));
#11559 = ADVANCED_FACE('',(#11560),#11605,.F.);
#11560 = FACE_BOUND('',#11561,.F.);
#11561 = EDGE_LOOP('',(#11562,#11573,#11581,#11590,#11598));
#11562 = ORIENTED_EDGE('',*,*,#11563,.T.);
#11563 = EDGE_CURVE('',#11564,#11566,#11568,.T.);
#11564 = VERTEX_POINT('',#11565);
#11565 = CARTESIAN_POINT('',(-1.767766952966,11.15,-1.767766952966));
#11566 = VERTEX_POINT('',#11567);
#11567 = CARTESIAN_POINT('',(-1.767766952966,11.15,1.767766952966));
#11568 = CIRCLE('',#11569,2.5);
#11569 = AXIS2_PLACEMENT_3D('',#11570,#11571,#11572);
#11570 = CARTESIAN_POINT('',(0.,11.15,0.));
#11571 = DIRECTION('',(0.,1.,0.));
#11572 = DIRECTION('',(-0.707106781187,0.,0.707106781187));
#11573 = ORIENTED_EDGE('',*,*,#11574,.T.);
#11574 = EDGE_CURVE('',#11566,#11575,#11577,.T.);
#11575 = VERTEX_POINT('',#11576);
#11576 = CARTESIAN_POINT('',(-2.12132034356,11.65,2.12132034356));
#11577 = LINE('',#11578,#11579);
#11578 = CARTESIAN_POINT('',(-1.767766952966,11.15,1.767766952966));
#11579 = VECTOR('',#11580,1.);
#11580 = DIRECTION('',(-0.5,0.707106781187,0.5));
#11581 = ORIENTED_EDGE('',*,*,#11582,.T.);
#11582 = EDGE_CURVE('',#11575,#11583,#11585,.T.);
#11583 = VERTEX_POINT('',#11584);
#11584 = CARTESIAN_POINT('',(2.12132034356,11.65,-2.12132034356));
#11585 = CIRCLE('',#11586,3.);
#11586 = AXIS2_PLACEMENT_3D('',#11587,#11588,#11589);
#11587 = CARTESIAN_POINT('',(0.,11.65,0.));
#11588 = DIRECTION('',(-0.,-1.,0.));
#11589 = DIRECTION('',(-0.707106781187,0.,0.707106781187));
#11590 = ORIENTED_EDGE('',*,*,#11591,.F.);
#11591 = EDGE_CURVE('',#11592,#11583,#11594,.T.);
#11592 = VERTEX_POINT('',#11593);
#11593 = CARTESIAN_POINT('',(1.767766952966,11.15,-1.767766952966));
#11594 = LINE('',#11595,#11596);
#11595 = CARTESIAN_POINT('',(1.767766952966,11.15,-1.767766952966));
#11596 = VECTOR('',#11597,1.);
#11597 = DIRECTION('',(0.5,0.707106781187,-0.5));
#11598 = ORIENTED_EDGE('',*,*,#11599,.T.);
#11599 = EDGE_CURVE('',#11592,#11564,#11600,.T.);
#11600 = CIRCLE('',#11601,2.5);
#11601 = AXIS2_PLACEMENT_3D('',#11602,#11603,#11604);
#11602 = CARTESIAN_POINT('',(0.,11.15,0.));
#11603 = DIRECTION('',(0.,1.,0.));
#11604 = DIRECTION('',(-0.707106781187,0.,0.707106781187));
#11605 = CONICAL_SURFACE('',#11606,2.5,0.785398163397);
#11606 = AXIS2_PLACEMENT_3D('',#11607,#11608,#11609);
#11607 = CARTESIAN_POINT('',(0.,11.15,0.));
#11608 = DIRECTION('',(0.,1.,0.));
#11609 = DIRECTION('',(-0.707106781187,0.,0.707106781187));
#11610 = ADVANCED_FACE('',(#11611),#11647,.F.);
#11611 = FACE_BOUND('',#11612,.F.);
#11612 = EDGE_LOOP('',(#11613,#11623,#11632,#11640));
#11613 = ORIENTED_EDGE('',*,*,#11614,.T.);
#11614 = EDGE_CURVE('',#11615,#11617,#11619,.T.);
#11615 = VERTEX_POINT('',#11616);
#11616 = CARTESIAN_POINT('',(-1.378858223314,6.65,1.378858223314));
#11617 = VERTEX_POINT('',#11618);
#11618 = CARTESIAN_POINT('',(-1.378858223314,7.65,1.378858223314));
#11619 = LINE('',#11620,#11621);
#11620 = CARTESIAN_POINT('',(-1.378858223314,6.65,1.378858223314));
#11621 = VECTOR('',#11622,1.);
#11622 = DIRECTION('',(0.,1.,0.));
#11623 = ORIENTED_EDGE('',*,*,#11624,.F.);
#11624 = EDGE_CURVE('',#11625,#11617,#11627,.T.);
#11625 = VERTEX_POINT('',#11626);
#11626 = CARTESIAN_POINT('',(1.378858223314,7.65,-1.378858223314));
#11627 = CIRCLE('',#11628,1.95);
#11628 = AXIS2_PLACEMENT_3D('',#11629,#11630,#11631);
#11629 = CARTESIAN_POINT('',(0.,7.65,0.));
#11630 = DIRECTION('',(0.,1.,0.));
#11631 = DIRECTION('',(-0.707106781187,0.,0.707106781187));
#11632 = ORIENTED_EDGE('',*,*,#11633,.F.);
#11633 = EDGE_CURVE('',#11634,#11625,#11636,.T.);
#11634 = VERTEX_POINT('',#11635);
#11635 = CARTESIAN_POINT('',(1.378858223314,6.65,-1.378858223314));
#11636 = LINE('',#11637,#11638);
#11637 = CARTESIAN_POINT('',(1.378858223314,6.65,-1.378858223314));
#11638 = VECTOR('',#11639,1.);
#11639 = DIRECTION('',(0.,1.,0.));
#11640 = ORIENTED_EDGE('',*,*,#11641,.T.);
#11641 = EDGE_CURVE('',#11634,#11615,#11642,.T.);
#11642 = CIRCLE('',#11643,1.95);
#11643 = AXIS2_PLACEMENT_3D('',#11644,#11645,#11646);
#11644 = CARTESIAN_POINT('',(0.,6.65,0.));
#11645 = DIRECTION('',(0.,1.,0.));
#11646 = DIRECTION('',(-0.707106781187,0.,0.707106781187));
#11647 = CYLINDRICAL_SURFACE('',#11648,1.95);
#11648 = AXIS2_PLACEMENT_3D('',#11649,#11650,#11651);
#11649 = CARTESIAN_POINT('',(0.,6.65,0.));
#11650 = DIRECTION('',(0.,1.,0.));
#11651 = DIRECTION('',(-0.707106781187,0.,0.707106781187));
#11652 = ADVANCED_FACE('',(#11653),#11689,.T.);
#11653 = FACE_BOUND('',#11654,.T.);
#11654 = EDGE_LOOP('',(#11655,#11666,#11674,#11683));
#11655 = ORIENTED_EDGE('',*,*,#11656,.T.);
#11656 = EDGE_CURVE('',#11657,#11659,#11661,.T.);
#11657 = VERTEX_POINT('',#11658);
#11658 = CARTESIAN_POINT('',(-3.288046532517,0.87,3.288046532517));
#11659 = VERTEX_POINT('',#11660);
#11660 = CARTESIAN_POINT('',(3.288046532517,0.87,-3.288046532517));
#11661 = CIRCLE('',#11662,4.65);
#11662 = AXIS2_PLACEMENT_3D('',#11663,#11664,#11665);
#11663 = CARTESIAN_POINT('',(0.,0.87,0.));
#11664 = DIRECTION('',(0.,1.,0.));
#11665 = DIRECTION('',(-0.707106781187,0.,0.707106781187));
#11666 = ORIENTED_EDGE('',*,*,#11667,.T.);
#11667 = EDGE_CURVE('',#11659,#11668,#11670,.T.);
#11668 = VERTEX_POINT('',#11669);
#11669 = CARTESIAN_POINT('',(3.288046532517,9.35,-3.288046532517));
#11670 = LINE('',#11671,#11672);
#11671 = CARTESIAN_POINT('',(3.288046532517,11.65,-3.288046532517));
#11672 = VECTOR('',#11673,1.);
#11673 = DIRECTION('',(0.,1.,0.));
#11674 = ORIENTED_EDGE('',*,*,#11675,.F.);
#11675 = EDGE_CURVE('',#11676,#11668,#11678,.T.);
#11676 = VERTEX_POINT('',#11677);
#11677 = CARTESIAN_POINT('',(-3.288046532517,9.35,3.288046532517));
#11678 = CIRCLE('',#11679,4.65);
#11679 = AXIS2_PLACEMENT_3D('',#11680,#11681,#11682);
#11680 = CARTESIAN_POINT('',(0.,9.35,0.));
#11681 = DIRECTION('',(0.,1.,0.));
#11682 = DIRECTION('',(-0.707106781187,0.,0.707106781187));
#11683 = ORIENTED_EDGE('',*,*,#11684,.F.);
#11684 = EDGE_CURVE('',#11657,#11676,#11685,.T.);
#11685 = LINE('',#11686,#11687);
#11686 = CARTESIAN_POINT('',(-3.288046532517,11.65,3.288046532517));
#11687 = VECTOR('',#11688,1.);
#11688 = DIRECTION('',(0.,1.,0.));
#11689 = CYLINDRICAL_SURFACE('',#11690,4.65);
#11690 = AXIS2_PLACEMENT_3D('',#11691,#11692,#11693);
#11691 = CARTESIAN_POINT('',(0.,11.65,0.));
#11692 = DIRECTION('',(0.,1.,0.));
#11693 = DIRECTION('',(-0.707106781187,0.,0.707106781187));
#11694 = ADVANCED_FACE('',(#11695),#11719,.F.);
#11695 = FACE_BOUND('',#11696,.F.);
#11696 = EDGE_LOOP('',(#11697,#11704,#11711,#11718));
#11697 = ORIENTED_EDGE('',*,*,#11698,.T.);
#11698 = EDGE_CURVE('',#11516,#11676,#11699,.T.);
#11699 = CIRCLE('',#11700,0.75);
#11700 = AXIS2_PLACEMENT_3D('',#11701,#11702,#11703);
#11701 = CARTESIAN_POINT('',(-3.436538956567,10.07,3.436538956567));
#11702 = DIRECTION('',(-0.707106781187,0.,-0.707106781187));
#11703 = DIRECTION('',(-0.707106781187,0.,0.707106781187));
#11704 = ORIENTED_EDGE('',*,*,#11705,.F.);
#11705 = EDGE_CURVE('',#11668,#11676,#11706,.T.);
#11706 = CIRCLE('',#11707,4.65);
#11707 = AXIS2_PLACEMENT_3D('',#11708,#11709,#11710);
#11708 = CARTESIAN_POINT('',(0.,9.35,0.));
#11709 = DIRECTION('',(0.,1.,0.));
#11710 = DIRECTION('',(-0.707106781187,0.,0.707106781187));
#11711 = ORIENTED_EDGE('',*,*,#11712,.F.);
#11712 = EDGE_CURVE('',#11507,#11668,#11713,.T.);
#11713 = CIRCLE('',#11714,0.75);
#11714 = AXIS2_PLACEMENT_3D('',#11715,#11716,#11717);
#11715 = CARTESIAN_POINT('',(3.436538956567,10.07,-3.436538956567));
#11716 = DIRECTION('',(0.707106781187,-0.,0.707106781187));
#11717 = DIRECTION('',(0.707106781187,0.,-0.707106781187));
#11718 = ORIENTED_EDGE('',*,*,#11547,.T.);
#11719 = TOROIDAL_SURFACE('',#11720,4.86,0.75);
#11720 = AXIS2_PLACEMENT_3D('',#11721,#11722,#11723);
#11721 = CARTESIAN_POINT('',(0.,10.07,0.));
#11722 = DIRECTION('',(0.,1.,0.));
#11723 = DIRECTION('',(-0.707106781187,0.,0.707106781187));
#11724 = ADVANCED_FACE('',(#11725),#11751,.T.);
#11725 = FACE_BOUND('',#11726,.T.);
#11726 = EDGE_LOOP('',(#11727,#11728,#11736,#11745));
#11727 = ORIENTED_EDGE('',*,*,#11495,.T.);
#11728 = ORIENTED_EDGE('',*,*,#11729,.T.);
#11729 = EDGE_CURVE('',#11498,#11730,#11732,.T.);
#11730 = VERTEX_POINT('',#11731);
#11731 = CARTESIAN_POINT('',(3.288046532517,11.15,-3.288046532517));
#11732 = LINE('',#11733,#11734);
#11733 = CARTESIAN_POINT('',(3.288046532517,11.65,-3.288046532517));
#11734 = VECTOR('',#11735,1.);
#11735 = DIRECTION('',(0.,1.,0.));
#11736 = ORIENTED_EDGE('',*,*,#11737,.F.);
#11737 = EDGE_CURVE('',#11738,#11730,#11740,.T.);
#11738 = VERTEX_POINT('',#11739);
#11739 = CARTESIAN_POINT('',(-3.288046532517,11.15,3.288046532517));
#11740 = CIRCLE('',#11741,4.65);
#11741 = AXIS2_PLACEMENT_3D('',#11742,#11743,#11744);
#11742 = CARTESIAN_POINT('',(0.,11.15,0.));
#11743 = DIRECTION('',(0.,1.,0.));
#11744 = DIRECTION('',(-0.707106781187,0.,0.707106781187));
#11745 = ORIENTED_EDGE('',*,*,#11746,.F.);
#11746 = EDGE_CURVE('',#11496,#11738,#11747,.T.);
#11747 = LINE('',#11748,#11749);
#11748 = CARTESIAN_POINT('',(-3.288046532517,11.65,3.288046532517));
#11749 = VECTOR('',#11750,1.);
#11750 = DIRECTION('',(0.,1.,0.));
#11751 = CYLINDRICAL_SURFACE('',#11752,4.65);
#11752 = AXIS2_PLACEMENT_3D('',#11753,#11754,#11755);
#11753 = CARTESIAN_POINT('',(0.,11.65,0.));
#11754 = DIRECTION('',(0.,1.,0.));
#11755 = DIRECTION('',(-0.707106781187,0.,0.707106781187));
#11756 = ADVANCED_FACE('',(#11757),#11783,.T.);
#11757 = FACE_BOUND('',#11758,.T.);
#11758 = EDGE_LOOP('',(#11759,#11770,#11776,#11777));
#11759 = ORIENTED_EDGE('',*,*,#11760,.F.);
#11760 = EDGE_CURVE('',#11761,#11763,#11765,.T.);
#11761 = VERTEX_POINT('',#11762);
#11762 = CARTESIAN_POINT('',(-2.934493141924,11.65,2.934493141924));
#11763 = VERTEX_POINT('',#11764);
#11764 = CARTESIAN_POINT('',(2.934493141924,11.65,-2.934493141924));
#11765 = CIRCLE('',#11766,4.15);
#11766 = AXIS2_PLACEMENT_3D('',#11767,#11768,#11769);
#11767 = CARTESIAN_POINT('',(0.,11.65,0.));
#11768 = DIRECTION('',(0.,1.,0.));
#11769 = DIRECTION('',(-0.707106781187,0.,0.707106781187));
#11770 = ORIENTED_EDGE('',*,*,#11771,.T.);
#11771 = EDGE_CURVE('',#11761,#11738,#11772,.T.);
#11772 = LINE('',#11773,#11774);
#11773 = CARTESIAN_POINT('',(-2.934493141924,11.65,2.934493141924));
#11774 = VECTOR('',#11775,1.);
#11775 = DIRECTION('',(-0.5,-0.707106781187,0.5));
#11776 = ORIENTED_EDGE('',*,*,#11737,.T.);
#11777 = ORIENTED_EDGE('',*,*,#11778,.F.);
#11778 = EDGE_CURVE('',#11763,#11730,#11779,.T.);
#11779 = LINE('',#11780,#11781);
#11780 = CARTESIAN_POINT('',(2.934493141924,11.65,-2.934493141924));
#11781 = VECTOR('',#11782,1.);
#11782 = DIRECTION('',(0.5,-0.707106781187,-0.5));
#11783 = CONICAL_SURFACE('',#11784,4.15,0.785398163397);
#11784 = AXIS2_PLACEMENT_3D('',#11785,#11786,#11787);
#11785 = CARTESIAN_POINT('',(0.,11.65,0.));
#11786 = DIRECTION('',(0.,-1.,0.));
#11787 = DIRECTION('',(0.707106781187,0.,-0.707106781187));
#11788 = ADVANCED_FACE('',(#11789),#11835,.F.);
#11789 = FACE_BOUND('',#11790,.F.);
#11790 = EDGE_LOOP('',(#11791,#11801,#11815,#11823));
#11791 = ORIENTED_EDGE('',*,*,#11792,.T.);
#11792 = EDGE_CURVE('',#11793,#11795,#11797,.T.);
#11793 = VERTEX_POINT('',#11794);
#11794 = CARTESIAN_POINT('',(-1.767766952966,8.15,1.767766952966));
#11795 = VERTEX_POINT('',#11796);
#11796 = CARTESIAN_POINT('',(-1.767766952966,8.250000002185,
    1.767766952966));
#11797 = LINE('',#11798,#11799);
#11798 = CARTESIAN_POINT('',(-1.767766952966,7.65,1.767766952966));
#11799 = VECTOR('',#11800,1.);
#11800 = DIRECTION('',(0.,1.,0.));
#11801 = ORIENTED_EDGE('',*,*,#11802,.T.);
#11802 = EDGE_CURVE('',#11795,#11803,#11805,.T.);
#11803 = VERTEX_POINT('',#11804);
#11804 = CARTESIAN_POINT('',(1.767766952966,7.850000002185,
    -1.767766952966));
#11805 = ( BOUNDED_CURVE() B_SPLINE_CURVE(2,(#11806,#11807,#11808,#11809
    ,#11810,#11811,#11812,#11813,#11814),.UNSPECIFIED.,.F.,.F.) 
B_SPLINE_CURVE_WITH_KNOTS((3,2,2,2,3),(0.55,0.575,0.6,0.625,0.65),
.PIECEWISE_BEZIER_KNOTS.) CURVE() GEOMETRIC_REPRESENTATION_ITEM() 
RATIONAL_B_SPLINE_CURVE((1.,0.923879532511,1.,0.923879532511,1.,
0.923879532511,1.,0.923879532511,1.)) REPRESENTATION_ITEM('') );
#11806 = CARTESIAN_POINT('',(-1.767766952966,8.250000002185,
    1.767766952966));
#11807 = CARTESIAN_POINT('',(-2.5,8.200000002185,1.035533905933));
#11808 = CARTESIAN_POINT('',(-2.5,8.150000002185,-3.686287386451E-15));
#11809 = CARTESIAN_POINT('',(-2.5,8.100000002185,-1.035533905933));
#11810 = CARTESIAN_POINT('',(-1.767766952966,8.050000002185,
    -1.767766952966));
#11811 = CARTESIAN_POINT('',(-1.035533905933,8.000000002185,-2.5));
#11812 = CARTESIAN_POINT('',(4.336808689942E-15,7.950000002185,-2.5));
#11813 = CARTESIAN_POINT('',(1.035533905933,7.900000002185,-2.5));
#11814 = CARTESIAN_POINT('',(1.767766952966,7.850000002185,
    -1.767766952966));
#11815 = ORIENTED_EDGE('',*,*,#11816,.F.);
#11816 = EDGE_CURVE('',#11817,#11803,#11819,.T.);
#11817 = VERTEX_POINT('',#11818);
#11818 = CARTESIAN_POINT('',(1.767766952966,7.75,-1.767766952966));
#11819 = LINE('',#11820,#11821);
#11820 = CARTESIAN_POINT('',(1.767766952966,7.65,-1.767766952966));
#11821 = VECTOR('',#11822,1.);
#11822 = DIRECTION('',(0.,1.,0.));
#11823 = ORIENTED_EDGE('',*,*,#11824,.F.);
#11824 = EDGE_CURVE('',#11793,#11817,#11825,.T.);
#11825 = ( BOUNDED_CURVE() B_SPLINE_CURVE(2,(#11826,#11827,#11828,#11829
    ,#11830,#11831,#11832,#11833,#11834),.UNSPECIFIED.,.F.,.F.) 
B_SPLINE_CURVE_WITH_KNOTS((3,2,2,2,3),(0.75,0.775,0.8,0.825,0.85),
.PIECEWISE_BEZIER_KNOTS.) CURVE() GEOMETRIC_REPRESENTATION_ITEM() 
RATIONAL_B_SPLINE_CURVE((1.,0.923879532511,1.,0.923879532511,1.,
0.923879532511,1.,0.923879532511,1.)) REPRESENTATION_ITEM('') );
#11826 = CARTESIAN_POINT('',(-1.767766952966,8.15,1.767766952966));
#11827 = CARTESIAN_POINT('',(-2.5,8.1,1.035533905933));
#11828 = CARTESIAN_POINT('',(-2.5,8.05,-3.686287386451E-15));
#11829 = CARTESIAN_POINT('',(-2.5,8.,-1.035533905933));
#11830 = CARTESIAN_POINT('',(-1.767766952966,7.95,-1.767766952966));
#11831 = CARTESIAN_POINT('',(-1.035533905933,7.9,-2.5));
#11832 = CARTESIAN_POINT('',(4.336808689942E-15,7.85,-2.5));
#11833 = CARTESIAN_POINT('',(1.035533905933,7.8,-2.5));
#11834 = CARTESIAN_POINT('',(1.767766952966,7.75,-1.767766952966));
#11835 = CYLINDRICAL_SURFACE('',#11836,2.5);
#11836 = AXIS2_PLACEMENT_3D('',#11837,#11838,#11839);
#11837 = CARTESIAN_POINT('',(0.,7.65,0.));
#11838 = DIRECTION('',(0.,1.,0.));
#11839 = DIRECTION('',(-0.707106781187,0.,0.707106781187));
#11840 = ADVANCED_FACE('',(#11841),#11887,.F.);
#11841 = FACE_BOUND('',#11842,.F.);
#11842 = EDGE_LOOP('',(#11843,#11853,#11867,#11875));
#11843 = ORIENTED_EDGE('',*,*,#11844,.T.);
#11844 = EDGE_CURVE('',#11845,#11847,#11849,.T.);
#11845 = VERTEX_POINT('',#11846);
#11846 = CARTESIAN_POINT('',(-1.767766952966,8.95,1.767766952966));
#11847 = VERTEX_POINT('',#11848);
#11848 = CARTESIAN_POINT('',(-1.767766952966,9.050000002185,
    1.767766952966));
#11849 = LINE('',#11850,#11851);
#11850 = CARTESIAN_POINT('',(-1.767766952966,7.65,1.767766952966));
#11851 = VECTOR('',#11852,1.);
#11852 = DIRECTION('',(0.,1.,0.));
#11853 = ORIENTED_EDGE('',*,*,#11854,.T.);
#11854 = EDGE_CURVE('',#11847,#11855,#11857,.T.);
#11855 = VERTEX_POINT('',#11856);
#11856 = CARTESIAN_POINT('',(1.767766952966,8.650000002185,
    -1.767766952966));
#11857 = ( BOUNDED_CURVE() B_SPLINE_CURVE(2,(#11858,#11859,#11860,#11861
    ,#11862,#11863,#11864,#11865,#11866),.UNSPECIFIED.,.F.,.F.) 
B_SPLINE_CURVE_WITH_KNOTS((3,2,2,2,3),(0.35,0.375,0.4,0.425,0.45),
.PIECEWISE_BEZIER_KNOTS.) CURVE() GEOMETRIC_REPRESENTATION_ITEM() 
RATIONAL_B_SPLINE_CURVE((1.,0.923879532511,1.,0.923879532511,1.,
0.923879532511,1.,0.923879532511,1.)) REPRESENTATION_ITEM('') );
#11858 = CARTESIAN_POINT('',(-1.767766952966,9.050000002185,
    1.767766952966));
#11859 = CARTESIAN_POINT('',(-2.5,9.000000002185,1.035533905933));
#11860 = CARTESIAN_POINT('',(-2.5,8.950000002185,-3.686287386451E-15));
#11861 = CARTESIAN_POINT('',(-2.5,8.900000002185,-1.035533905933));
#11862 = CARTESIAN_POINT('',(-1.767766952966,8.850000002185,
    -1.767766952966));
#11863 = CARTESIAN_POINT('',(-1.035533905933,8.800000002185,-2.5));
#11864 = CARTESIAN_POINT('',(4.336808689942E-15,8.750000002185,-2.5));
#11865 = CARTESIAN_POINT('',(1.035533905933,8.700000002185,-2.5));
#11866 = CARTESIAN_POINT('',(1.767766952966,8.650000002185,
    -1.767766952966));
#11867 = ORIENTED_EDGE('',*,*,#11868,.F.);
#11868 = EDGE_CURVE('',#11869,#11855,#11871,.T.);
#11869 = VERTEX_POINT('',#11870);
#11870 = CARTESIAN_POINT('',(1.767766952966,8.55,-1.767766952966));
#11871 = LINE('',#11872,#11873);
#11872 = CARTESIAN_POINT('',(1.767766952966,7.65,-1.767766952966));
#11873 = VECTOR('',#11874,1.);
#11874 = DIRECTION('',(0.,1.,0.));
#11875 = ORIENTED_EDGE('',*,*,#11876,.F.);
#11876 = EDGE_CURVE('',#11845,#11869,#11877,.T.);
#11877 = ( BOUNDED_CURVE() B_SPLINE_CURVE(2,(#11878,#11879,#11880,#11881
    ,#11882,#11883,#11884,#11885,#11886),.UNSPECIFIED.,.F.,.F.) 
B_SPLINE_CURVE_WITH_KNOTS((3,2,2,2,3),(0.55,0.575,0.6,0.625,0.65),
.PIECEWISE_BEZIER_KNOTS.) CURVE() GEOMETRIC_REPRESENTATION_ITEM() 
RATIONAL_B_SPLINE_CURVE((1.,0.923879532511,1.,0.923879532511,1.,
0.923879532511,1.,0.923879532511,1.)) REPRESENTATION_ITEM('') );
#11878 = CARTESIAN_POINT('',(-1.767766952966,8.95,1.767766952966));
#11879 = CARTESIAN_POINT('',(-2.5,8.9,1.035533905933));
#11880 = CARTESIAN_POINT('',(-2.5,8.85,-3.686287386451E-15));
#11881 = CARTESIAN_POINT('',(-2.5,8.8,-1.035533905933));
#11882 = CARTESIAN_POINT('',(-1.767766952966,8.75,-1.767766952966));
#11883 = CARTESIAN_POINT('',(-1.035533905933,8.7,-2.5));
#11884 = CARTESIAN_POINT('',(4.336808689942E-15,8.65,-2.5));
#11885 = CARTESIAN_POINT('',(1.035533905933,8.6,-2.5));
#11886 = CARTESIAN_POINT('',(1.767766952966,8.55,-1.767766952966));
#11887 = CYLINDRICAL_SURFACE('',#11888,2.5);
#11888 = AXIS2_PLACEMENT_3D('',#11889,#11890,#11891);
#11889 = CARTESIAN_POINT('',(0.,7.65,0.));
#11890 = DIRECTION('',(0.,1.,0.));
#11891 = DIRECTION('',(-0.707106781187,0.,0.707106781187));
#11892 = ADVANCED_FACE('',(#11893),#11939,.F.);
#11893 = FACE_BOUND('',#11894,.F.);
#11894 = EDGE_LOOP('',(#11895,#11905,#11919,#11927));
#11895 = ORIENTED_EDGE('',*,*,#11896,.T.);
#11896 = EDGE_CURVE('',#11897,#11899,#11901,.T.);
#11897 = VERTEX_POINT('',#11898);
#11898 = CARTESIAN_POINT('',(-1.767766952966,9.75,1.767766952966));
#11899 = VERTEX_POINT('',#11900);
#11900 = CARTESIAN_POINT('',(-1.767766952966,9.850000002185,
    1.767766952966));
#11901 = LINE('',#11902,#11903);
#11902 = CARTESIAN_POINT('',(-1.767766952966,7.65,1.767766952966));
#11903 = VECTOR('',#11904,1.);
#11904 = DIRECTION('',(0.,1.,0.));
#11905 = ORIENTED_EDGE('',*,*,#11906,.T.);
#11906 = EDGE_CURVE('',#11899,#11907,#11909,.T.);
#11907 = VERTEX_POINT('',#11908);
#11908 = CARTESIAN_POINT('',(1.767766952966,9.450000002185,
    -1.767766952966));
#11909 = ( BOUNDED_CURVE() B_SPLINE_CURVE(2,(#11910,#11911,#11912,#11913
    ,#11914,#11915,#11916,#11917,#11918),.UNSPECIFIED.,.F.,.F.) 
B_SPLINE_CURVE_WITH_KNOTS((3,2,2,2,3),(0.15,0.175,0.2,0.225,0.25),
.UNSPECIFIED.) CURVE() GEOMETRIC_REPRESENTATION_ITEM() 
RATIONAL_B_SPLINE_CURVE((1.,0.923879532511,1.,0.923879532511,1.,
0.923879532511,1.,0.923879532511,1.)) REPRESENTATION_ITEM('') );
#11910 = CARTESIAN_POINT('',(-1.767766952966,9.850000002185,
    1.767766952966));
#11911 = CARTESIAN_POINT('',(-2.5,9.800000002185,1.035533905933));
#11912 = CARTESIAN_POINT('',(-2.5,9.750000002185,-3.686287386451E-15));
#11913 = CARTESIAN_POINT('',(-2.5,9.700000002185,-1.035533905933));
#11914 = CARTESIAN_POINT('',(-1.767766952966,9.650000002185,
    -1.767766952966));
#11915 = CARTESIAN_POINT('',(-1.035533905933,9.600000002185,-2.5));
#11916 = CARTESIAN_POINT('',(4.336808689942E-15,9.550000002185,-2.5));
#11917 = CARTESIAN_POINT('',(1.035533905933,9.500000002185,-2.5));
#11918 = CARTESIAN_POINT('',(1.767766952966,9.450000002185,
    -1.767766952966));
#11919 = ORIENTED_EDGE('',*,*,#11920,.F.);
#11920 = EDGE_CURVE('',#11921,#11907,#11923,.T.);
#11921 = VERTEX_POINT('',#11922);
#11922 = CARTESIAN_POINT('',(1.767766952966,9.35,-1.767766952966));
#11923 = LINE('',#11924,#11925);
#11924 = CARTESIAN_POINT('',(1.767766952966,7.65,-1.767766952966));
#11925 = VECTOR('',#11926,1.);
#11926 = DIRECTION('',(0.,1.,0.));
#11927 = ORIENTED_EDGE('',*,*,#11928,.F.);
#11928 = EDGE_CURVE('',#11897,#11921,#11929,.T.);
#11929 = ( BOUNDED_CURVE() B_SPLINE_CURVE(2,(#11930,#11931,#11932,#11933
    ,#11934,#11935,#11936,#11937,#11938),.UNSPECIFIED.,.F.,.F.) 
B_SPLINE_CURVE_WITH_KNOTS((3,2,2,2,3),(0.35,0.375,0.4,0.425,0.45),
.PIECEWISE_BEZIER_KNOTS.) CURVE() GEOMETRIC_REPRESENTATION_ITEM() 
RATIONAL_B_SPLINE_CURVE((1.,0.923879532511,1.,0.923879532511,1.,
0.923879532511,1.,0.923879532511,1.)) REPRESENTATION_ITEM('') );
#11930 = CARTESIAN_POINT('',(-1.767766952966,9.75,1.767766952966));
#11931 = CARTESIAN_POINT('',(-2.5,9.7,1.035533905933));
#11932 = CARTESIAN_POINT('',(-2.5,9.65,-3.686287386451E-15));
#11933 = CARTESIAN_POINT('',(-2.5,9.6,-1.035533905933));
#11934 = CARTESIAN_POINT('',(-1.767766952966,9.55,-1.767766952966));
#11935 = CARTESIAN_POINT('',(-1.035533905933,9.5,-2.5));
#11936 = CARTESIAN_POINT('',(4.336808689942E-15,9.45,-2.5));
#11937 = CARTESIAN_POINT('',(1.035533905933,9.4,-2.5));
#11938 = CARTESIAN_POINT('',(1.767766952966,9.35,-1.767766952966));
#11939 = CYLINDRICAL_SURFACE('',#11940,2.5);
#11940 = AXIS2_PLACEMENT_3D('',#11941,#11942,#11943);
#11941 = CARTESIAN_POINT('',(0.,7.65,0.));
#11942 = DIRECTION('',(0.,1.,0.));
#11943 = DIRECTION('',(-0.707106781187,0.,0.707106781187));
#11944 = ADVANCED_FACE('',(#11945),#11994,.F.);
#11945 = FACE_BOUND('',#11946,.F.);
#11946 = EDGE_LOOP('',(#11947,#11955,#11956,#11964,#11974,#11982));
#11947 = ORIENTED_EDGE('',*,*,#11948,.T.);
#11948 = EDGE_CURVE('',#11949,#11566,#11951,.T.);
#11949 = VERTEX_POINT('',#11950);
#11950 = CARTESIAN_POINT('',(-1.767766952966,10.55,1.767766952966));
#11951 = LINE('',#11952,#11953);
#11952 = CARTESIAN_POINT('',(-1.767766952966,7.65,1.767766952966));
#11953 = VECTOR('',#11954,1.);
#11954 = DIRECTION('',(0.,1.,0.));
#11955 = ORIENTED_EDGE('',*,*,#11563,.F.);
#11956 = ORIENTED_EDGE('',*,*,#11957,.T.);
#11957 = EDGE_CURVE('',#11564,#11958,#11960,.T.);
#11958 = VERTEX_POINT('',#11959);
#11959 = CARTESIAN_POINT('',(-1.767766952966,10.450000002185,
    -1.767766952966));
#11960 = LINE('',#11961,#11962);
#11961 = CARTESIAN_POINT('',(-1.767766952966,10.800000001092,
    -1.767766952966));
#11962 = VECTOR('',#11963,1.);
#11963 = DIRECTION('',(0.,-1.,0.));
#11964 = ORIENTED_EDGE('',*,*,#11965,.T.);
#11965 = EDGE_CURVE('',#11958,#11966,#11968,.T.);
#11966 = VERTEX_POINT('',#11967);
#11967 = CARTESIAN_POINT('',(1.767766952966,10.250000002185,
    -1.767766952966));
#11968 = ( BOUNDED_CURVE() B_SPLINE_CURVE(2,(#11969,#11970,#11971,#11972
,#11973),.UNSPECIFIED.,.F.,.F.) B_SPLINE_CURVE_WITH_KNOTS((3,2,3),(0.,
2.5E-02,5.E-02),.PIECEWISE_BEZIER_KNOTS.) CURVE() 
GEOMETRIC_REPRESENTATION_ITEM() RATIONAL_B_SPLINE_CURVE((1.,
0.923879532511,1.,0.923879532511,1.)) REPRESENTATION_ITEM('') );
#11969 = CARTESIAN_POINT('',(-1.767766952966,10.450000002185,
    -1.767766952966));
#11970 = CARTESIAN_POINT('',(-1.035533905933,10.400000002185,-2.5));
#11971 = CARTESIAN_POINT('',(4.336808689942E-15,10.350000002185,-2.5));
#11972 = CARTESIAN_POINT('',(1.035533905933,10.300000002185,-2.5));
#11973 = CARTESIAN_POINT('',(1.767766952966,10.250000002185,
    -1.767766952966));
#11974 = ORIENTED_EDGE('',*,*,#11975,.F.);
#11975 = EDGE_CURVE('',#11976,#11966,#11978,.T.);
#11976 = VERTEX_POINT('',#11977);
#11977 = CARTESIAN_POINT('',(1.767766952966,10.15,-1.767766952966));
#11978 = LINE('',#11979,#11980);
#11979 = CARTESIAN_POINT('',(1.767766952966,7.65,-1.767766952966));
#11980 = VECTOR('',#11981,1.);
#11981 = DIRECTION('',(0.,1.,0.));
#11982 = ORIENTED_EDGE('',*,*,#11983,.F.);
#11983 = EDGE_CURVE('',#11949,#11976,#11984,.T.);
#11984 = ( BOUNDED_CURVE() B_SPLINE_CURVE(2,(#11985,#11986,#11987,#11988
    ,#11989,#11990,#11991,#11992,#11993),.UNSPECIFIED.,.F.,.F.) 
B_SPLINE_CURVE_WITH_KNOTS((3,2,2,2,3),(0.15,0.175,0.2,0.225,0.25),
.PIECEWISE_BEZIER_KNOTS.) CURVE() GEOMETRIC_REPRESENTATION_ITEM() 
RATIONAL_B_SPLINE_CURVE((1.,0.923879532511,1.,0.923879532511,1.,
0.923879532511,1.,0.923879532511,1.)) REPRESENTATION_ITEM('') );
#11985 = CARTESIAN_POINT('',(-1.767766952966,10.55,1.767766952966));
#11986 = CARTESIAN_POINT('',(-2.5,10.5,1.035533905933));
#11987 = CARTESIAN_POINT('',(-2.5,10.45,-3.686287386451E-15));
#11988 = CARTESIAN_POINT('',(-2.5,10.4,-1.035533905933));
#11989 = CARTESIAN_POINT('',(-1.767766952966,10.35,-1.767766952966));
#11990 = CARTESIAN_POINT('',(-1.035533905933,10.3,-2.5));
#11991 = CARTESIAN_POINT('',(4.336808689942E-15,10.25,-2.5));
#11992 = CARTESIAN_POINT('',(1.035533905933,10.2,-2.5));
#11993 = CARTESIAN_POINT('',(1.767766952966,10.15,-1.767766952966));
#11994 = CYLINDRICAL_SURFACE('',#11995,2.5);
#11995 = AXIS2_PLACEMENT_3D('',#11996,#11997,#11998);
#11996 = CARTESIAN_POINT('',(0.,7.65,0.));
#11997 = DIRECTION('',(0.,1.,0.));
#11998 = DIRECTION('',(-0.707106781187,0.,0.707106781187));
#11999 = ADVANCED_FACE('',(#12000),#12019,.F.);
#12000 = FACE_BOUND('',#12001,.F.);
#12001 = EDGE_LOOP('',(#12002,#12003,#12011));
#12002 = ORIENTED_EDGE('',*,*,#11599,.F.);
#12003 = ORIENTED_EDGE('',*,*,#12004,.F.);
#12004 = EDGE_CURVE('',#12005,#11592,#12007,.T.);
#12005 = VERTEX_POINT('',#12006);
#12006 = CARTESIAN_POINT('',(1.767766952966,10.95,-1.767766952966));
#12007 = LINE('',#12008,#12009);
#12008 = CARTESIAN_POINT('',(1.767766952966,7.65,-1.767766952966));
#12009 = VECTOR('',#12010,1.);
#12010 = DIRECTION('',(0.,1.,0.));
#12011 = ORIENTED_EDGE('',*,*,#12012,.F.);
#12012 = EDGE_CURVE('',#11564,#12005,#12013,.T.);
#12013 = ( BOUNDED_CURVE() B_SPLINE_CURVE(2,(#12014,#12015,#12016,#12017
,#12018),.UNSPECIFIED.,.F.,.F.) B_SPLINE_CURVE_WITH_KNOTS((3,2,3),(0.,
2.5E-02,5.E-02),.PIECEWISE_BEZIER_KNOTS.) CURVE() 
GEOMETRIC_REPRESENTATION_ITEM() RATIONAL_B_SPLINE_CURVE((1.,
0.923879532511,1.,0.923879532511,1.)) REPRESENTATION_ITEM('') );
#12014 = CARTESIAN_POINT('',(-1.767766952966,11.15,-1.767766952966));
#12015 = CARTESIAN_POINT('',(-1.035533905933,11.1,-2.5));
#12016 = CARTESIAN_POINT('',(4.336808689942E-15,11.05,-2.5));
#12017 = CARTESIAN_POINT('',(1.035533905933,11.,-2.5));
#12018 = CARTESIAN_POINT('',(1.767766952966,10.95,-1.767766952966));
#12019 = CYLINDRICAL_SURFACE('',#12020,2.5);
#12020 = AXIS2_PLACEMENT_3D('',#12021,#12022,#12023);
#12021 = CARTESIAN_POINT('',(0.,7.65,0.));
#12022 = DIRECTION('',(0.,1.,0.));
#12023 = DIRECTION('',(-0.707106781187,0.,0.707106781187));
#12024 = ADVANCED_FACE('',(#12025),#12053,.F.);
#12025 = FACE_BOUND('',#12026,.F.);
#12026 = EDGE_LOOP('',(#12027,#12039,#12040,#12052));
#12027 = ORIENTED_EDGE('',*,*,#12028,.T.);
#12028 = EDGE_CURVE('',#11855,#11795,#12029,.T.);
#12029 = ( BOUNDED_CURVE() B_SPLINE_CURVE(2,(#12030,#12031,#12032,#12033
    ,#12034,#12035,#12036,#12037,#12038),.UNSPECIFIED.,.F.,.F.) 
B_SPLINE_CURVE_WITH_KNOTS((3,2,2,2,3),(0.45,0.475,0.5,0.525,0.55),
.PIECEWISE_BEZIER_KNOTS.) CURVE() GEOMETRIC_REPRESENTATION_ITEM() 
RATIONAL_B_SPLINE_CURVE((1.,0.923879532511,1.,0.923879532511,1.,
0.923879532511,1.,0.923879532511,1.)) REPRESENTATION_ITEM('') );
#12030 = CARTESIAN_POINT('',(1.767766952966,8.650000002185,
    -1.767766952966));
#12031 = CARTESIAN_POINT('',(2.5,8.600000002185,-1.035533905933));
#12032 = CARTESIAN_POINT('',(2.5,8.550000002185,4.119968255445E-15));
#12033 = CARTESIAN_POINT('',(2.5,8.500000002185,1.035533905933));
#12034 = CARTESIAN_POINT('',(1.767766952966,8.450000002185,
    1.767766952966));
#12035 = CARTESIAN_POINT('',(1.035533905933,8.400000002185,2.5));
#12036 = CARTESIAN_POINT('',(-3.903127820948E-15,8.350000002185,2.5));
#12037 = CARTESIAN_POINT('',(-1.035533905933,8.300000002185,2.5));
#12038 = CARTESIAN_POINT('',(-1.767766952966,8.250000002185,
    1.767766952966));
#12039 = ORIENTED_EDGE('',*,*,#11792,.F.);
#12040 = ORIENTED_EDGE('',*,*,#12041,.F.);
#12041 = EDGE_CURVE('',#11869,#11793,#12042,.T.);
#12042 = ( BOUNDED_CURVE() B_SPLINE_CURVE(2,(#12043,#12044,#12045,#12046
    ,#12047,#12048,#12049,#12050,#12051),.UNSPECIFIED.,.F.,.F.) 
B_SPLINE_CURVE_WITH_KNOTS((3,2,2,2,3),(0.65,0.675,0.7,0.725,0.75),
.PIECEWISE_BEZIER_KNOTS.) CURVE() GEOMETRIC_REPRESENTATION_ITEM() 
RATIONAL_B_SPLINE_CURVE((1.,0.923879532511,1.,0.923879532511,1.,
0.923879532511,1.,0.923879532511,1.)) REPRESENTATION_ITEM('') );
#12043 = CARTESIAN_POINT('',(1.767766952966,8.55,-1.767766952966));
#12044 = CARTESIAN_POINT('',(2.5,8.5,-1.035533905933));
#12045 = CARTESIAN_POINT('',(2.5,8.45,4.119968255445E-15));
#12046 = CARTESIAN_POINT('',(2.5,8.4,1.035533905933));
#12047 = CARTESIAN_POINT('',(1.767766952966,8.35,1.767766952966));
#12048 = CARTESIAN_POINT('',(1.035533905933,8.3,2.5));
#12049 = CARTESIAN_POINT('',(-3.903127820948E-15,8.25,2.5));
#12050 = CARTESIAN_POINT('',(-1.035533905933,8.2,2.5));
#12051 = CARTESIAN_POINT('',(-1.767766952966,8.15,1.767766952966));
#12052 = ORIENTED_EDGE('',*,*,#11868,.T.);
#12053 = CYLINDRICAL_SURFACE('',#12054,2.5);
#12054 = AXIS2_PLACEMENT_3D('',#12055,#12056,#12057);
#12055 = CARTESIAN_POINT('',(0.,7.65,0.));
#12056 = DIRECTION('',(0.,1.,0.));
#12057 = DIRECTION('',(-0.707106781187,0.,0.707106781187));
#12058 = ADVANCED_FACE('',(#12059),#12087,.F.);
#12059 = FACE_BOUND('',#12060,.F.);
#12060 = EDGE_LOOP('',(#12061,#12073,#12074,#12086));
#12061 = ORIENTED_EDGE('',*,*,#12062,.T.);
#12062 = EDGE_CURVE('',#11907,#11847,#12063,.T.);
#12063 = ( BOUNDED_CURVE() B_SPLINE_CURVE(2,(#12064,#12065,#12066,#12067
    ,#12068,#12069,#12070,#12071,#12072),.UNSPECIFIED.,.F.,.F.) 
B_SPLINE_CURVE_WITH_KNOTS((3,2,2,2,3),(0.25,0.275,0.3,0.325,0.35),
.UNSPECIFIED.) CURVE() GEOMETRIC_REPRESENTATION_ITEM() 
RATIONAL_B_SPLINE_CURVE((1.,0.923879532511,1.,0.923879532511,1.,
0.923879532511,1.,0.923879532511,1.)) REPRESENTATION_ITEM('') );
#12064 = CARTESIAN_POINT('',(1.767766952966,9.450000002185,
    -1.767766952966));
#12065 = CARTESIAN_POINT('',(2.5,9.400000002185,-1.035533905933));
#12066 = CARTESIAN_POINT('',(2.5,9.350000002185,4.119968255445E-15));
#12067 = CARTESIAN_POINT('',(2.5,9.300000002185,1.035533905933));
#12068 = CARTESIAN_POINT('',(1.767766952966,9.250000002185,
    1.767766952966));
#12069 = CARTESIAN_POINT('',(1.035533905933,9.200000002185,2.5));
#12070 = CARTESIAN_POINT('',(-3.903127820948E-15,9.150000002185,2.5));
#12071 = CARTESIAN_POINT('',(-1.035533905933,9.100000002185,2.5));
#12072 = CARTESIAN_POINT('',(-1.767766952966,9.050000002185,
    1.767766952966));
#12073 = ORIENTED_EDGE('',*,*,#11844,.F.);
#12074 = ORIENTED_EDGE('',*,*,#12075,.F.);
#12075 = EDGE_CURVE('',#11921,#11845,#12076,.T.);
#12076 = ( BOUNDED_CURVE() B_SPLINE_CURVE(2,(#12077,#12078,#12079,#12080
    ,#12081,#12082,#12083,#12084,#12085),.UNSPECIFIED.,.F.,.F.) 
B_SPLINE_CURVE_WITH_KNOTS((3,2,2,2,3),(0.45,0.475,0.5,0.525,0.55),
.PIECEWISE_BEZIER_KNOTS.) CURVE() GEOMETRIC_REPRESENTATION_ITEM() 
RATIONAL_B_SPLINE_CURVE((1.,0.923879532511,1.,0.923879532511,1.,
0.923879532511,1.,0.923879532511,1.)) REPRESENTATION_ITEM('') );
#12077 = CARTESIAN_POINT('',(1.767766952966,9.35,-1.767766952966));
#12078 = CARTESIAN_POINT('',(2.5,9.3,-1.035533905933));
#12079 = CARTESIAN_POINT('',(2.5,9.25,4.119968255445E-15));
#12080 = CARTESIAN_POINT('',(2.5,9.2,1.035533905933));
#12081 = CARTESIAN_POINT('',(1.767766952966,9.15,1.767766952966));
#12082 = CARTESIAN_POINT('',(1.035533905933,9.1,2.5));
#12083 = CARTESIAN_POINT('',(-3.903127820948E-15,9.05,2.5));
#12084 = CARTESIAN_POINT('',(-1.035533905933,9.,2.5));
#12085 = CARTESIAN_POINT('',(-1.767766952966,8.95,1.767766952966));
#12086 = ORIENTED_EDGE('',*,*,#11920,.T.);
#12087 = CYLINDRICAL_SURFACE('',#12088,2.5);
#12088 = AXIS2_PLACEMENT_3D('',#12089,#12090,#12091);
#12089 = CARTESIAN_POINT('',(0.,7.65,0.));
#12090 = DIRECTION('',(0.,1.,0.));
#12091 = DIRECTION('',(-0.707106781187,0.,0.707106781187));
#12092 = ADVANCED_FACE('',(#12093),#12121,.F.);
#12093 = FACE_BOUND('',#12094,.F.);
#12094 = EDGE_LOOP('',(#12095,#12107,#12108,#12120));
#12095 = ORIENTED_EDGE('',*,*,#12096,.T.);
#12096 = EDGE_CURVE('',#11966,#11899,#12097,.T.);
#12097 = ( BOUNDED_CURVE() B_SPLINE_CURVE(2,(#12098,#12099,#12100,#12101
    ,#12102,#12103,#12104,#12105,#12106),.UNSPECIFIED.,.F.,.F.) 
B_SPLINE_CURVE_WITH_KNOTS((3,2,2,2,3),(5.E-02,7.5E-02,0.1,0.125,0.15),
.PIECEWISE_BEZIER_KNOTS.) CURVE() GEOMETRIC_REPRESENTATION_ITEM() 
RATIONAL_B_SPLINE_CURVE((1.,0.923879532511,1.,0.923879532511,1.,
0.923879532511,1.,0.923879532511,1.)) REPRESENTATION_ITEM('') );
#12098 = CARTESIAN_POINT('',(1.767766952966,10.250000002185,
    -1.767766952966));
#12099 = CARTESIAN_POINT('',(2.5,10.200000002185,-1.035533905933));
#12100 = CARTESIAN_POINT('',(2.5,10.150000002185,4.119968255445E-15));
#12101 = CARTESIAN_POINT('',(2.5,10.100000002185,1.035533905933));
#12102 = CARTESIAN_POINT('',(1.767766952966,10.050000002185,
    1.767766952966));
#12103 = CARTESIAN_POINT('',(1.035533905933,10.000000002185,2.5));
#12104 = CARTESIAN_POINT('',(-3.903127820948E-15,9.950000002185,2.5));
#12105 = CARTESIAN_POINT('',(-1.035533905933,9.900000002185,2.5));
#12106 = CARTESIAN_POINT('',(-1.767766952966,9.850000002185,
    1.767766952966));
#12107 = ORIENTED_EDGE('',*,*,#11896,.F.);
#12108 = ORIENTED_EDGE('',*,*,#12109,.F.);
#12109 = EDGE_CURVE('',#11976,#11897,#12110,.T.);
#12110 = ( BOUNDED_CURVE() B_SPLINE_CURVE(2,(#12111,#12112,#12113,#12114
    ,#12115,#12116,#12117,#12118,#12119),.UNSPECIFIED.,.F.,.F.) 
B_SPLINE_CURVE_WITH_KNOTS((3,2,2,2,3),(0.25,0.275,0.3,0.325,0.35),
.PIECEWISE_BEZIER_KNOTS.) CURVE() GEOMETRIC_REPRESENTATION_ITEM() 
RATIONAL_B_SPLINE_CURVE((1.,0.923879532511,1.,0.923879532511,1.,
0.923879532511,1.,0.923879532511,1.)) REPRESENTATION_ITEM('') );
#12111 = CARTESIAN_POINT('',(1.767766952966,10.15,-1.767766952966));
#12112 = CARTESIAN_POINT('',(2.5,10.1,-1.035533905933));
#12113 = CARTESIAN_POINT('',(2.5,10.05,4.119968255445E-15));
#12114 = CARTESIAN_POINT('',(2.5,10.,1.035533905933));
#12115 = CARTESIAN_POINT('',(1.767766952966,9.95,1.767766952966));
#12116 = CARTESIAN_POINT('',(1.035533905933,9.9,2.5));
#12117 = CARTESIAN_POINT('',(-3.903127820948E-15,9.85,2.5));
#12118 = CARTESIAN_POINT('',(-1.035533905933,9.8,2.5));
#12119 = CARTESIAN_POINT('',(-1.767766952966,9.75,1.767766952966));
#12120 = ORIENTED_EDGE('',*,*,#11975,.T.);
#12121 = CYLINDRICAL_SURFACE('',#12122,2.5);
#12122 = AXIS2_PLACEMENT_3D('',#12123,#12124,#12125);
#12123 = CARTESIAN_POINT('',(0.,7.65,0.));
#12124 = DIRECTION('',(0.,1.,0.));
#12125 = DIRECTION('',(-0.707106781187,0.,0.707106781187));
#12126 = ADVANCED_FACE('',(#12127),#12150,.F.);
#12127 = FACE_BOUND('',#12128,.F.);
#12128 = EDGE_LOOP('',(#12129,#12136,#12137,#12149));
#12129 = ORIENTED_EDGE('',*,*,#12130,.F.);
#12130 = EDGE_CURVE('',#11566,#11592,#12131,.T.);
#12131 = CIRCLE('',#12132,2.5);
#12132 = AXIS2_PLACEMENT_3D('',#12133,#12134,#12135);
#12133 = CARTESIAN_POINT('',(0.,11.15,0.));
#12134 = DIRECTION('',(0.,1.,0.));
#12135 = DIRECTION('',(-0.707106781187,0.,0.707106781187));
#12136 = ORIENTED_EDGE('',*,*,#11948,.F.);
#12137 = ORIENTED_EDGE('',*,*,#12138,.F.);
#12138 = EDGE_CURVE('',#12005,#11949,#12139,.T.);
#12139 = ( BOUNDED_CURVE() B_SPLINE_CURVE(2,(#12140,#12141,#12142,#12143
    ,#12144,#12145,#12146,#12147,#12148),.UNSPECIFIED.,.F.,.F.) 
B_SPLINE_CURVE_WITH_KNOTS((3,2,2,2,3),(5.E-02,7.5E-02,0.1,0.125,0.15),
.PIECEWISE_BEZIER_KNOTS.) CURVE() GEOMETRIC_REPRESENTATION_ITEM() 
RATIONAL_B_SPLINE_CURVE((1.,0.923879532511,1.,0.923879532511,1.,
0.923879532511,1.,0.923879532511,1.)) REPRESENTATION_ITEM('') );
#12140 = CARTESIAN_POINT('',(1.767766952966,10.95,-1.767766952966));
#12141 = CARTESIAN_POINT('',(2.5,10.9,-1.035533905933));
#12142 = CARTESIAN_POINT('',(2.5,10.85,4.119968255445E-15));
#12143 = CARTESIAN_POINT('',(2.5,10.8,1.035533905933));
#12144 = CARTESIAN_POINT('',(1.767766952966,10.75,1.767766952966));
#12145 = CARTESIAN_POINT('',(1.035533905933,10.7,2.5));
#12146 = CARTESIAN_POINT('',(-3.903127820948E-15,10.65,2.5));
#12147 = CARTESIAN_POINT('',(-1.035533905933,10.6,2.5));
#12148 = CARTESIAN_POINT('',(-1.767766952966,10.55,1.767766952966));
#12149 = ORIENTED_EDGE('',*,*,#12004,.T.);
#12150 = CYLINDRICAL_SURFACE('',#12151,2.5);
#12151 = AXIS2_PLACEMENT_3D('',#12152,#12153,#12154);
#12152 = CARTESIAN_POINT('',(0.,7.65,0.));
#12153 = DIRECTION('',(0.,1.,0.));
#12154 = DIRECTION('',(-0.707106781187,0.,0.707106781187));
#12155 = ADVANCED_FACE('',(#12156),#12184,.F.);
#12156 = FACE_BOUND('',#12157,.F.);
#12157 = EDGE_LOOP('',(#12158,#12168,#12177,#12183));
#12158 = ORIENTED_EDGE('',*,*,#12159,.T.);
#12159 = EDGE_CURVE('',#11803,#12160,#12162,.T.);
#12160 = VERTEX_POINT('',#12161);
#12161 = CARTESIAN_POINT('',(1.767766920969,7.65,1.767766984964));
#12162 = ( BOUNDED_CURVE() B_SPLINE_CURVE(2,(#12163,#12164,#12165,#12166
,#12167),.UNSPECIFIED.,.F.,.F.) B_SPLINE_CURVE_WITH_KNOTS((3,2,3),(0.65,
0.675,0.700000000591),.UNSPECIFIED.) CURVE() 
GEOMETRIC_REPRESENTATION_ITEM() RATIONAL_B_SPLINE_CURVE((1.,
0.923879532511,1.,0.923879532511,1.)) REPRESENTATION_ITEM('') );
#12163 = CARTESIAN_POINT('',(1.767766952966,7.850000002185,
    -1.767766952966));
#12164 = CARTESIAN_POINT('',(2.5,7.800000002185,-1.035533905933));
#12165 = CARTESIAN_POINT('',(2.5,7.750000002185,4.119968255445E-15));
#12166 = CARTESIAN_POINT('',(2.5,7.700000002185,1.035533905933));
#12167 = CARTESIAN_POINT('',(1.767766920969,7.65,1.767766984964));
#12168 = ORIENTED_EDGE('',*,*,#12169,.T.);
#12169 = EDGE_CURVE('',#12160,#12170,#12172,.T.);
#12170 = VERTEX_POINT('',#12171);
#12171 = CARTESIAN_POINT('',(2.5,7.65,4.119968255445E-15));
#12172 = CIRCLE('',#12173,2.5);
#12173 = AXIS2_PLACEMENT_3D('',#12174,#12175,#12176);
#12174 = CARTESIAN_POINT('',(0.,7.65,0.));
#12175 = DIRECTION('',(0.,1.,0.));
#12176 = DIRECTION('',(-0.707106781187,0.,0.707106781187));
#12177 = ORIENTED_EDGE('',*,*,#12178,.F.);
#12178 = EDGE_CURVE('',#11817,#12170,#12179,.T.);
#12179 = ( BOUNDED_CURVE() B_SPLINE_CURVE(2,(#12180,#12181,#12182),
.UNSPECIFIED.,.F.,.F.) B_SPLINE_CURVE_WITH_KNOTS((3,3),(0.85,0.875),
.PIECEWISE_BEZIER_KNOTS.) CURVE() GEOMETRIC_REPRESENTATION_ITEM() 
RATIONAL_B_SPLINE_CURVE((1.,0.923879532511,1.)) REPRESENTATION_ITEM('') 
  );
#12180 = CARTESIAN_POINT('',(1.767766952966,7.75,-1.767766952966));
#12181 = CARTESIAN_POINT('',(2.5,7.7,-1.035533905933));
#12182 = CARTESIAN_POINT('',(2.5,7.65,4.119968255445E-15));
#12183 = ORIENTED_EDGE('',*,*,#11816,.T.);
#12184 = CYLINDRICAL_SURFACE('',#12185,2.5);
#12185 = AXIS2_PLACEMENT_3D('',#12186,#12187,#12188);
#12186 = CARTESIAN_POINT('',(0.,7.65,0.));
#12187 = DIRECTION('',(0.,1.,0.));
#12188 = DIRECTION('',(-0.707106781187,0.,0.707106781187));
#12189 = ADVANCED_FACE('',(#12190,#12200),#12266,.T.);
#12190 = FACE_BOUND('',#12191,.T.);
#12191 = EDGE_LOOP('',(#12192,#12199));
#12192 = ORIENTED_EDGE('',*,*,#12193,.F.);
#12193 = EDGE_CURVE('',#11617,#11625,#12194,.T.);
#12194 = CIRCLE('',#12195,1.95);
#12195 = AXIS2_PLACEMENT_3D('',#12196,#12197,#12198);
#12196 = CARTESIAN_POINT('',(0.,7.65,0.));
#12197 = DIRECTION('',(0.,1.,0.));
#12198 = DIRECTION('',(-0.707106781187,0.,0.707106781187));
#12199 = ORIENTED_EDGE('',*,*,#11624,.F.);
#12200 = FACE_BOUND('',#12201,.T.);
#12201 = EDGE_LOOP('',(#12202,#12203,#12226,#12245));
#12202 = ORIENTED_EDGE('',*,*,#12169,.T.);
#12203 = ORIENTED_EDGE('',*,*,#12204,.T.);
#12204 = EDGE_CURVE('',#12170,#12205,#12207,.T.);
#12205 = VERTEX_POINT('',#12206);
#12206 = CARTESIAN_POINT('',(-0.791001778652,7.65,-1.909647267045));
#12207 = B_SPLINE_CURVE_WITH_KNOTS('',3,(#12208,#12209,#12210,#12211,
    #12212,#12213,#12214,#12215,#12216,#12217,#12218,#12219,#12220,
    #12221,#12222,#12223,#12224,#12225),.UNSPECIFIED.,.F.,.F.,(4,2,2,2,2
    ,2,2,2,4),(0.,5.599264814053E-04,1.119852962811E-03,
    1.679779444216E-03,2.239705925621E-03,2.799632407027E-03,
    3.359558888432E-03,3.919485369837E-03,4.479411851243E-03),
  .UNSPECIFIED.);
#12208 = CARTESIAN_POINT('',(2.5,7.65,4.119968255445E-15));
#12209 = CARTESIAN_POINT('',(2.484221310661,7.65,-0.188670767971));
#12210 = CARTESIAN_POINT('',(2.446818050317,7.65,-0.371770991635));
#12211 = CARTESIAN_POINT('',(2.330240609665,7.65,-0.727211144099));
#12212 = CARTESIAN_POINT('',(2.249829861282,7.65,-0.900577071673));
#12213 = CARTESIAN_POINT('',(2.054122290468,7.65,-1.218761725175));
#12214 = CARTESIAN_POINT('',(1.937356658061,7.65,-1.366919386428));
#12215 = CARTESIAN_POINT('',(1.670720288272,7.65,-1.633471722152));
#12216 = CARTESIAN_POINT('',(1.524346487393,7.65,-1.749128039131));
#12217 = CARTESIAN_POINT('',(1.203169037782,7.65,-1.942071768828));
#12218 = CARTESIAN_POINT('',(1.028258191182,7.65,-2.018985708854));
#12219 = CARTESIAN_POINT('',(0.67028200413,7.65,-2.125135801581));
#12220 = CARTESIAN_POINT('',(0.482029075343,7.65,-2.155989633092));
#12221 = CARTESIAN_POINT('',(0.106986301994,7.65,-2.169275729499));
#12222 = CARTESIAN_POINT('',(-7.915648680155E-02,7.65,-2.153125375274));
#12223 = CARTESIAN_POINT('',(-0.448250453753,7.65,-2.06805535182));
#12224 = CARTESIAN_POINT('',(-0.624632883703,7.65,-2.000913270216));
#12225 = CARTESIAN_POINT('',(-0.791001778652,7.65,-1.909647267045));
#12226 = ORIENTED_EDGE('',*,*,#12227,.T.);
#12227 = EDGE_CURVE('',#12205,#12228,#12230,.T.);
#12228 = VERTEX_POINT('',#12229);
#12229 = CARTESIAN_POINT('',(-1.909647267044,7.65,0.791001778653));
#12230 = B_SPLINE_CURVE_WITH_KNOTS('',3,(#12231,#12232,#12233,#12234,
    #12235,#12236,#12237,#12238,#12239,#12240,#12241,#12242,#12243,
    #12244),.UNSPECIFIED.,.F.,.F.,(4,2,2,2,2,2,4),(4.384642808515E-17,
    8.152643689841E-04,1.222896553476E-03,1.630528737968E-03,
    2.03816092246E-03,2.445793106952E-03,3.261057475936E-03),
  .UNSPECIFIED.);
#12231 = CARTESIAN_POINT('',(-0.791001778652,7.65,-1.909647267045));
#12232 = CARTESIAN_POINT('',(-1.043265454851,7.65,-1.80515623354));
#12233 = CARTESIAN_POINT('',(-1.272701442105,7.65,-1.650814227561));
#12234 = CARTESIAN_POINT('',(-1.558065746049,7.65,-1.364916718494));
#12235 = CARTESIAN_POINT('',(-1.645030937392,7.65,-1.258827244711));
#12236 = CARTESIAN_POINT('',(-1.795201842725,7.65,-1.033452060273));
#12237 = CARTESIAN_POINT('',(-1.85850894976,7.65,-0.914672947804));
#12238 = CARTESIAN_POINT('',(-1.961741039071,7.65,-0.665021964603));
#12239 = CARTESIAN_POINT('',(-2.001539421187,7.65,-0.533334384493));
#12240 = CARTESIAN_POINT('',(-2.053853174858,7.65,-0.268873123194));
#12241 = CARTESIAN_POINT('',(-2.067059770835,7.65,-0.134818470466));
#12242 = CARTESIAN_POINT('',(-2.066841469744,7.65,0.27295660571));
#12243 = CARTESIAN_POINT('',(-2.014138300549,7.65,0.538738102452));
#12244 = CARTESIAN_POINT('',(-1.909647267044,7.65,0.791001778653));
#12245 = ORIENTED_EDGE('',*,*,#12246,.T.);
#12246 = EDGE_CURVE('',#12228,#12160,#12247,.T.);
#12247 = B_SPLINE_CURVE_WITH_KNOTS('',3,(#12248,#12249,#12250,#12251,
    #12252,#12253,#12254,#12255,#12256,#12257,#12258,#12259,#12260,
    #12261,#12262,#12263,#12264,#12265),.UNSPECIFIED.,.F.,.F.,(4,2,2,2,2
    ,2,2,2,4),(9.83961856223E-16,5.60803563826E-04,1.121607127651E-03,
    1.682410691476E-03,2.243214255301E-03,2.804017819126E-03,
    3.364821382951E-03,3.925624946776E-03,4.486428510601E-03),
  .UNSPECIFIED.);
#12248 = CARTESIAN_POINT('',(-1.909647267044,7.65,0.791001778653));
#12249 = CARTESIAN_POINT('',(-1.856578267053,7.65,0.973051057095));
#12250 = CARTESIAN_POINT('',(-1.78000668894,7.65,1.143679003825));
#12251 = CARTESIAN_POINT('',(-1.581174112057,7.65,1.462731629775));
#12252 = CARTESIAN_POINT('',(-1.458957156542,7.65,1.608754092639));
#12253 = CARTESIAN_POINT('',(-1.184946901494,7.65,1.864324913876));
#12254 = CARTESIAN_POINT('',(-1.029641476409,7.65,1.976093766407));
#12255 = CARTESIAN_POINT('',(-0.701012500706,7.65,2.154550021601));
#12256 = CARTESIAN_POINT('',(-0.523852878351,7.65,2.223611564848));
#12257 = CARTESIAN_POINT('',(-0.159089710639,7.65,2.314727449557));
#12258 = CARTESIAN_POINT('',(2.65503228096E-02,7.65,2.336440708562));
#12259 = CARTESIAN_POINT('',(0.403763223816,7.65,2.33645193145));
#12260 = CARTESIAN_POINT('',(0.591051982002,7.65,2.314246848314));
#12261 = CARTESIAN_POINT('',(0.955038261617,7.65,2.227387293901));
#12262 = CARTESIAN_POINT('',(1.134465007571,7.65,2.161518037331));
#12263 = CARTESIAN_POINT('',(1.467456522976,7.65,1.992898914349));
#12264 = CARTESIAN_POINT('',(1.623209034861,7.65,1.890011928979));
#12265 = CARTESIAN_POINT('',(1.767766920969,7.65,1.767766984964));
#12266 = PLANE('',#12267);
#12267 = AXIS2_PLACEMENT_3D('',#12268,#12269,#12270);
#12268 = CARTESIAN_POINT('',(0.,7.65,0.));
#12269 = DIRECTION('',(0.,1.,0.));
#12270 = DIRECTION('',(-0.707106781187,0.,0.707106781187));
#12271 = ADVANCED_FACE('',(#12272,#12282),#12292,.T.);
#12272 = FACE_BOUND('',#12273,.T.);
#12273 = EDGE_LOOP('',(#12274,#12275));
#12274 = ORIENTED_EDGE('',*,*,#11582,.T.);
#12275 = ORIENTED_EDGE('',*,*,#12276,.T.);
#12276 = EDGE_CURVE('',#11583,#11575,#12277,.T.);
#12277 = CIRCLE('',#12278,3.);
#12278 = AXIS2_PLACEMENT_3D('',#12279,#12280,#12281);
#12279 = CARTESIAN_POINT('',(0.,11.65,0.));
#12280 = DIRECTION('',(-0.,-1.,0.));
#12281 = DIRECTION('',(-0.707106781187,0.,0.707106781187));
#12282 = FACE_BOUND('',#12283,.T.);
#12283 = EDGE_LOOP('',(#12284,#12291));
#12284 = ORIENTED_EDGE('',*,*,#12285,.T.);
#12285 = EDGE_CURVE('',#11763,#11761,#12286,.T.);
#12286 = CIRCLE('',#12287,4.15);
#12287 = AXIS2_PLACEMENT_3D('',#12288,#12289,#12290);
#12288 = CARTESIAN_POINT('',(0.,11.65,0.));
#12289 = DIRECTION('',(0.,1.,0.));
#12290 = DIRECTION('',(-0.707106781187,0.,0.707106781187));
#12291 = ORIENTED_EDGE('',*,*,#11760,.T.);
#12292 = PLANE('',#12293);
#12293 = AXIS2_PLACEMENT_3D('',#12294,#12295,#12296);
#12294 = CARTESIAN_POINT('',(-2.934493141924,11.65,-2.934493141924));
#12295 = DIRECTION('',(0.,1.,0.));
#12296 = DIRECTION('',(-0.707106781187,0.,0.707106781187));
#12297 = ADVANCED_FACE('',(#12298),#12310,.T.);
#12298 = FACE_BOUND('',#12299,.T.);
#12299 = EDGE_LOOP('',(#12300,#12301,#12302,#12303));
#12300 = ORIENTED_EDGE('',*,*,#11771,.F.);
#12301 = ORIENTED_EDGE('',*,*,#12285,.F.);
#12302 = ORIENTED_EDGE('',*,*,#11778,.T.);
#12303 = ORIENTED_EDGE('',*,*,#12304,.T.);
#12304 = EDGE_CURVE('',#11730,#11738,#12305,.T.);
#12305 = CIRCLE('',#12306,4.65);
#12306 = AXIS2_PLACEMENT_3D('',#12307,#12308,#12309);
#12307 = CARTESIAN_POINT('',(0.,11.15,0.));
#12308 = DIRECTION('',(0.,1.,0.));
#12309 = DIRECTION('',(-0.707106781187,0.,0.707106781187));
#12310 = CONICAL_SURFACE('',#12311,4.15,0.785398163397);
#12311 = AXIS2_PLACEMENT_3D('',#12312,#12313,#12314);
#12312 = CARTESIAN_POINT('',(0.,11.65,0.));
#12313 = DIRECTION('',(0.,-1.,0.));
#12314 = DIRECTION('',(0.707106781187,0.,-0.707106781187));
#12315 = ADVANCED_FACE('',(#12316),#12322,.T.);
#12316 = FACE_BOUND('',#12317,.T.);
#12317 = EDGE_LOOP('',(#12318,#12319,#12320,#12321));
#12318 = ORIENTED_EDGE('',*,*,#11729,.F.);
#12319 = ORIENTED_EDGE('',*,*,#11539,.T.);
#12320 = ORIENTED_EDGE('',*,*,#11746,.T.);
#12321 = ORIENTED_EDGE('',*,*,#12304,.F.);
#12322 = CYLINDRICAL_SURFACE('',#12323,4.65);
#12323 = AXIS2_PLACEMENT_3D('',#12324,#12325,#12326);
#12324 = CARTESIAN_POINT('',(0.,11.65,0.));
#12325 = DIRECTION('',(0.,1.,0.));
#12326 = DIRECTION('',(-0.707106781187,0.,0.707106781187));
#12327 = ADVANCED_FACE('',(#12328),#12334,.F.);
#12328 = FACE_BOUND('',#12329,.F.);
#12329 = EDGE_LOOP('',(#12330,#12331,#12332,#12333));
#12330 = ORIENTED_EDGE('',*,*,#11712,.T.);
#12331 = ORIENTED_EDGE('',*,*,#11675,.F.);
#12332 = ORIENTED_EDGE('',*,*,#11698,.F.);
#12333 = ORIENTED_EDGE('',*,*,#11515,.T.);
#12334 = TOROIDAL_SURFACE('',#12335,4.86,0.75);
#12335 = AXIS2_PLACEMENT_3D('',#12336,#12337,#12338);
#12336 = CARTESIAN_POINT('',(0.,10.07,0.));
#12337 = DIRECTION('',(0.,1.,0.));
#12338 = DIRECTION('',(-0.707106781187,0.,0.707106781187));
#12339 = ADVANCED_FACE('',(#12340),#12352,.T.);
#12340 = FACE_BOUND('',#12341,.T.);
#12341 = EDGE_LOOP('',(#12342,#12343,#12350,#12351));
#12342 = ORIENTED_EDGE('',*,*,#11667,.F.);
#12343 = ORIENTED_EDGE('',*,*,#12344,.T.);
#12344 = EDGE_CURVE('',#11659,#11657,#12345,.T.);
#12345 = CIRCLE('',#12346,4.65);
#12346 = AXIS2_PLACEMENT_3D('',#12347,#12348,#12349);
#12347 = CARTESIAN_POINT('',(0.,0.87,0.));
#12348 = DIRECTION('',(0.,1.,0.));
#12349 = DIRECTION('',(-0.707106781187,0.,0.707106781187));
#12350 = ORIENTED_EDGE('',*,*,#11684,.T.);
#12351 = ORIENTED_EDGE('',*,*,#11705,.F.);
#12352 = CYLINDRICAL_SURFACE('',#12353,4.65);
#12353 = AXIS2_PLACEMENT_3D('',#12354,#12355,#12356);
#12354 = CARTESIAN_POINT('',(0.,11.65,0.));
#12355 = DIRECTION('',(0.,1.,0.));
#12356 = DIRECTION('',(-0.707106781187,0.,0.707106781187));
#12357 = ADVANCED_FACE('',(#12358),#12362,.T.);
#12358 = FACE_BOUND('',#12359,.T.);
#12359 = EDGE_LOOP('',(#12360,#12361));
#12360 = ORIENTED_EDGE('',*,*,#11656,.F.);
#12361 = ORIENTED_EDGE('',*,*,#12344,.F.);
#12362 = PLANE('',#12363);
#12363 = AXIS2_PLACEMENT_3D('',#12364,#12365,#12366);
#12364 = CARTESIAN_POINT('',(0.,0.87,0.));
#12365 = DIRECTION('',(0.,-1.,0.));
#12366 = DIRECTION('',(0.707106781187,0.,-0.707106781187));
#12367 = ADVANCED_FACE('',(#12368),#12380,.F.);
#12368 = FACE_BOUND('',#12369,.F.);
#12369 = EDGE_LOOP('',(#12370,#12371,#12372,#12379));
#12370 = ORIENTED_EDGE('',*,*,#12193,.F.);
#12371 = ORIENTED_EDGE('',*,*,#11614,.F.);
#12372 = ORIENTED_EDGE('',*,*,#12373,.T.);
#12373 = EDGE_CURVE('',#11615,#11634,#12374,.T.);
#12374 = CIRCLE('',#12375,1.95);
#12375 = AXIS2_PLACEMENT_3D('',#12376,#12377,#12378);
#12376 = CARTESIAN_POINT('',(0.,6.65,0.));
#12377 = DIRECTION('',(0.,1.,0.));
#12378 = DIRECTION('',(-0.707106781187,0.,0.707106781187));
#12379 = ORIENTED_EDGE('',*,*,#11633,.T.);
#12380 = CYLINDRICAL_SURFACE('',#12381,1.95);
#12381 = AXIS2_PLACEMENT_3D('',#12382,#12383,#12384);
#12382 = CARTESIAN_POINT('',(0.,6.65,0.));
#12383 = DIRECTION('',(0.,1.,0.));
#12384 = DIRECTION('',(-0.707106781187,0.,0.707106781187));
#12385 = ADVANCED_FACE('',(#12386),#12390,.T.);
#12386 = FACE_BOUND('',#12387,.T.);
#12387 = EDGE_LOOP('',(#12388,#12389));
#12388 = ORIENTED_EDGE('',*,*,#12373,.T.);
#12389 = ORIENTED_EDGE('',*,*,#11641,.T.);
#12390 = PLANE('',#12391);
#12391 = AXIS2_PLACEMENT_3D('',#12392,#12393,#12394);
#12392 = CARTESIAN_POINT('',(0.,6.65,0.));
#12393 = DIRECTION('',(0.,1.,0.));
#12394 = DIRECTION('',(-0.707106781187,0.,0.707106781187));
#12395 = ADVANCED_FACE('',(#12396),#12421,.T.);
#12396 = FACE_BOUND('',#12397,.T.);
#12397 = EDGE_LOOP('',(#12398,#12406,#12407,#12415));
#12398 = ORIENTED_EDGE('',*,*,#12399,.T.);
#12399 = EDGE_CURVE('',#12400,#11564,#12402,.T.);
#12400 = VERTEX_POINT('',#12401);
#12401 = CARTESIAN_POINT('',(-1.461580736456,10.900000001092,
    -1.461580736456));
#12402 = LINE('',#12403,#12404);
#12403 = CARTESIAN_POINT('',(-1.614673844711,11.025000000546,
    -1.614673844711));
#12404 = VECTOR('',#12405,1.);
#12405 = DIRECTION('',(-0.612372435696,0.5,-0.612372435696));
#12406 = ORIENTED_EDGE('',*,*,#11957,.T.);
#12407 = ORIENTED_EDGE('',*,*,#12408,.T.);
#12408 = EDGE_CURVE('',#11958,#12409,#12411,.T.);
#12409 = VERTEX_POINT('',#12410);
#12410 = CARTESIAN_POINT('',(-1.461580736456,10.700000001092,
    -1.461580736456));
#12411 = LINE('',#12412,#12413);
#12412 = CARTESIAN_POINT('',(-1.614673844711,10.575000001639,
    -1.614673844711));
#12413 = VECTOR('',#12414,1.);
#12414 = DIRECTION('',(0.612372435696,0.5,0.612372435696));
#12415 = ORIENTED_EDGE('',*,*,#12416,.T.);
#12416 = EDGE_CURVE('',#12409,#12400,#12417,.T.);
#12417 = LINE('',#12418,#12419);
#12418 = CARTESIAN_POINT('',(-1.461580736456,10.800000001092,
    -1.461580736456));
#12419 = VECTOR('',#12420,1.);
#12420 = DIRECTION('',(0.,1.,0.));
#12421 = PLANE('',#12422);
#12422 = AXIS2_PLACEMENT_3D('',#12423,#12424,#12425);
#12423 = CARTESIAN_POINT('',(-1.614673844711,11.025000000546,
    -1.614673844711));
#12424 = DIRECTION('',(-0.707106781187,0.,0.707106781187));
#12425 = DIRECTION('',(0.707106781187,0.,0.707106781187));
#12426 = ADVANCED_FACE('',(#12427),#12511,.F.);
#12427 = FACE_BOUND('',#12428,.F.);
#12428 = EDGE_LOOP('',(#12429,#12499,#12500,#12501,#12502,#12503,#12504,
    #12505,#12506,#12507,#12508,#12509,#12510));
#12429 = ORIENTED_EDGE('',*,*,#12430,.F.);
#12430 = EDGE_CURVE('',#12400,#12205,#12431,.T.);
#12431 = ( BOUNDED_CURVE() B_SPLINE_CURVE(2,(#12432,#12433,#12434,#12435
    ,#12436,#12437,#12438,#12439,#12440,#12441,#12442,#12443,#12444,
    #12445,#12446,#12447,#12448,#12449,#12450,#12451,#12452,#12453,
    #12454,#12455,#12456,#12457,#12458,#12459,#12460,#12461,#12462,
    #12463,#12464,#12465,#12466,#12467,#12468,#12469,#12470,#12471,
    #12472,#12473,#12474,#12475,#12476,#12477,#12478,#12479,#12480,
    #12481,#12482,#12483,#12484,#12485,#12486,#12487,#12488,#12489,
    #12490,#12491,#12492,#12493,#12494,#12495,#12496,#12497,#12498),
.UNSPECIFIED.,.F.,.F.) B_SPLINE_CURVE_WITH_KNOTS((3,2,2,2,2,2,2,2,2,2,2,
    2,2,2,2,2,2,2,2,2,2,2,2,2,2,2,2,2,2,2,2,2,2,3),(0.,2.5E-02,5.E-02,
    7.5E-02,0.1,0.125,0.15,0.175,0.2,0.225,0.25,0.275,0.3,0.325,0.35,
    0.375,0.4,0.425,0.45,0.475,0.5,0.525,0.55,0.575,0.6,0.625,0.65,0.675
,0.7,0.725,0.75,0.775,0.8,0.812500000263),.UNSPECIFIED.) CURVE() 
GEOMETRIC_REPRESENTATION_ITEM() RATIONAL_B_SPLINE_CURVE((1.,
    0.923879532511,1.,0.923879532511,1.,0.923879532511,1.,0.923879532511
    ,1.,0.923879532511,1.,0.923879532511,1.,0.923879532511,1.,
    0.923879532511,1.,0.923879532511,1.,0.923879532511,1.,0.923879532511
    ,1.,0.923879532511,1.,0.923879532511,1.,0.923879532511,1.,
    0.923879532511,1.,0.923879532511,1.,0.923879532511,1.,0.923879532511
    ,1.,0.923879532511,1.,0.923879532511,1.,0.923879532511,1.,
    0.923879532511,1.,0.923879532511,1.,0.923879532511,1.,0.923879532511
    ,1.,0.923879532511,1.,0.923879532511,1.,0.923879532511,1.,
    0.923879532511,1.,0.923879532511,1.,0.923879532511,1.,0.923879532511
,1.,0.961939765456,0.961939766256)) REPRESENTATION_ITEM('') );
#12432 = CARTESIAN_POINT('',(-1.461580736456,10.900000001092,
    -1.461580736456));
#12433 = CARTESIAN_POINT('',(-0.856174172913,10.850000001092,-2.0669873)
  );
#12434 = CARTESIAN_POINT('',(3.469446951954E-15,10.800000001092,
    -2.0669873));
#12435 = CARTESIAN_POINT('',(0.856174172913,10.750000001092,-2.0669873)
  );
#12436 = CARTESIAN_POINT('',(1.461580736456,10.700000001092,
    -1.461580736456));
#12437 = CARTESIAN_POINT('',(2.0669873,10.650000001092,-0.856174172913)
  );
#12438 = CARTESIAN_POINT('',(2.0669873,10.600000001092,
    3.252606517457E-15));
#12439 = CARTESIAN_POINT('',(2.0669873,10.550000001092,0.856174172913));
#12440 = CARTESIAN_POINT('',(1.461580736456,10.500000001092,
    1.461580736456));
#12441 = CARTESIAN_POINT('',(0.856174172913,10.450000001092,2.0669873));
#12442 = CARTESIAN_POINT('',(-3.252606517457E-15,10.400000001092,
    2.0669873));
#12443 = CARTESIAN_POINT('',(-0.856174172913,10.350000001092,2.0669873)
  );
#12444 = CARTESIAN_POINT('',(-1.461580736456,10.300000001092,
    1.461580736456));
#12445 = CARTESIAN_POINT('',(-2.0669873,10.250000001092,0.856174172913)
  );
#12446 = CARTESIAN_POINT('',(-2.0669873,10.200000001092,
    -3.252606517457E-15));
#12447 = CARTESIAN_POINT('',(-2.0669873,10.150000001092,-0.856174172913)
  );
#12448 = CARTESIAN_POINT('',(-1.461580736456,10.100000001092,
    -1.461580736456));
#12449 = CARTESIAN_POINT('',(-0.856174172913,10.050000001092,-2.0669873)
  );
#12450 = CARTESIAN_POINT('',(3.469446951954E-15,10.000000001092,
    -2.0669873));
#12451 = CARTESIAN_POINT('',(0.856174172913,9.950000001092,-2.0669873));
#12452 = CARTESIAN_POINT('',(1.461580736456,9.900000001092,
    -1.461580736456));
#12453 = CARTESIAN_POINT('',(2.0669873,9.850000001092,-0.856174172913));
#12454 = CARTESIAN_POINT('',(2.0669873,9.800000001092,3.252606517457E-15
    ));
#12455 = CARTESIAN_POINT('',(2.0669873,9.750000001092,0.856174172913));
#12456 = CARTESIAN_POINT('',(1.461580736456,9.700000001092,
    1.461580736456));
#12457 = CARTESIAN_POINT('',(0.856174172913,9.650000001092,2.0669873));
#12458 = CARTESIAN_POINT('',(-3.252606517457E-15,9.600000001092,
    2.0669873));
#12459 = CARTESIAN_POINT('',(-0.856174172913,9.550000001092,2.0669873));
#12460 = CARTESIAN_POINT('',(-1.461580736456,9.500000001092,
    1.461580736456));
#12461 = CARTESIAN_POINT('',(-2.0669873,9.450000001092,0.856174172913));
#12462 = CARTESIAN_POINT('',(-2.0669873,9.400000001092,
    -3.252606517457E-15));
#12463 = CARTESIAN_POINT('',(-2.0669873,9.350000001092,-0.856174172913)
  );
#12464 = CARTESIAN_POINT('',(-1.461580736456,9.300000001092,
    -1.461580736456));
#12465 = CARTESIAN_POINT('',(-0.856174172913,9.250000001092,-2.0669873)
  );
#12466 = CARTESIAN_POINT('',(3.469446951954E-15,9.200000001092,
    -2.0669873));
#12467 = CARTESIAN_POINT('',(0.856174172913,9.150000001092,-2.0669873));
#12468 = CARTESIAN_POINT('',(1.461580736456,9.100000001092,
    -1.461580736456));
#12469 = CARTESIAN_POINT('',(2.0669873,9.050000001092,-0.856174172913));
#12470 = CARTESIAN_POINT('',(2.0669873,9.000000001092,3.252606517457E-15
    ));
#12471 = CARTESIAN_POINT('',(2.0669873,8.950000001092,0.856174172913));
#12472 = CARTESIAN_POINT('',(1.461580736456,8.900000001092,
    1.461580736456));
#12473 = CARTESIAN_POINT('',(0.856174172913,8.850000001092,2.0669873));
#12474 = CARTESIAN_POINT('',(-3.252606517457E-15,8.800000001092,
    2.0669873));
#12475 = CARTESIAN_POINT('',(-0.856174172913,8.750000001092,2.0669873));
#12476 = CARTESIAN_POINT('',(-1.461580736456,8.700000001092,
    1.461580736456));
#12477 = CARTESIAN_POINT('',(-2.0669873,8.650000001092,0.856174172913));
#12478 = CARTESIAN_POINT('',(-2.0669873,8.600000001092,
    -3.252606517457E-15));
#12479 = CARTESIAN_POINT('',(-2.0669873,8.550000001092,-0.856174172913)
  );
#12480 = CARTESIAN_POINT('',(-1.461580736456,8.500000001092,
    -1.461580736456));
#12481 = CARTESIAN_POINT('',(-0.856174172913,8.450000001092,-2.0669873)
  );
#12482 = CARTESIAN_POINT('',(3.469446951954E-15,8.400000001092,
    -2.0669873));
#12483 = CARTESIAN_POINT('',(0.856174172913,8.350000001092,-2.0669873));
#12484 = CARTESIAN_POINT('',(1.461580736456,8.300000001092,
    -1.461580736456));
#12485 = CARTESIAN_POINT('',(2.0669873,8.250000001092,-0.856174172913));
#12486 = CARTESIAN_POINT('',(2.0669873,8.200000001092,3.252606517457E-15
    ));
#12487 = CARTESIAN_POINT('',(2.0669873,8.150000001092,0.856174172913));
#12488 = CARTESIAN_POINT('',(1.461580736456,8.100000001092,
    1.461580736456));
#12489 = CARTESIAN_POINT('',(0.856174172913,8.050000001092,2.0669873));
#12490 = CARTESIAN_POINT('',(-3.252606517457E-15,8.000000001092,
    2.0669873));
#12491 = CARTESIAN_POINT('',(-0.856174172913,7.950000001092,2.0669873));
#12492 = CARTESIAN_POINT('',(-1.461580736456,7.900000001092,
    1.461580736456));
#12493 = CARTESIAN_POINT('',(-2.0669873,7.850000001092,0.856174172913));
#12494 = CARTESIAN_POINT('',(-2.0669873,7.800000001092,
    -3.252606517457E-15));
#12495 = CARTESIAN_POINT('',(-2.0669873,7.750000001092,-0.856174172913)
  );
#12496 = CARTESIAN_POINT('',(-1.461580736456,7.700000001092,
    -1.461580736456));
#12497 = CARTESIAN_POINT('',(-1.170854245699,7.675989153815,
    -1.752307227214));
#12498 = CARTESIAN_POINT('',(-0.791001778652,7.65,-1.909647267045));
#12499 = ORIENTED_EDGE('',*,*,#12399,.T.);
#12500 = ORIENTED_EDGE('',*,*,#12012,.T.);
#12501 = ORIENTED_EDGE('',*,*,#12138,.T.);
#12502 = ORIENTED_EDGE('',*,*,#11983,.T.);
#12503 = ORIENTED_EDGE('',*,*,#12109,.T.);
#12504 = ORIENTED_EDGE('',*,*,#11928,.T.);
#12505 = ORIENTED_EDGE('',*,*,#12075,.T.);
#12506 = ORIENTED_EDGE('',*,*,#11876,.T.);
#12507 = ORIENTED_EDGE('',*,*,#12041,.T.);
#12508 = ORIENTED_EDGE('',*,*,#11824,.T.);
#12509 = ORIENTED_EDGE('',*,*,#12178,.T.);
#12510 = ORIENTED_EDGE('',*,*,#12204,.T.);
#12511 = ( BOUNDED_SURFACE() B_SPLINE_SURFACE(1,2,(
    (#12512,#12513,#12514,#12515,#12516,#12517,#12518,#12519,#12520
      ,#12521,#12522,#12523,#12524,#12525,#12526,#12527,#12528,#12529
      ,#12530,#12531,#12532,#12533,#12534,#12535,#12536,#12537,#12538
      ,#12539,#12540,#12541,#12542,#12543,#12544,#12545,#12546,#12547
      ,#12548,#12549,#12550,#12551,#12552,#12553,#12554,#12555,#12556
      ,#12557,#12558,#12559,#12560,#12561,#12562,#12563,#12564,#12565
      ,#12566,#12567,#12568,#12569,#12570,#12571,#12572,#12573,#12574
      ,#12575,#12576,#12577,#12578,#12579,#12580,#12581,#12582)
    ,(#12583,#12584,#12585,#12586,#12587,#12588,#12589,#12590,#12591
      ,#12592,#12593,#12594,#12595,#12596,#12597,#12598,#12599,#12600
      ,#12601,#12602,#12603,#12604,#12605,#12606,#12607,#12608,#12609
      ,#12610,#12611,#12612,#12613,#12614,#12615,#12616,#12617,#12618
      ,#12619,#12620,#12621,#12622,#12623,#12624,#12625,#12626,#12627
      ,#12628,#12629,#12630,#12631,#12632,#12633,#12634,#12635,#12636
      ,#12637,#12638,#12639,#12640,#12641,#12642,#12643,#12644,#12645
      ,#12646,#12647,#12648,#12649,#12650,#12651,#12652,#12653
)),.UNSPECIFIED.,.F.,.F.,.F.) B_SPLINE_SURFACE_WITH_KNOTS((2,2),(3,2,2,2
    ,2,2,2,2,2,2,2,2,2,2,2,2,2,2,2,2,2,2,2,2,2,2,2,2,2,2,2,2,2,2,2,3),(
    0.,1.),(0.,2.5E-02,5.E-02,7.5E-02,0.1,0.125,0.15,0.175,0.2,0.225,
    0.25,0.275,0.3,0.325,0.35,0.375,0.4,0.425,0.45,0.475,0.5,0.525,0.55,
    0.575,0.6,0.625,0.65,0.675,0.7,0.725,0.75,0.775,0.8,0.825,0.85,0.875
),.PIECEWISE_BEZIER_KNOTS.) GEOMETRIC_REPRESENTATION_ITEM() 
RATIONAL_B_SPLINE_SURFACE((
    (1.,0.923879532511,1.,0.923879532511,1.,0.923879532511,1.
      ,0.923879532511,1.,0.923879532511,1.,0.923879532511,1.
      ,0.923879532511,1.,0.923879532511,1.,0.923879532511,1.
      ,0.923879532511,1.,0.923879532511,1.,0.923879532511,1.
      ,0.923879532511,1.,0.923879532511,1.,0.923879532511,1.
      ,0.923879532511,1.,0.923879532511,1.,0.923879532511,1.
      ,0.923879532511,1.,0.923879532511,1.,0.923879532511,1.
      ,0.923879532511,1.,0.923879532511,1.,0.923879532511,1.
      ,0.923879532511,1.,0.923879532511,1.,0.923879532511,1.
      ,0.923879532511,1.,0.923879532511,1.,0.923879532511,1.
      ,0.923879532511,1.,0.923879532511,1.,0.923879532511,1.
      ,0.923879532511,1.,0.923879532511,1.)
    ,(1.,0.923879532511,1.,0.923879532511,1.,0.923879532511,1.
      ,0.923879532511,1.,0.923879532511,1.,0.923879532511,1.
      ,0.923879532511,1.,0.923879532511,1.,0.923879532511,1.
      ,0.923879532511,1.,0.923879532511,1.,0.923879532511,1.
      ,0.923879532511,1.,0.923879532511,1.,0.923879532511,1.
      ,0.923879532511,1.,0.923879532511,1.,0.923879532511,1.
      ,0.923879532511,1.,0.923879532511,1.,0.923879532511,1.
      ,0.923879532511,1.,0.923879532511,1.,0.923879532511,1.
      ,0.923879532511,1.,0.923879532511,1.,0.923879532511,1.
      ,0.923879532511,1.,0.923879532511,1.,0.923879532511,1.
      ,0.923879532511,1.,0.923879532511,1.,0.923879532511,1.
,0.923879532511,1.,0.923879532511,1.
  ))) REPRESENTATION_ITEM('') SURFACE() );
#12512 = CARTESIAN_POINT('',(-1.461580736456,10.900000001092,
    -1.461580736456));
#12513 = CARTESIAN_POINT('',(-0.856174172913,10.850000001092,-2.0669873)
  );
#12514 = CARTESIAN_POINT('',(3.469446951954E-15,10.800000001092,
    -2.0669873));
#12515 = CARTESIAN_POINT('',(0.856174172913,10.750000001092,-2.0669873)
  );
#12516 = CARTESIAN_POINT('',(1.461580736456,10.700000001092,
    -1.461580736456));
#12517 = CARTESIAN_POINT('',(2.0669873,10.650000001092,-0.856174172913)
  );
#12518 = CARTESIAN_POINT('',(2.0669873,10.600000001092,
    3.252606517457E-15));
#12519 = CARTESIAN_POINT('',(2.0669873,10.550000001092,0.856174172913));
#12520 = CARTESIAN_POINT('',(1.461580736456,10.500000001092,
    1.461580736456));
#12521 = CARTESIAN_POINT('',(0.856174172913,10.450000001092,2.0669873));
#12522 = CARTESIAN_POINT('',(-3.252606517457E-15,10.400000001092,
    2.0669873));
#12523 = CARTESIAN_POINT('',(-0.856174172913,10.350000001092,2.0669873)
  );
#12524 = CARTESIAN_POINT('',(-1.461580736456,10.300000001092,
    1.461580736456));
#12525 = CARTESIAN_POINT('',(-2.0669873,10.250000001092,0.856174172913)
  );
#12526 = CARTESIAN_POINT('',(-2.0669873,10.200000001092,
    -3.252606517457E-15));
#12527 = CARTESIAN_POINT('',(-2.0669873,10.150000001092,-0.856174172913)
  );
#12528 = CARTESIAN_POINT('',(-1.461580736456,10.100000001092,
    -1.461580736456));
#12529 = CARTESIAN_POINT('',(-0.856174172913,10.050000001092,-2.0669873)
  );
#12530 = CARTESIAN_POINT('',(3.469446951954E-15,10.000000001092,
    -2.0669873));
#12531 = CARTESIAN_POINT('',(0.856174172913,9.950000001092,-2.0669873));
#12532 = CARTESIAN_POINT('',(1.461580736456,9.900000001092,
    -1.461580736456));
#12533 = CARTESIAN_POINT('',(2.0669873,9.850000001092,-0.856174172913));
#12534 = CARTESIAN_POINT('',(2.0669873,9.800000001092,3.252606517457E-15
    ));
#12535 = CARTESIAN_POINT('',(2.0669873,9.750000001092,0.856174172913));
#12536 = CARTESIAN_POINT('',(1.461580736456,9.700000001092,
    1.461580736456));
#12537 = CARTESIAN_POINT('',(0.856174172913,9.650000001092,2.0669873));
#12538 = CARTESIAN_POINT('',(-3.252606517457E-15,9.600000001092,
    2.0669873));
#12539 = CARTESIAN_POINT('',(-0.856174172913,9.550000001092,2.0669873));
#12540 = CARTESIAN_POINT('',(-1.461580736456,9.500000001092,
    1.461580736456));
#12541 = CARTESIAN_POINT('',(-2.0669873,9.450000001092,0.856174172913));
#12542 = CARTESIAN_POINT('',(-2.0669873,9.400000001092,
    -3.252606517457E-15));
#12543 = CARTESIAN_POINT('',(-2.0669873,9.350000001092,-0.856174172913)
  );
#12544 = CARTESIAN_POINT('',(-1.461580736456,9.300000001092,
    -1.461580736456));
#12545 = CARTESIAN_POINT('',(-0.856174172913,9.250000001092,-2.0669873)
  );
#12546 = CARTESIAN_POINT('',(3.469446951954E-15,9.200000001092,
    -2.0669873));
#12547 = CARTESIAN_POINT('',(0.856174172913,9.150000001092,-2.0669873));
#12548 = CARTESIAN_POINT('',(1.461580736456,9.100000001092,
    -1.461580736456));
#12549 = CARTESIAN_POINT('',(2.0669873,9.050000001092,-0.856174172913));
#12550 = CARTESIAN_POINT('',(2.0669873,9.000000001092,3.252606517457E-15
    ));
#12551 = CARTESIAN_POINT('',(2.0669873,8.950000001092,0.856174172913));
#12552 = CARTESIAN_POINT('',(1.461580736456,8.900000001092,
    1.461580736456));
#12553 = CARTESIAN_POINT('',(0.856174172913,8.850000001092,2.0669873));
#12554 = CARTESIAN_POINT('',(-3.252606517457E-15,8.800000001092,
    2.0669873));
#12555 = CARTESIAN_POINT('',(-0.856174172913,8.750000001092,2.0669873));
#12556 = CARTESIAN_POINT('',(-1.461580736456,8.700000001092,
    1.461580736456));
#12557 = CARTESIAN_POINT('',(-2.0669873,8.650000001092,0.856174172913));
#12558 = CARTESIAN_POINT('',(-2.0669873,8.600000001092,
    -3.252606517457E-15));
#12559 = CARTESIAN_POINT('',(-2.0669873,8.550000001092,-0.856174172913)
  );
#12560 = CARTESIAN_POINT('',(-1.461580736456,8.500000001092,
    -1.461580736456));
#12561 = CARTESIAN_POINT('',(-0.856174172913,8.450000001092,-2.0669873)
  );
#12562 = CARTESIAN_POINT('',(3.469446951954E-15,8.400000001092,
    -2.0669873));
#12563 = CARTESIAN_POINT('',(0.856174172913,8.350000001092,-2.0669873));
#12564 = CARTESIAN_POINT('',(1.461580736456,8.300000001092,
    -1.461580736456));
#12565 = CARTESIAN_POINT('',(2.0669873,8.250000001092,-0.856174172913));
#12566 = CARTESIAN_POINT('',(2.0669873,8.200000001092,3.252606517457E-15
    ));
#12567 = CARTESIAN_POINT('',(2.0669873,8.150000001092,0.856174172913));
#12568 = CARTESIAN_POINT('',(1.461580736456,8.100000001092,
    1.461580736456));
#12569 = CARTESIAN_POINT('',(0.856174172913,8.050000001092,2.0669873));
#12570 = CARTESIAN_POINT('',(-3.252606517457E-15,8.000000001092,
    2.0669873));
#12571 = CARTESIAN_POINT('',(-0.856174172913,7.950000001092,2.0669873));
#12572 = CARTESIAN_POINT('',(-1.461580736456,7.900000001092,
    1.461580736456));
#12573 = CARTESIAN_POINT('',(-2.0669873,7.850000001092,0.856174172913));
#12574 = CARTESIAN_POINT('',(-2.0669873,7.800000001092,
    -3.252606517457E-15));
#12575 = CARTESIAN_POINT('',(-2.0669873,7.750000001092,-0.856174172913)
  );
#12576 = CARTESIAN_POINT('',(-1.461580736456,7.700000001092,
    -1.461580736456));
#12577 = CARTESIAN_POINT('',(-0.856174172913,7.650000001092,-2.0669873)
  );
#12578 = CARTESIAN_POINT('',(3.469446951954E-15,7.600000001092,
    -2.0669873));
#12579 = CARTESIAN_POINT('',(0.856174172913,7.550000001092,-2.0669873));
#12580 = CARTESIAN_POINT('',(1.461580736456,7.500000001092,
    -1.461580736456));
#12581 = CARTESIAN_POINT('',(2.0669873,7.450000001092,-0.856174172913));
#12582 = CARTESIAN_POINT('',(2.0669873,7.400000001092,3.252606517457E-15
    ));
#12583 = CARTESIAN_POINT('',(-1.767766952966,11.15,-1.767766952966));
#12584 = CARTESIAN_POINT('',(-1.035533905933,11.1,-2.5));
#12585 = CARTESIAN_POINT('',(4.336808689942E-15,11.05,-2.5));
#12586 = CARTESIAN_POINT('',(1.035533905933,11.,-2.5));
#12587 = CARTESIAN_POINT('',(1.767766952966,10.95,-1.767766952966));
#12588 = CARTESIAN_POINT('',(2.5,10.9,-1.035533905933));
#12589 = CARTESIAN_POINT('',(2.5,10.85,4.119968255445E-15));
#12590 = CARTESIAN_POINT('',(2.5,10.8,1.035533905933));
#12591 = CARTESIAN_POINT('',(1.767766952966,10.75,1.767766952966));
#12592 = CARTESIAN_POINT('',(1.035533905933,10.7,2.5));
#12593 = CARTESIAN_POINT('',(-3.903127820948E-15,10.65,2.5));
#12594 = CARTESIAN_POINT('',(-1.035533905933,10.6,2.5));
#12595 = CARTESIAN_POINT('',(-1.767766952966,10.55,1.767766952966));
#12596 = CARTESIAN_POINT('',(-2.5,10.5,1.035533905933));
#12597 = CARTESIAN_POINT('',(-2.5,10.45,-3.686287386451E-15));
#12598 = CARTESIAN_POINT('',(-2.5,10.4,-1.035533905933));
#12599 = CARTESIAN_POINT('',(-1.767766952966,10.35,-1.767766952966));
#12600 = CARTESIAN_POINT('',(-1.035533905933,10.3,-2.5));
#12601 = CARTESIAN_POINT('',(4.336808689942E-15,10.25,-2.5));
#12602 = CARTESIAN_POINT('',(1.035533905933,10.2,-2.5));
#12603 = CARTESIAN_POINT('',(1.767766952966,10.15,-1.767766952966));
#12604 = CARTESIAN_POINT('',(2.5,10.1,-1.035533905933));
#12605 = CARTESIAN_POINT('',(2.5,10.05,4.119968255445E-15));
#12606 = CARTESIAN_POINT('',(2.5,10.,1.035533905933));
#12607 = CARTESIAN_POINT('',(1.767766952966,9.95,1.767766952966));
#12608 = CARTESIAN_POINT('',(1.035533905933,9.9,2.5));
#12609 = CARTESIAN_POINT('',(-3.903127820948E-15,9.85,2.5));
#12610 = CARTESIAN_POINT('',(-1.035533905933,9.8,2.5));
#12611 = CARTESIAN_POINT('',(-1.767766952966,9.75,1.767766952966));
#12612 = CARTESIAN_POINT('',(-2.5,9.7,1.035533905933));
#12613 = CARTESIAN_POINT('',(-2.5,9.65,-3.686287386451E-15));
#12614 = CARTESIAN_POINT('',(-2.5,9.6,-1.035533905933));
#12615 = CARTESIAN_POINT('',(-1.767766952966,9.55,-1.767766952966));
#12616 = CARTESIAN_POINT('',(-1.035533905933,9.5,-2.5));
#12617 = CARTESIAN_POINT('',(4.336808689942E-15,9.45,-2.5));
#12618 = CARTESIAN_POINT('',(1.035533905933,9.4,-2.5));
#12619 = CARTESIAN_POINT('',(1.767766952966,9.35,-1.767766952966));
#12620 = CARTESIAN_POINT('',(2.5,9.3,-1.035533905933));
#12621 = CARTESIAN_POINT('',(2.5,9.25,4.119968255445E-15));
#12622 = CARTESIAN_POINT('',(2.5,9.2,1.035533905933));
#12623 = CARTESIAN_POINT('',(1.767766952966,9.15,1.767766952966));
#12624 = CARTESIAN_POINT('',(1.035533905933,9.1,2.5));
#12625 = CARTESIAN_POINT('',(-3.903127820948E-15,9.05,2.5));
#12626 = CARTESIAN_POINT('',(-1.035533905933,9.,2.5));
#12627 = CARTESIAN_POINT('',(-1.767766952966,8.95,1.767766952966));
#12628 = CARTESIAN_POINT('',(-2.5,8.9,1.035533905933));
#12629 = CARTESIAN_POINT('',(-2.5,8.85,-3.686287386451E-15));
#12630 = CARTESIAN_POINT('',(-2.5,8.8,-1.035533905933));
#12631 = CARTESIAN_POINT('',(-1.767766952966,8.75,-1.767766952966));
#12632 = CARTESIAN_POINT('',(-1.035533905933,8.7,-2.5));
#12633 = CARTESIAN_POINT('',(4.336808689942E-15,8.65,-2.5));
#12634 = CARTESIAN_POINT('',(1.035533905933,8.6,-2.5));
#12635 = CARTESIAN_POINT('',(1.767766952966,8.55,-1.767766952966));
#12636 = CARTESIAN_POINT('',(2.5,8.5,-1.035533905933));
#12637 = CARTESIAN_POINT('',(2.5,8.45,4.119968255445E-15));
#12638 = CARTESIAN_POINT('',(2.5,8.4,1.035533905933));
#12639 = CARTESIAN_POINT('',(1.767766952966,8.35,1.767766952966));
#12640 = CARTESIAN_POINT('',(1.035533905933,8.3,2.5));
#12641 = CARTESIAN_POINT('',(-3.903127820948E-15,8.25,2.5));
#12642 = CARTESIAN_POINT('',(-1.035533905933,8.2,2.5));
#12643 = CARTESIAN_POINT('',(-1.767766952966,8.15,1.767766952966));
#12644 = CARTESIAN_POINT('',(-2.5,8.1,1.035533905933));
#12645 = CARTESIAN_POINT('',(-2.5,8.05,-3.686287386451E-15));
#12646 = CARTESIAN_POINT('',(-2.5,8.,-1.035533905933));
#12647 = CARTESIAN_POINT('',(-1.767766952966,7.95,-1.767766952966));
#12648 = CARTESIAN_POINT('',(-1.035533905933,7.9,-2.5));
#12649 = CARTESIAN_POINT('',(4.336808689942E-15,7.85,-2.5));
#12650 = CARTESIAN_POINT('',(1.035533905933,7.8,-2.5));
#12651 = CARTESIAN_POINT('',(1.767766952966,7.75,-1.767766952966));
#12652 = CARTESIAN_POINT('',(2.5,7.7,-1.035533905933));
#12653 = CARTESIAN_POINT('',(2.5,7.65,4.119968255445E-15));
#12654 = ADVANCED_FACE('',(#12655),#12726,.F.);
#12655 = FACE_BOUND('',#12656,.F.);
#12656 = EDGE_LOOP('',(#12657,#12723,#12724,#12725));
#12657 = ORIENTED_EDGE('',*,*,#12658,.F.);
#12658 = EDGE_CURVE('',#12409,#12228,#12659,.T.);
#12659 = ( BOUNDED_CURVE() B_SPLINE_CURVE(2,(#12660,#12661,#12662,#12663
    ,#12664,#12665,#12666,#12667,#12668,#12669,#12670,#12671,#12672,
    #12673,#12674,#12675,#12676,#12677,#12678,#12679,#12680,#12681,
    #12682,#12683,#12684,#12685,#12686,#12687,#12688,#12689,#12690,
    #12691,#12692,#12693,#12694,#12695,#12696,#12697,#12698,#12699,
    #12700,#12701,#12702,#12703,#12704,#12705,#12706,#12707,#12708,
    #12709,#12710,#12711,#12712,#12713,#12714,#12715,#12716,#12717,
    #12718,#12719,#12720,#12721,#12722),.UNSPECIFIED.,.F.,.F.) 
B_SPLINE_CURVE_WITH_KNOTS((3,2,2,2,2,2,2,2,2,2,2,2,2,2,2,2,2,2,2,2,2,2,2
    ,2,2,2,2,2,2,2,2,3),(0.,2.5E-02,5.E-02,7.5E-02,0.1,0.125,0.15,0.175,
    0.2,0.225,0.25,0.275,0.3,0.325,0.35,0.375,0.4,0.425,0.45,0.475,0.5,
    0.525,0.55,0.575,0.6,0.625,0.65,0.675,0.7,0.725,0.75,0.762500000263)
,.UNSPECIFIED.) CURVE() GEOMETRIC_REPRESENTATION_ITEM() 
RATIONAL_B_SPLINE_CURVE((1.,0.923879532511,1.,0.923879532511,1.,
    0.923879532511,1.,0.923879532511,1.,0.923879532511,1.,0.923879532511
    ,1.,0.923879532511,1.,0.923879532511,1.,0.923879532511,1.,
    0.923879532511,1.,0.923879532511,1.,0.923879532511,1.,0.923879532511
    ,1.,0.923879532511,1.,0.923879532511,1.,0.923879532511,1.,
    0.923879532511,1.,0.923879532511,1.,0.923879532511,1.,0.923879532511
    ,1.,0.923879532511,1.,0.923879532511,1.,0.923879532511,1.,
    0.923879532511,1.,0.923879532511,1.,0.923879532511,1.,0.923879532511
    ,1.,0.923879532511,1.,0.923879532511,1.,0.923879532511,1.,
0.961939765456,0.961939766256)) REPRESENTATION_ITEM('') );
#12660 = CARTESIAN_POINT('',(-1.461580736456,10.700000001092,
    -1.461580736456));
#12661 = CARTESIAN_POINT('',(-0.856174172913,10.650000001092,-2.0669873)
  );
#12662 = CARTESIAN_POINT('',(3.469446951954E-15,10.600000001092,
    -2.0669873));
#12663 = CARTESIAN_POINT('',(0.856174172913,10.550000001092,-2.0669873)
  );
#12664 = CARTESIAN_POINT('',(1.461580736456,10.500000001092,
    -1.461580736456));
#12665 = CARTESIAN_POINT('',(2.0669873,10.450000001092,-0.856174172913)
  );
#12666 = CARTESIAN_POINT('',(2.0669873,10.400000001092,
    3.252606517457E-15));
#12667 = CARTESIAN_POINT('',(2.0669873,10.350000001092,0.856174172913));
#12668 = CARTESIAN_POINT('',(1.461580736456,10.300000001092,
    1.461580736456));
#12669 = CARTESIAN_POINT('',(0.856174172913,10.250000001092,2.0669873));
#12670 = CARTESIAN_POINT('',(-3.252606517457E-15,10.200000001092,
    2.0669873));
#12671 = CARTESIAN_POINT('',(-0.856174172913,10.150000001092,2.0669873)
  );
#12672 = CARTESIAN_POINT('',(-1.461580736456,10.100000001092,
    1.461580736456));
#12673 = CARTESIAN_POINT('',(-2.0669873,10.050000001092,0.856174172913)
  );
#12674 = CARTESIAN_POINT('',(-2.0669873,10.000000001092,
    -3.252606517457E-15));
#12675 = CARTESIAN_POINT('',(-2.0669873,9.950000001092,-0.856174172913)
  );
#12676 = CARTESIAN_POINT('',(-1.461580736456,9.900000001092,
    -1.461580736456));
#12677 = CARTESIAN_POINT('',(-0.856174172913,9.850000001092,-2.0669873)
  );
#12678 = CARTESIAN_POINT('',(3.469446951954E-15,9.800000001092,
    -2.0669873));
#12679 = CARTESIAN_POINT('',(0.856174172913,9.750000001092,-2.0669873));
#12680 = CARTESIAN_POINT('',(1.461580736456,9.700000001092,
    -1.461580736456));
#12681 = CARTESIAN_POINT('',(2.0669873,9.650000001092,-0.856174172913));
#12682 = CARTESIAN_POINT('',(2.0669873,9.600000001092,3.252606517457E-15
    ));
#12683 = CARTESIAN_POINT('',(2.0669873,9.550000001092,0.856174172913));
#12684 = CARTESIAN_POINT('',(1.461580736456,9.500000001092,
    1.461580736456));
#12685 = CARTESIAN_POINT('',(0.856174172913,9.450000001092,2.0669873));
#12686 = CARTESIAN_POINT('',(-3.252606517457E-15,9.400000001092,
    2.0669873));
#12687 = CARTESIAN_POINT('',(-0.856174172913,9.350000001092,2.0669873));
#12688 = CARTESIAN_POINT('',(-1.461580736456,9.300000001092,
    1.461580736456));
#12689 = CARTESIAN_POINT('',(-2.0669873,9.250000001092,0.856174172913));
#12690 = CARTESIAN_POINT('',(-2.0669873,9.200000001092,
    -3.252606517457E-15));
#12691 = CARTESIAN_POINT('',(-2.0669873,9.150000001092,-0.856174172913)
  );
#12692 = CARTESIAN_POINT('',(-1.461580736456,9.100000001092,
    -1.461580736456));
#12693 = CARTESIAN_POINT('',(-0.856174172913,9.050000001092,-2.0669873)
  );
#12694 = CARTESIAN_POINT('',(3.469446951954E-15,9.000000001092,
    -2.0669873));
#12695 = CARTESIAN_POINT('',(0.856174172913,8.950000001092,-2.0669873));
#12696 = CARTESIAN_POINT('',(1.461580736456,8.900000001092,
    -1.461580736456));
#12697 = CARTESIAN_POINT('',(2.0669873,8.850000001092,-0.856174172913));
#12698 = CARTESIAN_POINT('',(2.0669873,8.800000001092,3.252606517457E-15
    ));
#12699 = CARTESIAN_POINT('',(2.0669873,8.750000001092,0.856174172913));
#12700 = CARTESIAN_POINT('',(1.461580736456,8.700000001092,
    1.461580736456));
#12701 = CARTESIAN_POINT('',(0.856174172913,8.650000001092,2.0669873));
#12702 = CARTESIAN_POINT('',(-3.252606517457E-15,8.600000001092,
    2.0669873));
#12703 = CARTESIAN_POINT('',(-0.856174172913,8.550000001092,2.0669873));
#12704 = CARTESIAN_POINT('',(-1.461580736456,8.500000001092,
    1.461580736456));
#12705 = CARTESIAN_POINT('',(-2.0669873,8.450000001092,0.856174172913));
#12706 = CARTESIAN_POINT('',(-2.0669873,8.400000001092,
    -3.252606517457E-15));
#12707 = CARTESIAN_POINT('',(-2.0669873,8.350000001092,-0.856174172913)
  );
#12708 = CARTESIAN_POINT('',(-1.461580736456,8.300000001092,
    -1.461580736456));
#12709 = CARTESIAN_POINT('',(-0.856174172913,8.250000001092,-2.0669873)
  );
#12710 = CARTESIAN_POINT('',(3.469446951954E-15,8.200000001092,
    -2.0669873));
#12711 = CARTESIAN_POINT('',(0.856174172913,8.150000001092,-2.0669873));
#12712 = CARTESIAN_POINT('',(1.461580736456,8.100000001092,
    -1.461580736456));
#12713 = CARTESIAN_POINT('',(2.0669873,8.050000001092,-0.856174172913));
#12714 = CARTESIAN_POINT('',(2.0669873,8.000000001092,3.252606517457E-15
    ));
#12715 = CARTESIAN_POINT('',(2.0669873,7.950000001092,0.856174172913));
#12716 = CARTESIAN_POINT('',(1.461580736456,7.900000001092,
    1.461580736456));
#12717 = CARTESIAN_POINT('',(0.856174172913,7.850000001092,2.0669873));
#12718 = CARTESIAN_POINT('',(-3.252606517457E-15,7.800000001092,
    2.0669873));
#12719 = CARTESIAN_POINT('',(-0.856174172913,7.750000001092,2.0669873));
#12720 = CARTESIAN_POINT('',(-1.461580736456,7.700000001092,
    1.461580736456));
#12721 = CARTESIAN_POINT('',(-1.752307227213,7.675989153815,1.1708542457
    ));
#12722 = CARTESIAN_POINT('',(-1.909647267044,7.65,0.791001778653));
#12723 = ORIENTED_EDGE('',*,*,#12416,.T.);
#12724 = ORIENTED_EDGE('',*,*,#12430,.T.);
#12725 = ORIENTED_EDGE('',*,*,#12227,.T.);
#12726 = ( BOUNDED_SURFACE() B_SPLINE_SURFACE(1,2,(
    (#12727,#12728,#12729,#12730,#12731,#12732,#12733,#12734,#12735
      ,#12736,#12737,#12738,#12739,#12740,#12741,#12742,#12743,#12744
      ,#12745,#12746,#12747,#12748,#12749,#12750,#12751,#12752,#12753
      ,#12754,#12755,#12756,#12757,#12758,#12759,#12760,#12761,#12762
      ,#12763,#12764,#12765,#12766,#12767,#12768,#12769,#12770,#12771
      ,#12772,#12773,#12774,#12775,#12776,#12777,#12778,#12779,#12780
      ,#12781,#12782,#12783,#12784,#12785,#12786,#12787,#12788,#12789
      ,#12790,#12791,#12792,#12793,#12794,#12795,#12796,#12797)
    ,(#12798,#12799,#12800,#12801,#12802,#12803,#12804,#12805,#12806
      ,#12807,#12808,#12809,#12810,#12811,#12812,#12813,#12814,#12815
      ,#12816,#12817,#12818,#12819,#12820,#12821,#12822,#12823,#12824
      ,#12825,#12826,#12827,#12828,#12829,#12830,#12831,#12832,#12833
      ,#12834,#12835,#12836,#12837,#12838,#12839,#12840,#12841,#12842
      ,#12843,#12844,#12845,#12846,#12847,#12848,#12849,#12850,#12851
      ,#12852,#12853,#12854,#12855,#12856,#12857,#12858,#12859,#12860
      ,#12861,#12862,#12863,#12864,#12865,#12866,#12867,#12868
)),.UNSPECIFIED.,.F.,.F.,.F.) B_SPLINE_SURFACE_WITH_KNOTS((2,2),(3,2,2,2
    ,2,2,2,2,2,2,2,2,2,2,2,2,2,2,2,2,2,2,2,2,2,2,2,2,2,2,2,2,2,2,2,3),(
    0.,1.),(0.,2.5E-02,5.E-02,7.5E-02,0.1,0.125,0.15,0.175,0.2,0.225,
    0.25,0.275,0.3,0.325,0.35,0.375,0.4,0.425,0.45,0.475,0.5,0.525,0.55,
    0.575,0.6,0.625,0.65,0.675,0.7,0.725,0.75,0.775,0.8,0.825,0.85,0.875
),.PIECEWISE_BEZIER_KNOTS.) GEOMETRIC_REPRESENTATION_ITEM() 
RATIONAL_B_SPLINE_SURFACE((
    (1.,0.923879532511,1.,0.923879532511,1.,0.923879532511,1.
      ,0.923879532511,1.,0.923879532511,1.,0.923879532511,1.
      ,0.923879532511,1.,0.923879532511,1.,0.923879532511,1.
      ,0.923879532511,1.,0.923879532511,1.,0.923879532511,1.
      ,0.923879532511,1.,0.923879532511,1.,0.923879532511,1.
      ,0.923879532511,1.,0.923879532511,1.,0.923879532511,1.
      ,0.923879532511,1.,0.923879532511,1.,0.923879532511,1.
      ,0.923879532511,1.,0.923879532511,1.,0.923879532511,1.
      ,0.923879532511,1.,0.923879532511,1.,0.923879532511,1.
      ,0.923879532511,1.,0.923879532511,1.,0.923879532511,1.
      ,0.923879532511,1.,0.923879532511,1.,0.923879532511,1.
      ,0.923879532511,1.,0.923879532511,1.)
    ,(1.,0.923879532511,1.,0.923879532511,1.,0.923879532511,1.
      ,0.923879532511,1.,0.923879532511,1.,0.923879532511,1.
      ,0.923879532511,1.,0.923879532511,1.,0.923879532511,1.
      ,0.923879532511,1.,0.923879532511,1.,0.923879532511,1.
      ,0.923879532511,1.,0.923879532511,1.,0.923879532511,1.
      ,0.923879532511,1.,0.923879532511,1.,0.923879532511,1.
      ,0.923879532511,1.,0.923879532511,1.,0.923879532511,1.
      ,0.923879532511,1.,0.923879532511,1.,0.923879532511,1.
      ,0.923879532511,1.,0.923879532511,1.,0.923879532511,1.
      ,0.923879532511,1.,0.923879532511,1.,0.923879532511,1.
      ,0.923879532511,1.,0.923879532511,1.,0.923879532511,1.
,0.923879532511,1.,0.923879532511,1.
  ))) REPRESENTATION_ITEM('') SURFACE() );
#12727 = CARTESIAN_POINT('',(-1.461580736456,10.700000001092,
    -1.461580736456));
#12728 = CARTESIAN_POINT('',(-0.856174172913,10.650000001092,-2.0669873)
  );
#12729 = CARTESIAN_POINT('',(3.469446951954E-15,10.600000001092,
    -2.0669873));
#12730 = CARTESIAN_POINT('',(0.856174172913,10.550000001092,-2.0669873)
  );
#12731 = CARTESIAN_POINT('',(1.461580736456,10.500000001092,
    -1.461580736456));
#12732 = CARTESIAN_POINT('',(2.0669873,10.450000001092,-0.856174172913)
  );
#12733 = CARTESIAN_POINT('',(2.0669873,10.400000001092,
    3.252606517457E-15));
#12734 = CARTESIAN_POINT('',(2.0669873,10.350000001092,0.856174172913));
#12735 = CARTESIAN_POINT('',(1.461580736456,10.300000001092,
    1.461580736456));
#12736 = CARTESIAN_POINT('',(0.856174172913,10.250000001092,2.0669873));
#12737 = CARTESIAN_POINT('',(-3.252606517457E-15,10.200000001092,
    2.0669873));
#12738 = CARTESIAN_POINT('',(-0.856174172913,10.150000001092,2.0669873)
  );
#12739 = CARTESIAN_POINT('',(-1.461580736456,10.100000001092,
    1.461580736456));
#12740 = CARTESIAN_POINT('',(-2.0669873,10.050000001092,0.856174172913)
  );
#12741 = CARTESIAN_POINT('',(-2.0669873,10.000000001092,
    -3.252606517457E-15));
#12742 = CARTESIAN_POINT('',(-2.0669873,9.950000001092,-0.856174172913)
  );
#12743 = CARTESIAN_POINT('',(-1.461580736456,9.900000001092,
    -1.461580736456));
#12744 = CARTESIAN_POINT('',(-0.856174172913,9.850000001092,-2.0669873)
  );
#12745 = CARTESIAN_POINT('',(3.469446951954E-15,9.800000001092,
    -2.0669873));
#12746 = CARTESIAN_POINT('',(0.856174172913,9.750000001092,-2.0669873));
#12747 = CARTESIAN_POINT('',(1.461580736456,9.700000001092,
    -1.461580736456));
#12748 = CARTESIAN_POINT('',(2.0669873,9.650000001092,-0.856174172913));
#12749 = CARTESIAN_POINT('',(2.0669873,9.600000001092,3.252606517457E-15
    ));
#12750 = CARTESIAN_POINT('',(2.0669873,9.550000001092,0.856174172913));
#12751 = CARTESIAN_POINT('',(1.461580736456,9.500000001092,
    1.461580736456));
#12752 = CARTESIAN_POINT('',(0.856174172913,9.450000001092,2.0669873));
#12753 = CARTESIAN_POINT('',(-3.252606517457E-15,9.400000001092,
    2.0669873));
#12754 = CARTESIAN_POINT('',(-0.856174172913,9.350000001092,2.0669873));
#12755 = CARTESIAN_POINT('',(-1.461580736456,9.300000001092,
    1.461580736456));
#12756 = CARTESIAN_POINT('',(-2.0669873,9.250000001092,0.856174172913));
#12757 = CARTESIAN_POINT('',(-2.0669873,9.200000001092,
    -3.252606517457E-15));
#12758 = CARTESIAN_POINT('',(-2.0669873,9.150000001092,-0.856174172913)
  );
#12759 = CARTESIAN_POINT('',(-1.461580736456,9.100000001092,
    -1.461580736456));
#12760 = CARTESIAN_POINT('',(-0.856174172913,9.050000001092,-2.0669873)
  );
#12761 = CARTESIAN_POINT('',(3.469446951954E-15,9.000000001092,
    -2.0669873));
#12762 = CARTESIAN_POINT('',(0.856174172913,8.950000001092,-2.0669873));
#12763 = CARTESIAN_POINT('',(1.461580736456,8.900000001092,
    -1.461580736456));
#12764 = CARTESIAN_POINT('',(2.0669873,8.850000001092,-0.856174172913));
#12765 = CARTESIAN_POINT('',(2.0669873,8.800000001092,3.252606517457E-15
    ));
#12766 = CARTESIAN_POINT('',(2.0669873,8.750000001092,0.856174172913));
#12767 = CARTESIAN_POINT('',(1.461580736456,8.700000001092,
    1.461580736456));
#12768 = CARTESIAN_POINT('',(0.856174172913,8.650000001092,2.0669873));
#12769 = CARTESIAN_POINT('',(-3.252606517457E-15,8.600000001092,
    2.0669873));
#12770 = CARTESIAN_POINT('',(-0.856174172913,8.550000001092,2.0669873));
#12771 = CARTESIAN_POINT('',(-1.461580736456,8.500000001092,
    1.461580736456));
#12772 = CARTESIAN_POINT('',(-2.0669873,8.450000001092,0.856174172913));
#12773 = CARTESIAN_POINT('',(-2.0669873,8.400000001092,
    -3.252606517457E-15));
#12774 = CARTESIAN_POINT('',(-2.0669873,8.350000001092,-0.856174172913)
  );
#12775 = CARTESIAN_POINT('',(-1.461580736456,8.300000001092,
    -1.461580736456));
#12776 = CARTESIAN_POINT('',(-0.856174172913,8.250000001092,-2.0669873)
  );
#12777 = CARTESIAN_POINT('',(3.469446951954E-15,8.200000001092,
    -2.0669873));
#12778 = CARTESIAN_POINT('',(0.856174172913,8.150000001092,-2.0669873));
#12779 = CARTESIAN_POINT('',(1.461580736456,8.100000001092,
    -1.461580736456));
#12780 = CARTESIAN_POINT('',(2.0669873,8.050000001092,-0.856174172913));
#12781 = CARTESIAN_POINT('',(2.0669873,8.000000001092,3.252606517457E-15
    ));
#12782 = CARTESIAN_POINT('',(2.0669873,7.950000001092,0.856174172913));
#12783 = CARTESIAN_POINT('',(1.461580736456,7.900000001092,
    1.461580736456));
#12784 = CARTESIAN_POINT('',(0.856174172913,7.850000001092,2.0669873));
#12785 = CARTESIAN_POINT('',(-3.252606517457E-15,7.800000001092,
    2.0669873));
#12786 = CARTESIAN_POINT('',(-0.856174172913,7.750000001092,2.0669873));
#12787 = CARTESIAN_POINT('',(-1.461580736456,7.700000001092,
    1.461580736456));
#12788 = CARTESIAN_POINT('',(-2.0669873,7.650000001092,0.856174172913));
#12789 = CARTESIAN_POINT('',(-2.0669873,7.600000001092,
    -3.252606517457E-15));
#12790 = CARTESIAN_POINT('',(-2.0669873,7.550000001092,-0.856174172913)
  );
#12791 = CARTESIAN_POINT('',(-1.461580736456,7.500000001092,
    -1.461580736456));
#12792 = CARTESIAN_POINT('',(-0.856174172913,7.450000001092,-2.0669873)
  );
#12793 = CARTESIAN_POINT('',(3.469446951954E-15,7.400000001092,
    -2.0669873));
#12794 = CARTESIAN_POINT('',(0.856174172913,7.350000001092,-2.0669873));
#12795 = CARTESIAN_POINT('',(1.461580736456,7.300000001092,
    -1.461580736456));
#12796 = CARTESIAN_POINT('',(2.0669873,7.250000001092,-0.856174172913));
#12797 = CARTESIAN_POINT('',(2.0669873,7.200000001092,3.252606517457E-15
    ));
#12798 = CARTESIAN_POINT('',(-1.461580736456,10.900000001092,
    -1.461580736456));
#12799 = CARTESIAN_POINT('',(-0.856174172913,10.850000001092,-2.0669873)
  );
#12800 = CARTESIAN_POINT('',(3.469446951954E-15,10.800000001092,
    -2.0669873));
#12801 = CARTESIAN_POINT('',(0.856174172913,10.750000001092,-2.0669873)
  );
#12802 = CARTESIAN_POINT('',(1.461580736456,10.700000001092,
    -1.461580736456));
#12803 = CARTESIAN_POINT('',(2.0669873,10.650000001092,-0.856174172913)
  );
#12804 = CARTESIAN_POINT('',(2.0669873,10.600000001092,
    3.252606517457E-15));
#12805 = CARTESIAN_POINT('',(2.0669873,10.550000001092,0.856174172913));
#12806 = CARTESIAN_POINT('',(1.461580736456,10.500000001092,
    1.461580736456));
#12807 = CARTESIAN_POINT('',(0.856174172913,10.450000001092,2.0669873));
#12808 = CARTESIAN_POINT('',(-3.252606517457E-15,10.400000001092,
    2.0669873));
#12809 = CARTESIAN_POINT('',(-0.856174172913,10.350000001092,2.0669873)
  );
#12810 = CARTESIAN_POINT('',(-1.461580736456,10.300000001092,
    1.461580736456));
#12811 = CARTESIAN_POINT('',(-2.0669873,10.250000001092,0.856174172913)
  );
#12812 = CARTESIAN_POINT('',(-2.0669873,10.200000001092,
    -3.252606517457E-15));
#12813 = CARTESIAN_POINT('',(-2.0669873,10.150000001092,-0.856174172913)
  );
#12814 = CARTESIAN_POINT('',(-1.461580736456,10.100000001092,
    -1.461580736456));
#12815 = CARTESIAN_POINT('',(-0.856174172913,10.050000001092,-2.0669873)
  );
#12816 = CARTESIAN_POINT('',(3.469446951954E-15,10.000000001092,
    -2.0669873));
#12817 = CARTESIAN_POINT('',(0.856174172913,9.950000001092,-2.0669873));
#12818 = CARTESIAN_POINT('',(1.461580736456,9.900000001092,
    -1.461580736456));
#12819 = CARTESIAN_POINT('',(2.0669873,9.850000001092,-0.856174172913));
#12820 = CARTESIAN_POINT('',(2.0669873,9.800000001092,3.252606517457E-15
    ));
#12821 = CARTESIAN_POINT('',(2.0669873,9.750000001092,0.856174172913));
#12822 = CARTESIAN_POINT('',(1.461580736456,9.700000001092,
    1.461580736456));
#12823 = CARTESIAN_POINT('',(0.856174172913,9.650000001092,2.0669873));
#12824 = CARTESIAN_POINT('',(-3.252606517457E-15,9.600000001092,
    2.0669873));
#12825 = CARTESIAN_POINT('',(-0.856174172913,9.550000001092,2.0669873));
#12826 = CARTESIAN_POINT('',(-1.461580736456,9.500000001092,
    1.461580736456));
#12827 = CARTESIAN_POINT('',(-2.0669873,9.450000001092,0.856174172913));
#12828 = CARTESIAN_POINT('',(-2.0669873,9.400000001092,
    -3.252606517457E-15));
#12829 = CARTESIAN_POINT('',(-2.0669873,9.350000001092,-0.856174172913)
  );
#12830 = CARTESIAN_POINT('',(-1.461580736456,9.300000001092,
    -1.461580736456));
#12831 = CARTESIAN_POINT('',(-0.856174172913,9.250000001092,-2.0669873)
  );
#12832 = CARTESIAN_POINT('',(3.469446951954E-15,9.200000001092,
    -2.0669873));
#12833 = CARTESIAN_POINT('',(0.856174172913,9.150000001092,-2.0669873));
#12834 = CARTESIAN_POINT('',(1.461580736456,9.100000001092,
    -1.461580736456));
#12835 = CARTESIAN_POINT('',(2.0669873,9.050000001092,-0.856174172913));
#12836 = CARTESIAN_POINT('',(2.0669873,9.000000001092,3.252606517457E-15
    ));
#12837 = CARTESIAN_POINT('',(2.0669873,8.950000001092,0.856174172913));
#12838 = CARTESIAN_POINT('',(1.461580736456,8.900000001092,
    1.461580736456));
#12839 = CARTESIAN_POINT('',(0.856174172913,8.850000001092,2.0669873));
#12840 = CARTESIAN_POINT('',(-3.252606517457E-15,8.800000001092,
    2.0669873));
#12841 = CARTESIAN_POINT('',(-0.856174172913,8.750000001092,2.0669873));
#12842 = CARTESIAN_POINT('',(-1.461580736456,8.700000001092,
    1.461580736456));
#12843 = CARTESIAN_POINT('',(-2.0669873,8.650000001092,0.856174172913));
#12844 = CARTESIAN_POINT('',(-2.0669873,8.600000001092,
    -3.252606517457E-15));
#12845 = CARTESIAN_POINT('',(-2.0669873,8.550000001092,-0.856174172913)
  );
#12846 = CARTESIAN_POINT('',(-1.461580736456,8.500000001092,
    -1.461580736456));
#12847 = CARTESIAN_POINT('',(-0.856174172913,8.450000001092,-2.0669873)
  );
#12848 = CARTESIAN_POINT('',(3.469446951954E-15,8.400000001092,
    -2.0669873));
#12849 = CARTESIAN_POINT('',(0.856174172913,8.350000001092,-2.0669873));
#12850 = CARTESIAN_POINT('',(1.461580736456,8.300000001092,
    -1.461580736456));
#12851 = CARTESIAN_POINT('',(2.0669873,8.250000001092,-0.856174172913));
#12852 = CARTESIAN_POINT('',(2.0669873,8.200000001092,3.252606517457E-15
    ));
#12853 = CARTESIAN_POINT('',(2.0669873,8.150000001092,0.856174172913));
#12854 = CARTESIAN_POINT('',(1.461580736456,8.100000001092,
    1.461580736456));
#12855 = CARTESIAN_POINT('',(0.856174172913,8.050000001092,2.0669873));
#12856 = CARTESIAN_POINT('',(-3.252606517457E-15,8.000000001092,
    2.0669873));
#12857 = CARTESIAN_POINT('',(-0.856174172913,7.950000001092,2.0669873));
#12858 = CARTESIAN_POINT('',(-1.461580736456,7.900000001092,
    1.461580736456));
#12859 = CARTESIAN_POINT('',(-2.0669873,7.850000001092,0.856174172913));
#12860 = CARTESIAN_POINT('',(-2.0669873,7.800000001092,
    -3.252606517457E-15));
#12861 = CARTESIAN_POINT('',(-2.0669873,7.750000001092,-0.856174172913)
  );
#12862 = CARTESIAN_POINT('',(-1.461580736456,7.700000001092,
    -1.461580736456));
#12863 = CARTESIAN_POINT('',(-0.856174172913,7.650000001092,-2.0669873)
  );
#12864 = CARTESIAN_POINT('',(3.469446951954E-15,7.600000001092,
    -2.0669873));
#12865 = CARTESIAN_POINT('',(0.856174172913,7.550000001092,-2.0669873));
#12866 = CARTESIAN_POINT('',(1.461580736456,7.500000001092,
    -1.461580736456));
#12867 = CARTESIAN_POINT('',(2.0669873,7.450000001092,-0.856174172913));
#12868 = CARTESIAN_POINT('',(2.0669873,7.400000001092,3.252606517457E-15
    ));
#12869 = ADVANCED_FACE('',(#12870),#12883,.F.);
#12870 = FACE_BOUND('',#12871,.F.);
#12871 = EDGE_LOOP('',(#12872,#12873,#12874,#12875,#12876,#12877,#12878,
    #12879,#12880,#12881,#12882));
#12872 = ORIENTED_EDGE('',*,*,#12159,.F.);
#12873 = ORIENTED_EDGE('',*,*,#11802,.F.);
#12874 = ORIENTED_EDGE('',*,*,#12028,.F.);
#12875 = ORIENTED_EDGE('',*,*,#11854,.F.);
#12876 = ORIENTED_EDGE('',*,*,#12062,.F.);
#12877 = ORIENTED_EDGE('',*,*,#11906,.F.);
#12878 = ORIENTED_EDGE('',*,*,#12096,.F.);
#12879 = ORIENTED_EDGE('',*,*,#11965,.F.);
#12880 = ORIENTED_EDGE('',*,*,#12408,.T.);
#12881 = ORIENTED_EDGE('',*,*,#12658,.T.);
#12882 = ORIENTED_EDGE('',*,*,#12246,.T.);
#12883 = ( BOUNDED_SURFACE() B_SPLINE_SURFACE(1,2,(
    (#12884,#12885,#12886,#12887,#12888,#12889,#12890,#12891,#12892
      ,#12893,#12894,#12895,#12896,#12897,#12898,#12899,#12900,#12901
      ,#12902,#12903,#12904,#12905,#12906,#12907,#12908,#12909,#12910
      ,#12911,#12912,#12913,#12914,#12915,#12916,#12917,#12918,#12919
      ,#12920,#12921,#12922,#12923,#12924,#12925,#12926,#12927,#12928
      ,#12929,#12930,#12931,#12932,#12933,#12934,#12935,#12936,#12937
      ,#12938,#12939,#12940,#12941,#12942,#12943,#12944,#12945,#12946
      ,#12947,#12948,#12949,#12950,#12951,#12952,#12953,#12954)
    ,(#12955,#12956,#12957,#12958,#12959,#12960,#12961,#12962,#12963
      ,#12964,#12965,#12966,#12967,#12968,#12969,#12970,#12971,#12972
      ,#12973,#12974,#12975,#12976,#12977,#12978,#12979,#12980,#12981
      ,#12982,#12983,#12984,#12985,#12986,#12987,#12988,#12989,#12990
      ,#12991,#12992,#12993,#12994,#12995,#12996,#12997,#12998,#12999
      ,#13000,#13001,#13002,#13003,#13004,#13005,#13006,#13007,#13008
      ,#13009,#13010,#13011,#13012,#13013,#13014,#13015,#13016,#13017
      ,#13018,#13019,#13020,#13021,#13022,#13023,#13024,#13025
)),.UNSPECIFIED.,.F.,.F.,.F.) B_SPLINE_SURFACE_WITH_KNOTS((2,2),(3,2,2,2
    ,2,2,2,2,2,2,2,2,2,2,2,2,2,2,2,2,2,2,2,2,2,2,2,2,2,2,2,2,2,2,2,3),(
    0.,1.),(0.,2.5E-02,5.E-02,7.5E-02,0.1,0.125,0.15,0.175,0.2,0.225,
    0.25,0.275,0.3,0.325,0.35,0.375,0.4,0.425,0.45,0.475,0.5,0.525,0.55,
    0.575,0.6,0.625,0.65,0.675,0.7,0.725,0.75,0.775,0.8,0.825,0.85,0.875
),.PIECEWISE_BEZIER_KNOTS.) GEOMETRIC_REPRESENTATION_ITEM() 
RATIONAL_B_SPLINE_SURFACE((
    (1.,0.923879532511,1.,0.923879532511,1.,0.923879532511,1.
      ,0.923879532511,1.,0.923879532511,1.,0.923879532511,1.
      ,0.923879532511,1.,0.923879532511,1.,0.923879532511,1.
      ,0.923879532511,1.,0.923879532511,1.,0.923879532511,1.
      ,0.923879532511,1.,0.923879532511,1.,0.923879532511,1.
      ,0.923879532511,1.,0.923879532511,1.,0.923879532511,1.
      ,0.923879532511,1.,0.923879532511,1.,0.923879532511,1.
      ,0.923879532511,1.,0.923879532511,1.,0.923879532511,1.
      ,0.923879532511,1.,0.923879532511,1.,0.923879532511,1.
      ,0.923879532511,1.,0.923879532511,1.,0.923879532511,1.
      ,0.923879532511,1.,0.923879532511,1.,0.923879532511,1.
      ,0.923879532511,1.,0.923879532511,1.)
    ,(1.,0.923879532511,1.,0.923879532511,1.,0.923879532511,1.
      ,0.923879532511,1.,0.923879532511,1.,0.923879532511,1.
      ,0.923879532511,1.,0.923879532511,1.,0.923879532511,1.
      ,0.923879532511,1.,0.923879532511,1.,0.923879532511,1.
      ,0.923879532511,1.,0.923879532511,1.,0.923879532511,1.
      ,0.923879532511,1.,0.923879532511,1.,0.923879532511,1.
      ,0.923879532511,1.,0.923879532511,1.,0.923879532511,1.
      ,0.923879532511,1.,0.923879532511,1.,0.923879532511,1.
      ,0.923879532511,1.,0.923879532511,1.,0.923879532511,1.
      ,0.923879532511,1.,0.923879532511,1.,0.923879532511,1.
      ,0.923879532511,1.,0.923879532511,1.,0.923879532511,1.
,0.923879532511,1.,0.923879532511,1.
  ))) REPRESENTATION_ITEM('') SURFACE() );
#12884 = CARTESIAN_POINT('',(-1.767766952966,10.450000002185,
    -1.767766952966));
#12885 = CARTESIAN_POINT('',(-1.035533905933,10.400000002185,-2.5));
#12886 = CARTESIAN_POINT('',(4.336808689942E-15,10.350000002185,-2.5));
#12887 = CARTESIAN_POINT('',(1.035533905933,10.300000002185,-2.5));
#12888 = CARTESIAN_POINT('',(1.767766952966,10.250000002185,
    -1.767766952966));
#12889 = CARTESIAN_POINT('',(2.5,10.200000002185,-1.035533905933));
#12890 = CARTESIAN_POINT('',(2.5,10.150000002185,4.119968255445E-15));
#12891 = CARTESIAN_POINT('',(2.5,10.100000002185,1.035533905933));
#12892 = CARTESIAN_POINT('',(1.767766952966,10.050000002185,
    1.767766952966));
#12893 = CARTESIAN_POINT('',(1.035533905933,10.000000002185,2.5));
#12894 = CARTESIAN_POINT('',(-3.903127820948E-15,9.950000002185,2.5));
#12895 = CARTESIAN_POINT('',(-1.035533905933,9.900000002185,2.5));
#12896 = CARTESIAN_POINT('',(-1.767766952966,9.850000002185,
    1.767766952966));
#12897 = CARTESIAN_POINT('',(-2.5,9.800000002185,1.035533905933));
#12898 = CARTESIAN_POINT('',(-2.5,9.750000002185,-3.686287386451E-15));
#12899 = CARTESIAN_POINT('',(-2.5,9.700000002185,-1.035533905933));
#12900 = CARTESIAN_POINT('',(-1.767766952966,9.650000002185,
    -1.767766952966));
#12901 = CARTESIAN_POINT('',(-1.035533905933,9.600000002185,-2.5));
#12902 = CARTESIAN_POINT('',(4.336808689942E-15,9.550000002185,-2.5));
#12903 = CARTESIAN_POINT('',(1.035533905933,9.500000002185,-2.5));
#12904 = CARTESIAN_POINT('',(1.767766952966,9.450000002185,
    -1.767766952966));
#12905 = CARTESIAN_POINT('',(2.5,9.400000002185,-1.035533905933));
#12906 = CARTESIAN_POINT('',(2.5,9.350000002185,4.119968255445E-15));
#12907 = CARTESIAN_POINT('',(2.5,9.300000002185,1.035533905933));
#12908 = CARTESIAN_POINT('',(1.767766952966,9.250000002185,
    1.767766952966));
#12909 = CARTESIAN_POINT('',(1.035533905933,9.200000002185,2.5));
#12910 = CARTESIAN_POINT('',(-3.903127820948E-15,9.150000002185,2.5));
#12911 = CARTESIAN_POINT('',(-1.035533905933,9.100000002185,2.5));
#12912 = CARTESIAN_POINT('',(-1.767766952966,9.050000002185,
    1.767766952966));
#12913 = CARTESIAN_POINT('',(-2.5,9.000000002185,1.035533905933));
#12914 = CARTESIAN_POINT('',(-2.5,8.950000002185,-3.686287386451E-15));
#12915 = CARTESIAN_POINT('',(-2.5,8.900000002185,-1.035533905933));
#12916 = CARTESIAN_POINT('',(-1.767766952966,8.850000002185,
    -1.767766952966));
#12917 = CARTESIAN_POINT('',(-1.035533905933,8.800000002185,-2.5));
#12918 = CARTESIAN_POINT('',(4.336808689942E-15,8.750000002185,-2.5));
#12919 = CARTESIAN_POINT('',(1.035533905933,8.700000002185,-2.5));
#12920 = CARTESIAN_POINT('',(1.767766952966,8.650000002185,
    -1.767766952966));
#12921 = CARTESIAN_POINT('',(2.5,8.600000002185,-1.035533905933));
#12922 = CARTESIAN_POINT('',(2.5,8.550000002185,4.119968255445E-15));
#12923 = CARTESIAN_POINT('',(2.5,8.500000002185,1.035533905933));
#12924 = CARTESIAN_POINT('',(1.767766952966,8.450000002185,
    1.767766952966));
#12925 = CARTESIAN_POINT('',(1.035533905933,8.400000002185,2.5));
#12926 = CARTESIAN_POINT('',(-3.903127820948E-15,8.350000002185,2.5));
#12927 = CARTESIAN_POINT('',(-1.035533905933,8.300000002185,2.5));
#12928 = CARTESIAN_POINT('',(-1.767766952966,8.250000002185,
    1.767766952966));
#12929 = CARTESIAN_POINT('',(-2.5,8.200000002185,1.035533905933));
#12930 = CARTESIAN_POINT('',(-2.5,8.150000002185,-3.686287386451E-15));
#12931 = CARTESIAN_POINT('',(-2.5,8.100000002185,-1.035533905933));
#12932 = CARTESIAN_POINT('',(-1.767766952966,8.050000002185,
    -1.767766952966));
#12933 = CARTESIAN_POINT('',(-1.035533905933,8.000000002185,-2.5));
#12934 = CARTESIAN_POINT('',(4.336808689942E-15,7.950000002185,-2.5));
#12935 = CARTESIAN_POINT('',(1.035533905933,7.900000002185,-2.5));
#12936 = CARTESIAN_POINT('',(1.767766952966,7.850000002185,
    -1.767766952966));
#12937 = CARTESIAN_POINT('',(2.5,7.800000002185,-1.035533905933));
#12938 = CARTESIAN_POINT('',(2.5,7.750000002185,4.119968255445E-15));
#12939 = CARTESIAN_POINT('',(2.5,7.700000002185,1.035533905933));
#12940 = CARTESIAN_POINT('',(1.767766952966,7.650000002185,
    1.767766952966));
#12941 = CARTESIAN_POINT('',(1.035533905933,7.600000002185,2.5));
#12942 = CARTESIAN_POINT('',(-3.903127820948E-15,7.550000002185,2.5));
#12943 = CARTESIAN_POINT('',(-1.035533905933,7.500000002185,2.5));
#12944 = CARTESIAN_POINT('',(-1.767766952966,7.450000002185,
    1.767766952966));
#12945 = CARTESIAN_POINT('',(-2.5,7.400000002185,1.035533905933));
#12946 = CARTESIAN_POINT('',(-2.5,7.350000002185,-3.686287386451E-15));
#12947 = CARTESIAN_POINT('',(-2.5,7.300000002185,-1.035533905933));
#12948 = CARTESIAN_POINT('',(-1.767766952966,7.250000002185,
    -1.767766952966));
#12949 = CARTESIAN_POINT('',(-1.035533905933,7.200000002185,-2.5));
#12950 = CARTESIAN_POINT('',(4.336808689942E-15,7.150000002185,-2.5));
#12951 = CARTESIAN_POINT('',(1.035533905933,7.100000002185,-2.5));
#12952 = CARTESIAN_POINT('',(1.767766952966,7.050000002185,
    -1.767766952966));
#12953 = CARTESIAN_POINT('',(2.5,7.000000002185,-1.035533905933));
#12954 = CARTESIAN_POINT('',(2.5,6.950000002185,4.119968255445E-15));
#12955 = CARTESIAN_POINT('',(-1.461580736456,10.700000001092,
    -1.461580736456));
#12956 = CARTESIAN_POINT('',(-0.856174172913,10.650000001092,-2.0669873)
  );
#12957 = CARTESIAN_POINT('',(3.469446951954E-15,10.600000001092,
    -2.0669873));
#12958 = CARTESIAN_POINT('',(0.856174172913,10.550000001092,-2.0669873)
  );
#12959 = CARTESIAN_POINT('',(1.461580736456,10.500000001092,
    -1.461580736456));
#12960 = CARTESIAN_POINT('',(2.0669873,10.450000001092,-0.856174172913)
  );
#12961 = CARTESIAN_POINT('',(2.0669873,10.400000001092,
    3.252606517457E-15));
#12962 = CARTESIAN_POINT('',(2.0669873,10.350000001092,0.856174172913));
#12963 = CARTESIAN_POINT('',(1.461580736456,10.300000001092,
    1.461580736456));
#12964 = CARTESIAN_POINT('',(0.856174172913,10.250000001092,2.0669873));
#12965 = CARTESIAN_POINT('',(-3.252606517457E-15,10.200000001092,
    2.0669873));
#12966 = CARTESIAN_POINT('',(-0.856174172913,10.150000001092,2.0669873)
  );
#12967 = CARTESIAN_POINT('',(-1.461580736456,10.100000001092,
    1.461580736456));
#12968 = CARTESIAN_POINT('',(-2.0669873,10.050000001092,0.856174172913)
  );
#12969 = CARTESIAN_POINT('',(-2.0669873,10.000000001092,
    -3.252606517457E-15));
#12970 = CARTESIAN_POINT('',(-2.0669873,9.950000001092,-0.856174172913)
  );
#12971 = CARTESIAN_POINT('',(-1.461580736456,9.900000001092,
    -1.461580736456));
#12972 = CARTESIAN_POINT('',(-0.856174172913,9.850000001092,-2.0669873)
  );
#12973 = CARTESIAN_POINT('',(3.469446951954E-15,9.800000001092,
    -2.0669873));
#12974 = CARTESIAN_POINT('',(0.856174172913,9.750000001092,-2.0669873));
#12975 = CARTESIAN_POINT('',(1.461580736456,9.700000001092,
    -1.461580736456));
#12976 = CARTESIAN_POINT('',(2.0669873,9.650000001092,-0.856174172913));
#12977 = CARTESIAN_POINT('',(2.0669873,9.600000001092,3.252606517457E-15
    ));
#12978 = CARTESIAN_POINT('',(2.0669873,9.550000001092,0.856174172913));
#12979 = CARTESIAN_POINT('',(1.461580736456,9.500000001092,
    1.461580736456));
#12980 = CARTESIAN_POINT('',(0.856174172913,9.450000001092,2.0669873));
#12981 = CARTESIAN_POINT('',(-3.252606517457E-15,9.400000001092,
    2.0669873));
#12982 = CARTESIAN_POINT('',(-0.856174172913,9.350000001092,2.0669873));
#12983 = CARTESIAN_POINT('',(-1.461580736456,9.300000001092,
    1.461580736456));
#12984 = CARTESIAN_POINT('',(-2.0669873,9.250000001092,0.856174172913));
#12985 = CARTESIAN_POINT('',(-2.0669873,9.200000001092,
    -3.252606517457E-15));
#12986 = CARTESIAN_POINT('',(-2.0669873,9.150000001092,-0.856174172913)
  );
#12987 = CARTESIAN_POINT('',(-1.461580736456,9.100000001092,
    -1.461580736456));
#12988 = CARTESIAN_POINT('',(-0.856174172913,9.050000001092,-2.0669873)
  );
#12989 = CARTESIAN_POINT('',(3.469446951954E-15,9.000000001092,
    -2.0669873));
#12990 = CARTESIAN_POINT('',(0.856174172913,8.950000001092,-2.0669873));
#12991 = CARTESIAN_POINT('',(1.461580736456,8.900000001092,
    -1.461580736456));
#12992 = CARTESIAN_POINT('',(2.0669873,8.850000001092,-0.856174172913));
#12993 = CARTESIAN_POINT('',(2.0669873,8.800000001092,3.252606517457E-15
    ));
#12994 = CARTESIAN_POINT('',(2.0669873,8.750000001092,0.856174172913));
#12995 = CARTESIAN_POINT('',(1.461580736456,8.700000001092,
    1.461580736456));
#12996 = CARTESIAN_POINT('',(0.856174172913,8.650000001092,2.0669873));
#12997 = CARTESIAN_POINT('',(-3.252606517457E-15,8.600000001092,
    2.0669873));
#12998 = CARTESIAN_POINT('',(-0.856174172913,8.550000001092,2.0669873));
#12999 = CARTESIAN_POINT('',(-1.461580736456,8.500000001092,
    1.461580736456));
#13000 = CARTESIAN_POINT('',(-2.0669873,8.450000001092,0.856174172913));
#13001 = CARTESIAN_POINT('',(-2.0669873,8.400000001092,
    -3.252606517457E-15));
#13002 = CARTESIAN_POINT('',(-2.0669873,8.350000001092,-0.856174172913)
  );
#13003 = CARTESIAN_POINT('',(-1.461580736456,8.300000001092,
    -1.461580736456));
#13004 = CARTESIAN_POINT('',(-0.856174172913,8.250000001092,-2.0669873)
  );
#13005 = CARTESIAN_POINT('',(3.469446951954E-15,8.200000001092,
    -2.0669873));
#13006 = CARTESIAN_POINT('',(0.856174172913,8.150000001092,-2.0669873));
#13007 = CARTESIAN_POINT('',(1.461580736456,8.100000001092,
    -1.461580736456));
#13008 = CARTESIAN_POINT('',(2.0669873,8.050000001092,-0.856174172913));
#13009 = CARTESIAN_POINT('',(2.0669873,8.000000001092,3.252606517457E-15
    ));
#13010 = CARTESIAN_POINT('',(2.0669873,7.950000001092,0.856174172913));
#13011 = CARTESIAN_POINT('',(1.461580736456,7.900000001092,
    1.461580736456));
#13012 = CARTESIAN_POINT('',(0.856174172913,7.850000001092,2.0669873));
#13013 = CARTESIAN_POINT('',(-3.252606517457E-15,7.800000001092,
    2.0669873));
#13014 = CARTESIAN_POINT('',(-0.856174172913,7.750000001092,2.0669873));
#13015 = CARTESIAN_POINT('',(-1.461580736456,7.700000001092,
    1.461580736456));
#13016 = CARTESIAN_POINT('',(-2.0669873,7.650000001092,0.856174172913));
#13017 = CARTESIAN_POINT('',(-2.0669873,7.600000001092,
    -3.252606517457E-15));
#13018 = CARTESIAN_POINT('',(-2.0669873,7.550000001092,-0.856174172913)
  );
#13019 = CARTESIAN_POINT('',(-1.461580736456,7.500000001092,
    -1.461580736456));
#13020 = CARTESIAN_POINT('',(-0.856174172913,7.450000001092,-2.0669873)
  );
#13021 = CARTESIAN_POINT('',(3.469446951954E-15,7.400000001092,
    -2.0669873));
#13022 = CARTESIAN_POINT('',(0.856174172913,7.350000001092,-2.0669873));
#13023 = CARTESIAN_POINT('',(1.461580736456,7.300000001092,
    -1.461580736456));
#13024 = CARTESIAN_POINT('',(2.0669873,7.250000001092,-0.856174172913));
#13025 = CARTESIAN_POINT('',(2.0669873,7.200000001092,3.252606517457E-15
    ));
#13026 = ADVANCED_FACE('',(#13027),#13033,.F.);
#13027 = FACE_BOUND('',#13028,.F.);
#13028 = EDGE_LOOP('',(#13029,#13030,#13031,#13032));
#13029 = ORIENTED_EDGE('',*,*,#12276,.T.);
#13030 = ORIENTED_EDGE('',*,*,#11574,.F.);
#13031 = ORIENTED_EDGE('',*,*,#12130,.T.);
#13032 = ORIENTED_EDGE('',*,*,#11591,.T.);
#13033 = CONICAL_SURFACE('',#13034,2.5,0.785398163397);
#13034 = AXIS2_PLACEMENT_3D('',#13035,#13036,#13037);
#13035 = CARTESIAN_POINT('',(0.,11.15,0.));
#13036 = DIRECTION('',(0.,1.,0.));
#13037 = DIRECTION('',(-0.707106781187,0.,0.707106781187));
#13038 = MANIFOLD_SOLID_BREP('',#13039);
#13039 = CLOSED_SHELL('',(#13040,#13082,#13098,#13116));
#13040 = ADVANCED_FACE('',(#13041),#13077,.T.);
#13041 = FACE_BOUND('',#13042,.T.);
#13042 = EDGE_LOOP('',(#13043,#13054,#13062,#13071));
#13043 = ORIENTED_EDGE('',*,*,#13044,.T.);
#13044 = EDGE_CURVE('',#13045,#13047,#13049,.T.);
#13045 = VERTEX_POINT('',#13046);
#13046 = CARTESIAN_POINT('',(2.934493141924,0.87,-2.934493141924));
#13047 = VERTEX_POINT('',#13048);
#13048 = CARTESIAN_POINT('',(-2.934493141924,0.87,2.934493141924));
#13049 = CIRCLE('',#13050,4.15);
#13050 = AXIS2_PLACEMENT_3D('',#13051,#13052,#13053);
#13051 = CARTESIAN_POINT('',(0.,0.87,0.));
#13052 = DIRECTION('',(0.,-1.,0.));
#13053 = DIRECTION('',(0.707106781187,0.,-0.707106781187));
#13054 = ORIENTED_EDGE('',*,*,#13055,.T.);
#13055 = EDGE_CURVE('',#13047,#13056,#13058,.T.);
#13056 = VERTEX_POINT('',#13057);
#13057 = CARTESIAN_POINT('',(-2.934493141924,0.75,2.934493141924));
#13058 = LINE('',#13059,#13060);
#13059 = CARTESIAN_POINT('',(-2.934493141924,-8.262823377232,
    2.934493141924));
#13060 = VECTOR('',#13061,1.);
#13061 = DIRECTION('',(0.,-1.,-0.));
#13062 = ORIENTED_EDGE('',*,*,#13063,.F.);
#13063 = EDGE_CURVE('',#13064,#13056,#13066,.T.);
#13064 = VERTEX_POINT('',#13065);
#13065 = CARTESIAN_POINT('',(2.934493141924,0.75,-2.934493141924));
#13066 = CIRCLE('',#13067,4.15);
#13067 = AXIS2_PLACEMENT_3D('',#13068,#13069,#13070);
#13068 = CARTESIAN_POINT('',(0.,0.75,0.));
#13069 = DIRECTION('',(0.,-1.,0.));
#13070 = DIRECTION('',(0.707106781187,0.,-0.707106781187));
#13071 = ORIENTED_EDGE('',*,*,#13072,.F.);
#13072 = EDGE_CURVE('',#13045,#13064,#13073,.T.);
#13073 = LINE('',#13074,#13075);
#13074 = CARTESIAN_POINT('',(2.934493141924,-8.262823377232,
    -2.934493141924));
#13075 = VECTOR('',#13076,1.);
#13076 = DIRECTION('',(0.,-1.,-0.));
#13077 = CYLINDRICAL_SURFACE('',#13078,4.15);
#13078 = AXIS2_PLACEMENT_3D('',#13079,#13080,#13081);
#13079 = CARTESIAN_POINT('',(0.,-8.262823377232,0.));
#13080 = DIRECTION('',(0.,-1.,-0.));
#13081 = DIRECTION('',(0.707106781187,0.,-0.707106781187));
#13082 = ADVANCED_FACE('',(#13083),#13093,.F.);
#13083 = FACE_BOUND('',#13084,.T.);
#13084 = EDGE_LOOP('',(#13085,#13086));
#13085 = ORIENTED_EDGE('',*,*,#13063,.T.);
#13086 = ORIENTED_EDGE('',*,*,#13087,.T.);
#13087 = EDGE_CURVE('',#13056,#13064,#13088,.T.);
#13088 = CIRCLE('',#13089,4.15);
#13089 = AXIS2_PLACEMENT_3D('',#13090,#13091,#13092);
#13090 = CARTESIAN_POINT('',(0.,0.75,0.));
#13091 = DIRECTION('',(0.,-1.,0.));
#13092 = DIRECTION('',(0.707106781187,0.,-0.707106781187));
#13093 = PLANE('',#13094);
#13094 = AXIS2_PLACEMENT_3D('',#13095,#13096,#13097);
#13095 = CARTESIAN_POINT('',(0.,0.75,0.));
#13096 = DIRECTION('',(0.,1.,0.));
#13097 = DIRECTION('',(-0.707106781187,0.,0.707106781187));
#13098 = ADVANCED_FACE('',(#13099),#13111,.T.);
#13099 = FACE_BOUND('',#13100,.T.);
#13100 = EDGE_LOOP('',(#13101,#13102,#13109,#13110));
#13101 = ORIENTED_EDGE('',*,*,#13055,.F.);
#13102 = ORIENTED_EDGE('',*,*,#13103,.T.);
#13103 = EDGE_CURVE('',#13047,#13045,#13104,.T.);
#13104 = CIRCLE('',#13105,4.15);
#13105 = AXIS2_PLACEMENT_3D('',#13106,#13107,#13108);
#13106 = CARTESIAN_POINT('',(0.,0.87,0.));
#13107 = DIRECTION('',(0.,-1.,0.));
#13108 = DIRECTION('',(0.707106781187,0.,-0.707106781187));
#13109 = ORIENTED_EDGE('',*,*,#13072,.T.);
#13110 = ORIENTED_EDGE('',*,*,#13087,.F.);
#13111 = CYLINDRICAL_SURFACE('',#13112,4.15);
#13112 = AXIS2_PLACEMENT_3D('',#13113,#13114,#13115);
#13113 = CARTESIAN_POINT('',(0.,-8.262823377232,0.));
#13114 = DIRECTION('',(0.,-1.,-0.));
#13115 = DIRECTION('',(0.707106781187,0.,-0.707106781187));
#13116 = ADVANCED_FACE('',(#13117),#13121,.F.);
#13117 = FACE_BOUND('',#13118,.T.);
#13118 = EDGE_LOOP('',(#13119,#13120));
#13119 = ORIENTED_EDGE('',*,*,#13044,.F.);
#13120 = ORIENTED_EDGE('',*,*,#13103,.F.);
#13121 = PLANE('',#13122);
#13122 = AXIS2_PLACEMENT_3D('',#13123,#13124,#13125);
#13123 = CARTESIAN_POINT('',(-2.934493141924,0.87,-2.934493141924));
#13124 = DIRECTION('',(0.,-1.,0.));
#13125 = DIRECTION('',(0.707106781187,0.,-0.707106781187));
#13126 = MANIFOLD_SOLID_BREP('',#13127);
#13127 = CLOSED_SHELL('',(#13128,#13170,#13212,#13254,#13296,#13320,
    #13330,#13354,#13368,#13426,#13457,#13481,#13512,#13545,#13567,
    #13582,#13603));
#13128 = ADVANCED_FACE('',(#13129),#13165,.T.);
#13129 = FACE_BOUND('',#13130,.T.);
#13130 = EDGE_LOOP('',(#13131,#13142,#13150,#13159));
#13131 = ORIENTED_EDGE('',*,*,#13132,.F.);
#13132 = EDGE_CURVE('',#13133,#13135,#13137,.T.);
#13133 = VERTEX_POINT('',#13134);
#13134 = CARTESIAN_POINT('',(-1.664398450964,0.5,-5.033626830303));
#13135 = VERTEX_POINT('',#13136);
#13136 = CARTESIAN_POINT('',(-1.827866982996,0.5,-5.066142743002));
#13137 = CIRCLE('',#13138,0.15);
#13138 = AXIS2_PLACEMENT_3D('',#13139,#13140,#13141);
#13139 = CARTESIAN_POINT('',(-1.770464468142,0.5,-4.927560813125));
#13140 = DIRECTION('',(0.,1.,0.));
#13141 = DIRECTION('',(-0.707106781187,0.,0.707106781187));
#13142 = ORIENTED_EDGE('',*,*,#13143,.T.);
#13143 = EDGE_CURVE('',#13133,#13144,#13146,.T.);
#13144 = VERTEX_POINT('',#13145);
#13145 = CARTESIAN_POINT('',(-1.664398450964,0.1,-5.033626830303));
#13146 = LINE('',#13147,#13148);
#13147 = CARTESIAN_POINT('',(-1.664398450964,0.5,-5.033626830303));
#13148 = VECTOR('',#13149,1.);
#13149 = DIRECTION('',(0.,-1.,-0.));
#13150 = ORIENTED_EDGE('',*,*,#13151,.T.);
#13151 = EDGE_CURVE('',#13144,#13152,#13154,.T.);
#13152 = VERTEX_POINT('',#13153);
#13153 = CARTESIAN_POINT('',(-1.827866982996,0.1,-5.066142743002));
#13154 = CIRCLE('',#13155,0.15);
#13155 = AXIS2_PLACEMENT_3D('',#13156,#13157,#13158);
#13156 = CARTESIAN_POINT('',(-1.770464468142,0.1,-4.927560813125));
#13157 = DIRECTION('',(0.,1.,0.));
#13158 = DIRECTION('',(-0.707106781187,0.,0.707106781187));
#13159 = ORIENTED_EDGE('',*,*,#13160,.F.);
#13160 = EDGE_CURVE('',#13135,#13152,#13161,.T.);
#13161 = LINE('',#13162,#13163);
#13162 = CARTESIAN_POINT('',(-1.827866982996,0.5,-5.066142743002));
#13163 = VECTOR('',#13164,1.);
#13164 = DIRECTION('',(0.,-1.,-0.));
#13165 = CYLINDRICAL_SURFACE('',#13166,0.15);
#13166 = AXIS2_PLACEMENT_3D('',#13167,#13168,#13169);
#13167 = CARTESIAN_POINT('',(-1.770464468142,0.5,-4.927560813125));
#13168 = DIRECTION('',(0.,-1.,-0.));
#13169 = DIRECTION('',(0.707106781187,0.,-0.707106781187));
#13170 = ADVANCED_FACE('',(#13171),#13207,.T.);
#13171 = FACE_BOUND('',#13172,.T.);
#13172 = EDGE_LOOP('',(#13173,#13184,#13192,#13201));
#13173 = ORIENTED_EDGE('',*,*,#13174,.F.);
#13174 = EDGE_CURVE('',#13175,#13177,#13179,.T.);
#13175 = VERTEX_POINT('',#13176);
#13176 = CARTESIAN_POINT('',(-3.231477990023,0.75,3.231477990023));
#13177 = VERTEX_POINT('',#13178);
#13178 = CARTESIAN_POINT('',(3.231477990023,0.75,-3.231477990023));
#13179 = CIRCLE('',#13180,4.57);
#13180 = AXIS2_PLACEMENT_3D('',#13181,#13182,#13183);
#13181 = CARTESIAN_POINT('',(0.,0.75,0.));
#13182 = DIRECTION('',(0.,1.,0.));
#13183 = DIRECTION('',(-0.707106781187,0.,0.707106781187));
#13184 = ORIENTED_EDGE('',*,*,#13185,.T.);
#13185 = EDGE_CURVE('',#13175,#13186,#13188,.T.);
#13186 = VERTEX_POINT('',#13187);
#13187 = CARTESIAN_POINT('',(-3.231477990023,0.1,3.231477990023));
#13188 = LINE('',#13189,#13190);
#13189 = CARTESIAN_POINT('',(-3.231477990023,0.5,3.231477990023));
#13190 = VECTOR('',#13191,1.);
#13191 = DIRECTION('',(0.,-1.,-0.));
#13192 = ORIENTED_EDGE('',*,*,#13193,.T.);
#13193 = EDGE_CURVE('',#13186,#13194,#13196,.T.);
#13194 = VERTEX_POINT('',#13195);
#13195 = CARTESIAN_POINT('',(3.231477990023,0.1,-3.231477990023));
#13196 = CIRCLE('',#13197,4.57);
#13197 = AXIS2_PLACEMENT_3D('',#13198,#13199,#13200);
#13198 = CARTESIAN_POINT('',(0.,0.1,0.));
#13199 = DIRECTION('',(0.,1.,0.));
#13200 = DIRECTION('',(-0.707106781187,0.,0.707106781187));
#13201 = ORIENTED_EDGE('',*,*,#13202,.F.);
#13202 = EDGE_CURVE('',#13177,#13194,#13203,.T.);
#13203 = LINE('',#13204,#13205);
#13204 = CARTESIAN_POINT('',(3.231477990023,0.5,-3.231477990023));
#13205 = VECTOR('',#13206,1.);
#13206 = DIRECTION('',(0.,-1.,-0.));
#13207 = CYLINDRICAL_SURFACE('',#13208,4.57);
#13208 = AXIS2_PLACEMENT_3D('',#13209,#13210,#13211);
#13209 = CARTESIAN_POINT('',(0.,0.5,0.));
#13210 = DIRECTION('',(0.,-1.,-0.));
#13211 = DIRECTION('',(0.707106781187,0.,-0.707106781187));
#13212 = ADVANCED_FACE('',(#13213),#13249,.T.);
#13213 = FACE_BOUND('',#13214,.T.);
#13214 = EDGE_LOOP('',(#13215,#13226,#13234,#13243));
#13215 = ORIENTED_EDGE('',*,*,#13216,.F.);
#13216 = EDGE_CURVE('',#13217,#13219,#13221,.T.);
#13217 = VERTEX_POINT('',#13218);
#13218 = CARTESIAN_POINT('',(2.31223917448,0.,1.817264427649));
#13219 = VERTEX_POINT('',#13220);
#13220 = CARTESIAN_POINT('',(1.817264427649,0.,2.31223917448));
#13221 = CIRCLE('',#13222,0.35);
#13222 = AXIS2_PLACEMENT_3D('',#13223,#13224,#13225);
#13223 = CARTESIAN_POINT('',(2.064751801065,0.,2.064751801065));
#13224 = DIRECTION('',(0.,-1.,0.));
#13225 = DIRECTION('',(0.707106781187,0.,-0.707106781187));
#13226 = ORIENTED_EDGE('',*,*,#13227,.T.);
#13227 = EDGE_CURVE('',#13217,#13228,#13230,.T.);
#13228 = VERTEX_POINT('',#13229);
#13229 = CARTESIAN_POINT('',(2.31223917448,0.1,1.817264427649));
#13230 = LINE('',#13231,#13232);
#13231 = CARTESIAN_POINT('',(2.31223917448,0.,1.817264427649));
#13232 = VECTOR('',#13233,1.);
#13233 = DIRECTION('',(0.,1.,0.));
#13234 = ORIENTED_EDGE('',*,*,#13235,.T.);
#13235 = EDGE_CURVE('',#13228,#13236,#13238,.T.);
#13236 = VERTEX_POINT('',#13237);
#13237 = CARTESIAN_POINT('',(1.817264427649,0.1,2.31223917448));
#13238 = CIRCLE('',#13239,0.35);
#13239 = AXIS2_PLACEMENT_3D('',#13240,#13241,#13242);
#13240 = CARTESIAN_POINT('',(2.064751801065,0.1,2.064751801065));
#13241 = DIRECTION('',(0.,-1.,0.));
#13242 = DIRECTION('',(0.707106781187,0.,-0.707106781187));
#13243 = ORIENTED_EDGE('',*,*,#13244,.F.);
#13244 = EDGE_CURVE('',#13219,#13236,#13245,.T.);
#13245 = LINE('',#13246,#13247);
#13246 = CARTESIAN_POINT('',(1.817264427649,0.,2.31223917448));
#13247 = VECTOR('',#13248,1.);
#13248 = DIRECTION('',(0.,1.,0.));
#13249 = CYLINDRICAL_SURFACE('',#13250,0.35);
#13250 = AXIS2_PLACEMENT_3D('',#13251,#13252,#13253);
#13251 = CARTESIAN_POINT('',(2.064751801065,0.,2.064751801065));
#13252 = DIRECTION('',(0.,1.,0.));
#13253 = DIRECTION('',(-0.707106781187,0.,0.707106781187));
#13254 = ADVANCED_FACE('',(#13255),#13291,.T.);
#13255 = FACE_BOUND('',#13256,.T.);
#13256 = EDGE_LOOP('',(#13257,#13268,#13276,#13285));
#13257 = ORIENTED_EDGE('',*,*,#13258,.F.);
#13258 = EDGE_CURVE('',#13259,#13261,#13263,.T.);
#13259 = VERTEX_POINT('',#13260);
#13260 = CARTESIAN_POINT('',(2.223850826832,-6.4,1.905652775298));
#13261 = VERTEX_POINT('',#13262);
#13262 = CARTESIAN_POINT('',(1.905652775298,-6.4,2.223850826832));
#13263 = CIRCLE('',#13264,0.225);
#13264 = AXIS2_PLACEMENT_3D('',#13265,#13266,#13267);
#13265 = CARTESIAN_POINT('',(2.064751801065,-6.4,2.064751801065));
#13266 = DIRECTION('',(0.,-1.,0.));
#13267 = DIRECTION('',(0.707106781187,0.,-0.707106781187));
#13268 = ORIENTED_EDGE('',*,*,#13269,.T.);
#13269 = EDGE_CURVE('',#13259,#13270,#13272,.T.);
#13270 = VERTEX_POINT('',#13271);
#13271 = CARTESIAN_POINT('',(2.223850826832,-2.574980159653E-16,
    1.905652775298));
#13272 = LINE('',#13273,#13274);
#13273 = CARTESIAN_POINT('',(2.223850826832,-6.4,1.905652775298));
#13274 = VECTOR('',#13275,1.);
#13275 = DIRECTION('',(0.,1.,0.));
#13276 = ORIENTED_EDGE('',*,*,#13277,.T.);
#13277 = EDGE_CURVE('',#13270,#13278,#13280,.T.);
#13278 = VERTEX_POINT('',#13279);
#13279 = CARTESIAN_POINT('',(1.905652775298,-2.574980159653E-16,
    2.223850826832));
#13280 = CIRCLE('',#13281,0.225);
#13281 = AXIS2_PLACEMENT_3D('',#13282,#13283,#13284);
#13282 = CARTESIAN_POINT('',(2.064751801065,-2.574980159653E-16,
    2.064751801065));
#13283 = DIRECTION('',(0.,-1.,0.));
#13284 = DIRECTION('',(0.707106781187,0.,-0.707106781187));
#13285 = ORIENTED_EDGE('',*,*,#13286,.F.);
#13286 = EDGE_CURVE('',#13261,#13278,#13287,.T.);
#13287 = LINE('',#13288,#13289);
#13288 = CARTESIAN_POINT('',(1.905652775298,-6.4,2.223850826832));
#13289 = VECTOR('',#13290,1.);
#13290 = DIRECTION('',(0.,1.,0.));
#13291 = CYLINDRICAL_SURFACE('',#13292,0.225);
#13292 = AXIS2_PLACEMENT_3D('',#13293,#13294,#13295);
#13293 = CARTESIAN_POINT('',(2.064751801065,-6.4,2.064751801065));
#13294 = DIRECTION('',(0.,1.,0.));
#13295 = DIRECTION('',(-0.707106781187,0.,0.707106781187));
#13296 = ADVANCED_FACE('',(#13297),#13315,.T.);
#13297 = FACE_BOUND('',#13298,.T.);
#13298 = EDGE_LOOP('',(#13299,#13300,#13307,#13308));
#13299 = ORIENTED_EDGE('',*,*,#13269,.F.);
#13300 = ORIENTED_EDGE('',*,*,#13301,.F.);
#13301 = EDGE_CURVE('',#13261,#13259,#13302,.T.);
#13302 = CIRCLE('',#13303,0.225);
#13303 = AXIS2_PLACEMENT_3D('',#13304,#13305,#13306);
#13304 = CARTESIAN_POINT('',(2.064751801065,-6.4,2.064751801065));
#13305 = DIRECTION('',(0.,-1.,0.));
#13306 = DIRECTION('',(0.707106781187,0.,-0.707106781187));
#13307 = ORIENTED_EDGE('',*,*,#13286,.T.);
#13308 = ORIENTED_EDGE('',*,*,#13309,.T.);
#13309 = EDGE_CURVE('',#13278,#13270,#13310,.T.);
#13310 = CIRCLE('',#13311,0.225);
#13311 = AXIS2_PLACEMENT_3D('',#13312,#13313,#13314);
#13312 = CARTESIAN_POINT('',(2.064751801065,-2.574980159653E-16,
    2.064751801065));
#13313 = DIRECTION('',(0.,-1.,0.));
#13314 = DIRECTION('',(0.707106781187,0.,-0.707106781187));
#13315 = CYLINDRICAL_SURFACE('',#13316,0.225);
#13316 = AXIS2_PLACEMENT_3D('',#13317,#13318,#13319);
#13317 = CARTESIAN_POINT('',(2.064751801065,-6.4,2.064751801065));
#13318 = DIRECTION('',(0.,1.,0.));
#13319 = DIRECTION('',(-0.707106781187,0.,0.707106781187));
#13320 = ADVANCED_FACE('',(#13321),#13325,.T.);
#13321 = FACE_BOUND('',#13322,.T.);
#13322 = EDGE_LOOP('',(#13323,#13324));
#13323 = ORIENTED_EDGE('',*,*,#13301,.T.);
#13324 = ORIENTED_EDGE('',*,*,#13258,.T.);
#13325 = PLANE('',#13326);
#13326 = AXIS2_PLACEMENT_3D('',#13327,#13328,#13329);
#13327 = CARTESIAN_POINT('',(2.064751801065,-6.4,2.064751801065));
#13328 = DIRECTION('',(0.,-1.,0.));
#13329 = DIRECTION('',(0.707106781187,0.,-0.707106781187));
#13330 = ADVANCED_FACE('',(#13331),#13349,.T.);
#13331 = FACE_BOUND('',#13332,.T.);
#13332 = EDGE_LOOP('',(#13333,#13334,#13341,#13342));
#13333 = ORIENTED_EDGE('',*,*,#13227,.F.);
#13334 = ORIENTED_EDGE('',*,*,#13335,.F.);
#13335 = EDGE_CURVE('',#13219,#13217,#13336,.T.);
#13336 = CIRCLE('',#13337,0.35);
#13337 = AXIS2_PLACEMENT_3D('',#13338,#13339,#13340);
#13338 = CARTESIAN_POINT('',(2.064751801065,0.,2.064751801065));
#13339 = DIRECTION('',(0.,-1.,0.));
#13340 = DIRECTION('',(0.707106781187,0.,-0.707106781187));
#13341 = ORIENTED_EDGE('',*,*,#13244,.T.);
#13342 = ORIENTED_EDGE('',*,*,#13343,.T.);
#13343 = EDGE_CURVE('',#13236,#13228,#13344,.T.);
#13344 = CIRCLE('',#13345,0.35);
#13345 = AXIS2_PLACEMENT_3D('',#13346,#13347,#13348);
#13346 = CARTESIAN_POINT('',(2.064751801065,0.1,2.064751801065));
#13347 = DIRECTION('',(0.,-1.,0.));
#13348 = DIRECTION('',(0.707106781187,0.,-0.707106781187));
#13349 = CYLINDRICAL_SURFACE('',#13350,0.35);
#13350 = AXIS2_PLACEMENT_3D('',#13351,#13352,#13353);
#13351 = CARTESIAN_POINT('',(2.064751801065,0.,2.064751801065));
#13352 = DIRECTION('',(0.,1.,0.));
#13353 = DIRECTION('',(-0.707106781187,0.,0.707106781187));
#13354 = ADVANCED_FACE('',(#13355,#13359),#13363,.T.);
#13355 = FACE_BOUND('',#13356,.T.);
#13356 = EDGE_LOOP('',(#13357,#13358));
#13357 = ORIENTED_EDGE('',*,*,#13309,.F.);
#13358 = ORIENTED_EDGE('',*,*,#13277,.F.);
#13359 = FACE_BOUND('',#13360,.T.);
#13360 = EDGE_LOOP('',(#13361,#13362));
#13361 = ORIENTED_EDGE('',*,*,#13335,.T.);
#13362 = ORIENTED_EDGE('',*,*,#13216,.T.);
#13363 = PLANE('',#13364);
#13364 = AXIS2_PLACEMENT_3D('',#13365,#13366,#13367);
#13365 = CARTESIAN_POINT('',(2.064751801065,0.,2.064751801065));
#13366 = DIRECTION('',(0.,-1.,0.));
#13367 = DIRECTION('',(0.707106781187,0.,-0.707106781187));
#13368 = ADVANCED_FACE('',(#13369),#13421,.T.);
#13369 = FACE_BOUND('',#13370,.T.);
#13370 = EDGE_LOOP('',(#13371,#13372,#13379,#13380,#13389,#13397,#13406,
    #13414));
#13371 = ORIENTED_EDGE('',*,*,#13185,.F.);
#13372 = ORIENTED_EDGE('',*,*,#13373,.F.);
#13373 = EDGE_CURVE('',#13177,#13175,#13374,.T.);
#13374 = CIRCLE('',#13375,4.57);
#13375 = AXIS2_PLACEMENT_3D('',#13376,#13377,#13378);
#13376 = CARTESIAN_POINT('',(0.,0.75,0.));
#13377 = DIRECTION('',(0.,1.,0.));
#13378 = DIRECTION('',(-0.707106781187,0.,0.707106781187));
#13379 = ORIENTED_EDGE('',*,*,#13202,.T.);
#13380 = ORIENTED_EDGE('',*,*,#13381,.T.);
#13381 = EDGE_CURVE('',#13194,#13382,#13384,.T.);
#13382 = VERTEX_POINT('',#13383);
#13383 = CARTESIAN_POINT('',(-1.372599539575,0.1,-4.358998796049));
#13384 = CIRCLE('',#13385,4.57);
#13385 = AXIS2_PLACEMENT_3D('',#13386,#13387,#13388);
#13386 = CARTESIAN_POINT('',(0.,0.1,0.));
#13387 = DIRECTION('',(0.,1.,0.));
#13388 = DIRECTION('',(-0.707106781187,0.,0.707106781187));
#13389 = ORIENTED_EDGE('',*,*,#13390,.F.);
#13390 = EDGE_CURVE('',#13391,#13382,#13393,.T.);
#13391 = VERTEX_POINT('',#13392);
#13392 = CARTESIAN_POINT('',(-1.372599539575,0.5,-4.358998796049));
#13393 = LINE('',#13394,#13395);
#13394 = CARTESIAN_POINT('',(-1.372599539575,0.5,-4.358998796049));
#13395 = VECTOR('',#13396,1.);
#13396 = DIRECTION('',(0.,-1.,-0.));
#13397 = ORIENTED_EDGE('',*,*,#13398,.T.);
#13398 = EDGE_CURVE('',#13391,#13399,#13401,.T.);
#13399 = VERTEX_POINT('',#13400);
#13400 = CARTESIAN_POINT('',(-2.111703165584,0.5,-4.052852050157));
#13401 = CIRCLE('',#13402,4.57);
#13402 = AXIS2_PLACEMENT_3D('',#13403,#13404,#13405);
#13403 = CARTESIAN_POINT('',(0.,0.5,0.));
#13404 = DIRECTION('',(0.,1.,0.));
#13405 = DIRECTION('',(-0.707106781187,0.,0.707106781187));
#13406 = ORIENTED_EDGE('',*,*,#13407,.T.);
#13407 = EDGE_CURVE('',#13399,#13408,#13410,.T.);
#13408 = VERTEX_POINT('',#13409);
#13409 = CARTESIAN_POINT('',(-2.111703165584,0.1,-4.052852050157));
#13410 = LINE('',#13411,#13412);
#13411 = CARTESIAN_POINT('',(-2.111703165584,0.5,-4.052852050157));
#13412 = VECTOR('',#13413,1.);
#13413 = DIRECTION('',(0.,-1.,-0.));
#13414 = ORIENTED_EDGE('',*,*,#13415,.T.);
#13415 = EDGE_CURVE('',#13408,#13186,#13416,.T.);
#13416 = CIRCLE('',#13417,4.57);
#13417 = AXIS2_PLACEMENT_3D('',#13418,#13419,#13420);
#13418 = CARTESIAN_POINT('',(0.,0.1,0.));
#13419 = DIRECTION('',(0.,1.,0.));
#13420 = DIRECTION('',(-0.707106781187,0.,0.707106781187));
#13421 = CYLINDRICAL_SURFACE('',#13422,4.57);
#13422 = AXIS2_PLACEMENT_3D('',#13423,#13424,#13425);
#13423 = CARTESIAN_POINT('',(0.,0.5,0.));
#13424 = DIRECTION('',(0.,-1.,-0.));
#13425 = DIRECTION('',(0.707106781187,0.,-0.707106781187));
#13426 = ADVANCED_FACE('',(#13427),#13452,.F.);
#13427 = FACE_BOUND('',#13428,.T.);
#13428 = EDGE_LOOP('',(#13429,#13437,#13445,#13451));
#13429 = ORIENTED_EDGE('',*,*,#13430,.T.);
#13430 = EDGE_CURVE('',#13382,#13431,#13433,.T.);
#13431 = VERTEX_POINT('',#13432);
#13432 = CARTESIAN_POINT('',(-1.631882538265,0.1,-4.98496332798));
#13433 = LINE('',#13434,#13435);
#13434 = CARTESIAN_POINT('',(-1.631882538265,0.1,-4.98496332798));
#13435 = VECTOR('',#13436,1.);
#13436 = DIRECTION('',(-0.382683432365,-0.,-0.923879532511));
#13437 = ORIENTED_EDGE('',*,*,#13438,.F.);
#13438 = EDGE_CURVE('',#13439,#13431,#13441,.T.);
#13439 = VERTEX_POINT('',#13440);
#13440 = CARTESIAN_POINT('',(-1.631882538265,0.5,-4.98496332798));
#13441 = LINE('',#13442,#13443);
#13442 = CARTESIAN_POINT('',(-1.631882538265,0.5,-4.98496332798));
#13443 = VECTOR('',#13444,1.);
#13444 = DIRECTION('',(0.,-1.,-0.));
#13445 = ORIENTED_EDGE('',*,*,#13446,.F.);
#13446 = EDGE_CURVE('',#13391,#13439,#13447,.T.);
#13447 = LINE('',#13448,#13449);
#13448 = CARTESIAN_POINT('',(-1.631882538265,0.5,-4.98496332798));
#13449 = VECTOR('',#13450,1.);
#13450 = DIRECTION('',(-0.382683432365,-0.,-0.923879532511));
#13451 = ORIENTED_EDGE('',*,*,#13390,.T.);
#13452 = PLANE('',#13453);
#13453 = AXIS2_PLACEMENT_3D('',#13454,#13455,#13456);
#13454 = CARTESIAN_POINT('',(-1.631882538265,0.5,-4.98496332798));
#13455 = DIRECTION('',(-0.923879532511,0.,0.382683432365));
#13456 = DIRECTION('',(0.382683432365,0.,0.923879532511));
#13457 = ADVANCED_FACE('',(#13458),#13476,.T.);
#13458 = FACE_BOUND('',#13459,.T.);
#13459 = EDGE_LOOP('',(#13460,#13461,#13468,#13469));
#13460 = ORIENTED_EDGE('',*,*,#13143,.F.);
#13461 = ORIENTED_EDGE('',*,*,#13462,.F.);
#13462 = EDGE_CURVE('',#13439,#13133,#13463,.T.);
#13463 = CIRCLE('',#13464,0.15);
#13464 = AXIS2_PLACEMENT_3D('',#13465,#13466,#13467);
#13465 = CARTESIAN_POINT('',(-1.770464468142,0.5,-4.927560813125));
#13466 = DIRECTION('',(0.,1.,0.));
#13467 = DIRECTION('',(-0.707106781187,0.,0.707106781187));
#13468 = ORIENTED_EDGE('',*,*,#13438,.T.);
#13469 = ORIENTED_EDGE('',*,*,#13470,.T.);
#13470 = EDGE_CURVE('',#13431,#13144,#13471,.T.);
#13471 = CIRCLE('',#13472,0.15);
#13472 = AXIS2_PLACEMENT_3D('',#13473,#13474,#13475);
#13473 = CARTESIAN_POINT('',(-1.770464468142,0.1,-4.927560813125));
#13474 = DIRECTION('',(0.,1.,0.));
#13475 = DIRECTION('',(-0.707106781187,0.,0.707106781187));
#13476 = CYLINDRICAL_SURFACE('',#13477,0.15);
#13477 = AXIS2_PLACEMENT_3D('',#13478,#13479,#13480);
#13478 = CARTESIAN_POINT('',(-1.770464468142,0.5,-4.927560813125));
#13479 = DIRECTION('',(0.,-1.,-0.));
#13480 = DIRECTION('',(0.707106781187,0.,-0.707106781187));
#13481 = ADVANCED_FACE('',(#13482),#13507,.F.);
#13482 = FACE_BOUND('',#13483,.T.);
#13483 = EDGE_LOOP('',(#13484,#13492,#13500,#13506));
#13484 = ORIENTED_EDGE('',*,*,#13485,.T.);
#13485 = EDGE_CURVE('',#13152,#13486,#13488,.T.);
#13486 = VERTEX_POINT('',#13487);
#13487 = CARTESIAN_POINT('',(-2.289806749252,0.1,-4.874801026819));
#13488 = LINE('',#13489,#13490);
#13489 = CARTESIAN_POINT('',(-2.289806749252,0.1,-4.874801026819));
#13490 = VECTOR('',#13491,1.);
#13491 = DIRECTION('',(-0.923879532511,0.,0.382683432365));
#13492 = ORIENTED_EDGE('',*,*,#13493,.F.);
#13493 = EDGE_CURVE('',#13494,#13486,#13496,.T.);
#13494 = VERTEX_POINT('',#13495);
#13495 = CARTESIAN_POINT('',(-2.289806749252,0.5,-4.874801026819));
#13496 = LINE('',#13497,#13498);
#13497 = CARTESIAN_POINT('',(-2.289806749252,0.5,-4.874801026819));
#13498 = VECTOR('',#13499,1.);
#13499 = DIRECTION('',(0.,-1.,-0.));
#13500 = ORIENTED_EDGE('',*,*,#13501,.F.);
#13501 = EDGE_CURVE('',#13135,#13494,#13502,.T.);
#13502 = LINE('',#13503,#13504);
#13503 = CARTESIAN_POINT('',(-2.289806749252,0.5,-4.874801026819));
#13504 = VECTOR('',#13505,1.);
#13505 = DIRECTION('',(-0.923879532511,0.,0.382683432365));
#13506 = ORIENTED_EDGE('',*,*,#13160,.T.);
#13507 = PLANE('',#13508);
#13508 = AXIS2_PLACEMENT_3D('',#13509,#13510,#13511);
#13509 = CARTESIAN_POINT('',(-2.289806749252,0.5,-4.874801026819));
#13510 = DIRECTION('',(0.382683432365,0.,0.923879532511));
#13511 = DIRECTION('',(0.923879532511,0.,-0.382683432365));
#13512 = ADVANCED_FACE('',(#13513),#13540,.T.);
#13513 = FACE_BOUND('',#13514,.T.);
#13514 = EDGE_LOOP('',(#13515,#13524,#13532,#13539));
#13515 = ORIENTED_EDGE('',*,*,#13516,.T.);
#13516 = EDGE_CURVE('',#13486,#13517,#13519,.T.);
#13517 = VERTEX_POINT('',#13518);
#13518 = CARTESIAN_POINT('',(-2.370986164274,0.1,-4.678816582088));
#13519 = CIRCLE('',#13520,0.15);
#13520 = AXIS2_PLACEMENT_3D('',#13521,#13522,#13523);
#13521 = CARTESIAN_POINT('',(-2.232404234397,0.1,-4.736219096943));
#13522 = DIRECTION('',(0.,1.,0.));
#13523 = DIRECTION('',(0.707106781187,0.,-0.707106781187));
#13524 = ORIENTED_EDGE('',*,*,#13525,.F.);
#13525 = EDGE_CURVE('',#13526,#13517,#13528,.T.);
#13526 = VERTEX_POINT('',#13527);
#13527 = CARTESIAN_POINT('',(-2.370986164274,0.5,-4.678816582088));
#13528 = LINE('',#13529,#13530);
#13529 = CARTESIAN_POINT('',(-2.370986164274,0.5,-4.678816582088));
#13530 = VECTOR('',#13531,1.);
#13531 = DIRECTION('',(0.,-1.,-0.));
#13532 = ORIENTED_EDGE('',*,*,#13533,.F.);
#13533 = EDGE_CURVE('',#13494,#13526,#13534,.T.);
#13534 = CIRCLE('',#13535,0.15);
#13535 = AXIS2_PLACEMENT_3D('',#13536,#13537,#13538);
#13536 = CARTESIAN_POINT('',(-2.232404234397,0.5,-4.736219096943));
#13537 = DIRECTION('',(0.,1.,0.));
#13538 = DIRECTION('',(0.707106781187,0.,-0.707106781187));
#13539 = ORIENTED_EDGE('',*,*,#13493,.T.);
#13540 = CYLINDRICAL_SURFACE('',#13541,0.15);
#13541 = AXIS2_PLACEMENT_3D('',#13542,#13543,#13544);
#13542 = CARTESIAN_POINT('',(-2.232404234397,0.5,-4.736219096943));
#13543 = DIRECTION('',(0.,-1.,-0.));
#13544 = DIRECTION('',(0.707106781187,0.,-0.707106781187));
#13545 = ADVANCED_FACE('',(#13546),#13562,.F.);
#13546 = FACE_BOUND('',#13547,.T.);
#13547 = EDGE_LOOP('',(#13548,#13554,#13555,#13561));
#13548 = ORIENTED_EDGE('',*,*,#13549,.T.);
#13549 = EDGE_CURVE('',#13517,#13408,#13550,.T.);
#13550 = LINE('',#13551,#13552);
#13551 = CARTESIAN_POINT('',(-2.370986164274,0.1,-4.678816582088));
#13552 = VECTOR('',#13553,1.);
#13553 = DIRECTION('',(0.382683432365,0.,0.923879532511));
#13554 = ORIENTED_EDGE('',*,*,#13407,.F.);
#13555 = ORIENTED_EDGE('',*,*,#13556,.F.);
#13556 = EDGE_CURVE('',#13526,#13399,#13557,.T.);
#13557 = LINE('',#13558,#13559);
#13558 = CARTESIAN_POINT('',(-2.370986164274,0.5,-4.678816582088));
#13559 = VECTOR('',#13560,1.);
#13560 = DIRECTION('',(0.382683432365,0.,0.923879532511));
#13561 = ORIENTED_EDGE('',*,*,#13525,.T.);
#13562 = PLANE('',#13563);
#13563 = AXIS2_PLACEMENT_3D('',#13564,#13565,#13566);
#13564 = CARTESIAN_POINT('',(-2.370986164274,0.5,-4.678816582088));
#13565 = DIRECTION('',(0.923879532511,0.,-0.382683432365));
#13566 = DIRECTION('',(-0.382683432365,0.,-0.923879532511));
#13567 = ADVANCED_FACE('',(#13568),#13577,.T.);
#13568 = FACE_BOUND('',#13569,.T.);
#13569 = EDGE_LOOP('',(#13570,#13571,#13572,#13573,#13574,#13575,#13576)
  );
#13570 = ORIENTED_EDGE('',*,*,#13398,.F.);
#13571 = ORIENTED_EDGE('',*,*,#13446,.T.);
#13572 = ORIENTED_EDGE('',*,*,#13462,.T.);
#13573 = ORIENTED_EDGE('',*,*,#13132,.T.);
#13574 = ORIENTED_EDGE('',*,*,#13501,.T.);
#13575 = ORIENTED_EDGE('',*,*,#13533,.T.);
#13576 = ORIENTED_EDGE('',*,*,#13556,.T.);
#13577 = PLANE('',#13578);
#13578 = AXIS2_PLACEMENT_3D('',#13579,#13580,#13581);
#13579 = CARTESIAN_POINT('',(0.,0.5,0.));
#13580 = DIRECTION('',(0.,1.,0.));
#13581 = DIRECTION('',(-0.707106781187,0.,0.707106781187));
#13582 = ADVANCED_FACE('',(#13583,#13587),#13598,.F.);
#13583 = FACE_BOUND('',#13584,.T.);
#13584 = EDGE_LOOP('',(#13585,#13586));
#13585 = ORIENTED_EDGE('',*,*,#13343,.F.);
#13586 = ORIENTED_EDGE('',*,*,#13235,.F.);
#13587 = FACE_BOUND('',#13588,.T.);
#13588 = EDGE_LOOP('',(#13589,#13590,#13591,#13592,#13593,#13594,#13595,
    #13596,#13597));
#13589 = ORIENTED_EDGE('',*,*,#13415,.F.);
#13590 = ORIENTED_EDGE('',*,*,#13549,.F.);
#13591 = ORIENTED_EDGE('',*,*,#13516,.F.);
#13592 = ORIENTED_EDGE('',*,*,#13485,.F.);
#13593 = ORIENTED_EDGE('',*,*,#13151,.F.);
#13594 = ORIENTED_EDGE('',*,*,#13470,.F.);
#13595 = ORIENTED_EDGE('',*,*,#13430,.F.);
#13596 = ORIENTED_EDGE('',*,*,#13381,.F.);
#13597 = ORIENTED_EDGE('',*,*,#13193,.F.);
#13598 = PLANE('',#13599);
#13599 = AXIS2_PLACEMENT_3D('',#13600,#13601,#13602);
#13600 = CARTESIAN_POINT('',(0.,0.1,0.));
#13601 = DIRECTION('',(0.,1.,0.));
#13602 = DIRECTION('',(-0.707106781187,0.,0.707106781187));
#13603 = ADVANCED_FACE('',(#13604),#13608,.T.);
#13604 = FACE_BOUND('',#13605,.T.);
#13605 = EDGE_LOOP('',(#13606,#13607));
#13606 = ORIENTED_EDGE('',*,*,#13373,.T.);
#13607 = ORIENTED_EDGE('',*,*,#13174,.T.);
#13608 = PLANE('',#13609);
#13609 = AXIS2_PLACEMENT_3D('',#13610,#13611,#13612);
#13610 = CARTESIAN_POINT('',(0.,0.75,0.));
#13611 = DIRECTION('',(0.,1.,0.));
#13612 = DIRECTION('',(-0.707106781187,0.,0.707106781187));
#13613 = MANIFOLD_SOLID_BREP('',#13614);
#13614 = CLOSED_SHELL('',(#13615,#13657,#13699,#13725,#13751,#13763));
#13615 = ADVANCED_FACE('',(#13616),#13652,.T.);
#13616 = FACE_BOUND('',#13617,.T.);
#13617 = EDGE_LOOP('',(#13618,#13629,#13637,#13646));
#13618 = ORIENTED_EDGE('',*,*,#13619,.F.);
#13619 = EDGE_CURVE('',#13620,#13622,#13624,.T.);
#13620 = VERTEX_POINT('',#13621);
#13621 = CARTESIAN_POINT('',(0.273505310325,0.,2.646494689675));
#13622 = VERTEX_POINT('',#13623);
#13623 = CARTESIAN_POINT('',(-0.273505310325,0.,3.193505310325));
#13624 = CIRCLE('',#13625,0.386794919243);
#13625 = AXIS2_PLACEMENT_3D('',#13626,#13627,#13628);
#13626 = CARTESIAN_POINT('',(1.040834085586E-14,0.,2.92));
#13627 = DIRECTION('',(0.,-1.,0.));
#13628 = DIRECTION('',(0.707106781187,0.,-0.707106781187));
#13629 = ORIENTED_EDGE('',*,*,#13630,.T.);
#13630 = EDGE_CURVE('',#13620,#13631,#13633,.T.);
#13631 = VERTEX_POINT('',#13632);
#13632 = CARTESIAN_POINT('',(0.395979797464,0.1,2.524020202536));
#13633 = LINE('',#13634,#13635);
#13634 = CARTESIAN_POINT('',(0.273505310325,0.,2.646494689675));
#13635 = VECTOR('',#13636,1.);
#13636 = DIRECTION('',(0.612372435696,0.5,-0.612372435696));
#13637 = ORIENTED_EDGE('',*,*,#13638,.T.);
#13638 = EDGE_CURVE('',#13631,#13639,#13641,.T.);
#13639 = VERTEX_POINT('',#13640);
#13640 = CARTESIAN_POINT('',(-0.395979797464,0.1,3.315979797464));
#13641 = CIRCLE('',#13642,0.56);
#13642 = AXIS2_PLACEMENT_3D('',#13643,#13644,#13645);
#13643 = CARTESIAN_POINT('',(1.040834085586E-14,0.1,2.92));
#13644 = DIRECTION('',(0.,-1.,0.));
#13645 = DIRECTION('',(0.707106781187,0.,-0.707106781187));
#13646 = ORIENTED_EDGE('',*,*,#13647,.F.);
#13647 = EDGE_CURVE('',#13622,#13639,#13648,.T.);
#13648 = LINE('',#13649,#13650);
#13649 = CARTESIAN_POINT('',(-0.273505310325,0.,3.193505310325));
#13650 = VECTOR('',#13651,1.);
#13651 = DIRECTION('',(-0.612372435696,0.5,0.612372435696));
#13652 = CONICAL_SURFACE('',#13653,0.386794919243,1.047197551197);
#13653 = AXIS2_PLACEMENT_3D('',#13654,#13655,#13656);
#13654 = CARTESIAN_POINT('',(1.040834085586E-14,0.,2.92));
#13655 = DIRECTION('',(0.,1.,0.));
#13656 = DIRECTION('',(-0.707106781187,0.,0.707106781187));
#13657 = ADVANCED_FACE('',(#13658),#13694,.F.);
#13658 = FACE_BOUND('',#13659,.F.);
#13659 = EDGE_LOOP('',(#13660,#13670,#13679,#13687));
#13660 = ORIENTED_EDGE('',*,*,#13661,.T.);
#13661 = EDGE_CURVE('',#13662,#13664,#13666,.T.);
#13662 = VERTEX_POINT('',#13663);
#13663 = CARTESIAN_POINT('',(-0.159099025767,0.,3.079099025767));
#13664 = VERTEX_POINT('',#13665);
#13665 = CARTESIAN_POINT('',(-0.159099025767,0.1,3.079099025767));
#13666 = LINE('',#13667,#13668);
#13667 = CARTESIAN_POINT('',(-0.159099025767,0.,3.079099025767));
#13668 = VECTOR('',#13669,1.);
#13669 = DIRECTION('',(0.,1.,0.));
#13670 = ORIENTED_EDGE('',*,*,#13671,.T.);
#13671 = EDGE_CURVE('',#13664,#13672,#13674,.T.);
#13672 = VERTEX_POINT('',#13673);
#13673 = CARTESIAN_POINT('',(0.159099025767,0.1,2.760900974233));
#13674 = CIRCLE('',#13675,0.225);
#13675 = AXIS2_PLACEMENT_3D('',#13676,#13677,#13678);
#13676 = CARTESIAN_POINT('',(1.040834085586E-14,0.1,2.92));
#13677 = DIRECTION('',(0.,-1.,0.));
#13678 = DIRECTION('',(0.707106781187,0.,-0.707106781187));
#13679 = ORIENTED_EDGE('',*,*,#13680,.F.);
#13680 = EDGE_CURVE('',#13681,#13672,#13683,.T.);
#13681 = VERTEX_POINT('',#13682);
#13682 = CARTESIAN_POINT('',(0.159099025767,0.,2.760900974233));
#13683 = LINE('',#13684,#13685);
#13684 = CARTESIAN_POINT('',(0.159099025767,0.,2.760900974233));
#13685 = VECTOR('',#13686,1.);
#13686 = DIRECTION('',(0.,1.,0.));
#13687 = ORIENTED_EDGE('',*,*,#13688,.F.);
#13688 = EDGE_CURVE('',#13662,#13681,#13689,.T.);
#13689 = CIRCLE('',#13690,0.225);
#13690 = AXIS2_PLACEMENT_3D('',#13691,#13692,#13693);
#13691 = CARTESIAN_POINT('',(1.040834085586E-14,0.,2.92));
#13692 = DIRECTION('',(0.,-1.,0.));
#13693 = DIRECTION('',(0.707106781187,0.,-0.707106781187));
#13694 = CYLINDRICAL_SURFACE('',#13695,0.225);
#13695 = AXIS2_PLACEMENT_3D('',#13696,#13697,#13698);
#13696 = CARTESIAN_POINT('',(1.040834085586E-14,0.,2.92));
#13697 = DIRECTION('',(0.,1.,0.));
#13698 = DIRECTION('',(-0.707106781187,0.,0.707106781187));
#13699 = ADVANCED_FACE('',(#13700,#13710),#13720,.T.);
#13700 = FACE_BOUND('',#13701,.T.);
#13701 = EDGE_LOOP('',(#13702,#13709));
#13702 = ORIENTED_EDGE('',*,*,#13703,.T.);
#13703 = EDGE_CURVE('',#13622,#13620,#13704,.T.);
#13704 = CIRCLE('',#13705,0.386794919243);
#13705 = AXIS2_PLACEMENT_3D('',#13706,#13707,#13708);
#13706 = CARTESIAN_POINT('',(1.040834085586E-14,0.,2.92));
#13707 = DIRECTION('',(0.,-1.,0.));
#13708 = DIRECTION('',(0.707106781187,0.,-0.707106781187));
#13709 = ORIENTED_EDGE('',*,*,#13619,.T.);
#13710 = FACE_BOUND('',#13711,.T.);
#13711 = EDGE_LOOP('',(#13712,#13713));
#13712 = ORIENTED_EDGE('',*,*,#13688,.F.);
#13713 = ORIENTED_EDGE('',*,*,#13714,.F.);
#13714 = EDGE_CURVE('',#13681,#13662,#13715,.T.);
#13715 = CIRCLE('',#13716,0.225);
#13716 = AXIS2_PLACEMENT_3D('',#13717,#13718,#13719);
#13717 = CARTESIAN_POINT('',(1.040834085586E-14,0.,2.92));
#13718 = DIRECTION('',(0.,-1.,0.));
#13719 = DIRECTION('',(0.707106781187,0.,-0.707106781187));
#13720 = PLANE('',#13721);
#13721 = AXIS2_PLACEMENT_3D('',#13722,#13723,#13724);
#13722 = CARTESIAN_POINT('',(1.040834085586E-14,0.,2.92));
#13723 = DIRECTION('',(0.,-1.,0.));
#13724 = DIRECTION('',(0.707106781187,0.,-0.707106781187));
#13725 = ADVANCED_FACE('',(#13726,#13736),#13746,.F.);
#13726 = FACE_BOUND('',#13727,.T.);
#13727 = EDGE_LOOP('',(#13728,#13735));
#13728 = ORIENTED_EDGE('',*,*,#13729,.F.);
#13729 = EDGE_CURVE('',#13639,#13631,#13730,.T.);
#13730 = CIRCLE('',#13731,0.56);
#13731 = AXIS2_PLACEMENT_3D('',#13732,#13733,#13734);
#13732 = CARTESIAN_POINT('',(1.040834085586E-14,0.1,2.92));
#13733 = DIRECTION('',(0.,-1.,0.));
#13734 = DIRECTION('',(0.707106781187,0.,-0.707106781187));
#13735 = ORIENTED_EDGE('',*,*,#13638,.F.);
#13736 = FACE_BOUND('',#13737,.T.);
#13737 = EDGE_LOOP('',(#13738,#13739));
#13738 = ORIENTED_EDGE('',*,*,#13671,.T.);
#13739 = ORIENTED_EDGE('',*,*,#13740,.T.);
#13740 = EDGE_CURVE('',#13672,#13664,#13741,.T.);
#13741 = CIRCLE('',#13742,0.225);
#13742 = AXIS2_PLACEMENT_3D('',#13743,#13744,#13745);
#13743 = CARTESIAN_POINT('',(1.040834085586E-14,0.1,2.92));
#13744 = DIRECTION('',(0.,-1.,0.));
#13745 = DIRECTION('',(0.707106781187,0.,-0.707106781187));
#13746 = PLANE('',#13747);
#13747 = AXIS2_PLACEMENT_3D('',#13748,#13749,#13750);
#13748 = CARTESIAN_POINT('',(1.040834085586E-14,0.1,2.92));
#13749 = DIRECTION('',(0.,-1.,0.));
#13750 = DIRECTION('',(0.707106781187,0.,-0.707106781187));
#13751 = ADVANCED_FACE('',(#13752),#13758,.F.);
#13752 = FACE_BOUND('',#13753,.F.);
#13753 = EDGE_LOOP('',(#13754,#13755,#13756,#13757));
#13754 = ORIENTED_EDGE('',*,*,#13740,.T.);
#13755 = ORIENTED_EDGE('',*,*,#13661,.F.);
#13756 = ORIENTED_EDGE('',*,*,#13714,.F.);
#13757 = ORIENTED_EDGE('',*,*,#13680,.T.);
#13758 = CYLINDRICAL_SURFACE('',#13759,0.225);
#13759 = AXIS2_PLACEMENT_3D('',#13760,#13761,#13762);
#13760 = CARTESIAN_POINT('',(1.040834085586E-14,0.,2.92));
#13761 = DIRECTION('',(0.,1.,0.));
#13762 = DIRECTION('',(-0.707106781187,0.,0.707106781187));
#13763 = ADVANCED_FACE('',(#13764),#13770,.T.);
#13764 = FACE_BOUND('',#13765,.T.);
#13765 = EDGE_LOOP('',(#13766,#13767,#13768,#13769));
#13766 = ORIENTED_EDGE('',*,*,#13630,.F.);
#13767 = ORIENTED_EDGE('',*,*,#13703,.F.);
#13768 = ORIENTED_EDGE('',*,*,#13647,.T.);
#13769 = ORIENTED_EDGE('',*,*,#13729,.T.);
#13770 = CONICAL_SURFACE('',#13771,0.386794919243,1.047197551197);
#13771 = AXIS2_PLACEMENT_3D('',#13772,#13773,#13774);
#13772 = CARTESIAN_POINT('',(1.040834085586E-14,0.,2.92));
#13773 = DIRECTION('',(0.,1.,0.));
#13774 = DIRECTION('',(-0.707106781187,0.,0.707106781187));
#13775 = ( GEOMETRIC_REPRESENTATION_CONTEXT(3) 
GLOBAL_UNCERTAINTY_ASSIGNED_CONTEXT((#13779)) 
GLOBAL_UNIT_ASSIGNED_CONTEXT((#13776,#13777,#13778)) 
REPRESENTATION_CONTEXT('Context #1',
  '3D Context with UNIT and UNCERTAINTY') );
#13776 = ( LENGTH_UNIT() NAMED_UNIT(*) SI_UNIT(.MILLI.,.METRE.) );
#13777 = ( NAMED_UNIT(*) PLANE_ANGLE_UNIT() SI_UNIT($,.RADIAN.) );
#13778 = ( NAMED_UNIT(*) SI_UNIT($,.STERADIAN.) SOLID_ANGLE_UNIT() );
#13779 = UNCERTAINTY_MEASURE_WITH_UNIT(LENGTH_MEASURE(5.E-06),#13776,
  'distance_accuracy_value','confusion accuracy');
#13780 = CONTEXT_DEPENDENT_SHAPE_REPRESENTATION(#13781,#13783);
#13781 = ( REPRESENTATION_RELATIONSHIP('','',#10900,#10) 
REPRESENTATION_RELATIONSHIP_WITH_TRANSFORMATION(#13782) 
SHAPE_REPRESENTATION_RELATIONSHIP() );
#13782 = ITEM_DEFINED_TRANSFORMATION('','',#11,#55);
#13783 = PRODUCT_DEFINITION_SHAPE('Placement','Placement of an item',
  #13784);
#13784 = NEXT_ASSEMBLY_USAGE_OCCURRENCE('11','U1','',#5,#10895,$);
#13785 = PRODUCT_RELATED_PRODUCT_CATEGORY('part',$,(#10897));
#13786 = SHAPE_DEFINITION_REPRESENTATION(#13787,#13793);
#13787 = PRODUCT_DEFINITION_SHAPE('','',#13788);
#13788 = PRODUCT_DEFINITION('design','',#13789,#13792);
#13789 = PRODUCT_DEFINITION_FORMATION('','',#13790);
#13790 = PRODUCT('kibot_x39tdho__PCB','kibot_x39tdho__PCB','',(#13791));
#13791 = PRODUCT_CONTEXT('',#2,'mechanical');
#13792 = PRODUCT_DEFINITION_CONTEXT('part definition',#2,'design');
#13793 = ADVANCED_BREP_SHAPE_REPRESENTATION('',(#11,#13794),#14676);
#13794 = MANIFOLD_SOLID_BREP('',#13795);
#13795 = CLOSED_SHELL('',(#13796,#13838,#13869,#13902,#14113,#14324,
    #14341,#14358,#14375,#14392,#14409,#14426,#14443,#14460,#14477,
    #14494,#14511,#14528,#14540,#14557,#14574,#14591,#14608,#14625,
    #14642,#14659));
#13796 = ADVANCED_FACE('',(#13797),#13833,.T.);
#13797 = FACE_BOUND('',#13798,.T.);
#13798 = EDGE_LOOP('',(#13799,#13809,#13818,#13826));
#13799 = ORIENTED_EDGE('',*,*,#13800,.T.);
#13800 = EDGE_CURVE('',#13801,#13803,#13805,.T.);
#13801 = VERTEX_POINT('',#13802);
#13802 = CARTESIAN_POINT('',(154.974139,-88.212014,0.));
#13803 = VERTEX_POINT('',#13804);
#13804 = CARTESIAN_POINT('',(154.974139,-88.212014,1.51));
#13805 = LINE('',#13806,#13807);
#13806 = CARTESIAN_POINT('',(154.974139,-88.212014,0.));
#13807 = VECTOR('',#13808,1.);
#13808 = DIRECTION('',(0.,0.,1.));
#13809 = ORIENTED_EDGE('',*,*,#13810,.T.);
#13810 = EDGE_CURVE('',#13803,#13811,#13813,.T.);
#13811 = VERTEX_POINT('',#13812);
#13812 = CARTESIAN_POINT('',(155.171758,-88.381245,1.51));
#13813 = CIRCLE('',#13814,0.199953324297);
#13814 = AXIS2_PLACEMENT_3D('',#13815,#13816,#13817);
#13815 = CARTESIAN_POINT('',(154.97417897547,-88.4119673203,1.51));
#13816 = DIRECTION('',(0.,0.,-1.));
#13817 = DIRECTION('',(-1.999240281659E-04,0.999999980015,0.));
#13818 = ORIENTED_EDGE('',*,*,#13819,.F.);
#13819 = EDGE_CURVE('',#13820,#13811,#13822,.T.);
#13820 = VERTEX_POINT('',#13821);
#13821 = CARTESIAN_POINT('',(155.171758,-88.381245,0.));
#13822 = LINE('',#13823,#13824);
#13823 = CARTESIAN_POINT('',(155.171758,-88.381245,0.));
#13824 = VECTOR('',#13825,1.);
#13825 = DIRECTION('',(0.,0.,1.));
#13826 = ORIENTED_EDGE('',*,*,#13827,.F.);
#13827 = EDGE_CURVE('',#13801,#13820,#13828,.T.);
#13828 = CIRCLE('',#13829,0.199953324297);
#13829 = AXIS2_PLACEMENT_3D('',#13830,#13831,#13832);
#13830 = CARTESIAN_POINT('',(154.97417897547,-88.4119673203,0.));
#13831 = DIRECTION('',(0.,0.,-1.));
#13832 = DIRECTION('',(-1.999240281659E-04,0.999999980015,0.));
#13833 = CYLINDRICAL_SURFACE('',#13834,0.199953324297);
#13834 = AXIS2_PLACEMENT_3D('',#13835,#13836,#13837);
#13835 = CARTESIAN_POINT('',(154.97417897547,-88.4119673203,0.));
#13836 = DIRECTION('',(0.,0.,-1.));
#13837 = DIRECTION('',(-1.999240281659E-04,0.999999980015,0.));
#13838 = ADVANCED_FACE('',(#13839),#13864,.T.);
#13839 = FACE_BOUND('',#13840,.T.);
#13840 = EDGE_LOOP('',(#13841,#13851,#13857,#13858));
#13841 = ORIENTED_EDGE('',*,*,#13842,.T.);
#13842 = EDGE_CURVE('',#13843,#13845,#13847,.T.);
#13843 = VERTEX_POINT('',#13844);
#13844 = CARTESIAN_POINT('',(137.543186,-88.212014,0.));
#13845 = VERTEX_POINT('',#13846);
#13846 = CARTESIAN_POINT('',(137.543186,-88.212014,1.51));
#13847 = LINE('',#13848,#13849);
#13848 = CARTESIAN_POINT('',(137.543186,-88.212014,0.));
#13849 = VECTOR('',#13850,1.);
#13850 = DIRECTION('',(0.,0.,1.));
#13851 = ORIENTED_EDGE('',*,*,#13852,.T.);
#13852 = EDGE_CURVE('',#13845,#13803,#13853,.T.);
#13853 = LINE('',#13854,#13855);
#13854 = CARTESIAN_POINT('',(137.543186,-88.212014,1.51));
#13855 = VECTOR('',#13856,1.);
#13856 = DIRECTION('',(1.,0.,0.));
#13857 = ORIENTED_EDGE('',*,*,#13800,.F.);
#13858 = ORIENTED_EDGE('',*,*,#13859,.F.);
#13859 = EDGE_CURVE('',#13843,#13801,#13860,.T.);
#13860 = LINE('',#13861,#13862);
#13861 = CARTESIAN_POINT('',(137.543186,-88.212014,0.));
#13862 = VECTOR('',#13863,1.);
#13863 = DIRECTION('',(1.,0.,0.));
#13864 = PLANE('',#13865);
#13865 = AXIS2_PLACEMENT_3D('',#13866,#13867,#13868);
#13866 = CARTESIAN_POINT('',(137.543186,-88.212014,0.));
#13867 = DIRECTION('',(0.,1.,0.));
#13868 = DIRECTION('',(1.,0.,0.));
#13869 = ADVANCED_FACE('',(#13870),#13897,.F.);
#13870 = FACE_BOUND('',#13871,.T.);
#13871 = EDGE_LOOP('',(#13872,#13873,#13882,#13890));
#13872 = ORIENTED_EDGE('',*,*,#13819,.T.);
#13873 = ORIENTED_EDGE('',*,*,#13874,.T.);
#13874 = EDGE_CURVE('',#13811,#13875,#13877,.T.);
#13875 = VERTEX_POINT('',#13876);
#13876 = CARTESIAN_POINT('',(156.089432,-89.298918,1.51));
#13877 = CIRCLE('',#13878,1.099965407852);
#13878 = AXIS2_PLACEMENT_3D('',#13879,#13880,#13881);
#13879 = CARTESIAN_POINT('',(156.25863190677,-88.21204390884,1.51));
#13880 = DIRECTION('',(0.,0.,1.));
#13881 = DIRECTION('',(-0.988098261104,-0.153824011141,0.));
#13882 = ORIENTED_EDGE('',*,*,#13883,.F.);
#13883 = EDGE_CURVE('',#13884,#13875,#13886,.T.);
#13884 = VERTEX_POINT('',#13885);
#13885 = CARTESIAN_POINT('',(156.089432,-89.298918,0.));
#13886 = LINE('',#13887,#13888);
#13887 = CARTESIAN_POINT('',(156.089432,-89.298918,0.));
#13888 = VECTOR('',#13889,1.);
#13889 = DIRECTION('',(0.,0.,1.));
#13890 = ORIENTED_EDGE('',*,*,#13891,.F.);
#13891 = EDGE_CURVE('',#13820,#13884,#13892,.T.);
#13892 = CIRCLE('',#13893,1.099965407852);
#13893 = AXIS2_PLACEMENT_3D('',#13894,#13895,#13896);
#13894 = CARTESIAN_POINT('',(156.25863190677,-88.21204390884,0.));
#13895 = DIRECTION('',(0.,0.,1.));
#13896 = DIRECTION('',(-0.988098261104,-0.153824011141,0.));
#13897 = CYLINDRICAL_SURFACE('',#13898,1.099965407852);
#13898 = AXIS2_PLACEMENT_3D('',#13899,#13900,#13901);
#13899 = CARTESIAN_POINT('',(156.25863190677,-88.21204390884,0.));
#13900 = DIRECTION('',(-0.,-0.,-1.));
#13901 = DIRECTION('',(-0.988098261104,-0.153824011141,0.));
#13902 = ADVANCED_FACE('',(#13903,#14020,#14031,#14042,#14053,#14064,
    #14075,#14086,#14097),#14108,.F.);
#13903 = FACE_BOUND('',#13904,.F.);
#13904 = EDGE_LOOP('',(#13905,#13906,#13907,#13916,#13925,#13934,#13942,
    #13951,#13960,#13969,#13977,#13986,#13995,#14004,#14012,#14019));
#13905 = ORIENTED_EDGE('',*,*,#13827,.F.);
#13906 = ORIENTED_EDGE('',*,*,#13859,.F.);
#13907 = ORIENTED_EDGE('',*,*,#13908,.F.);
#13908 = EDGE_CURVE('',#13909,#13843,#13911,.T.);
#13909 = VERTEX_POINT('',#13910);
#13910 = CARTESIAN_POINT('',(137.345567,-88.381245,0.));
#13911 = CIRCLE('',#13912,0.200024922717);
#13912 = AXIS2_PLACEMENT_3D('',#13913,#13914,#13915);
#13913 = CARTESIAN_POINT('',(137.54320734026,-88.41203892157,0.));
#13914 = DIRECTION('',(0.,0.,-1.));
#13915 = DIRECTION('',(-0.988078573333,0.153950423578,0.));
#13916 = ORIENTED_EDGE('',*,*,#13917,.F.);
#13917 = EDGE_CURVE('',#13918,#13909,#13920,.T.);
#13918 = VERTEX_POINT('',#13919);
#13919 = CARTESIAN_POINT('',(136.427893,-89.298918,0.));
#13920 = CIRCLE('',#13921,1.099998028863);
#13921 = AXIS2_PLACEMENT_3D('',#13922,#13923,#13924);
#13922 = CARTESIAN_POINT('',(136.2586645267,-88.21201534229,0.));
#13923 = DIRECTION('',(0.,0.,1.));
#13924 = DIRECTION('',(0.153844342312,-0.988095095797,0.));
#13925 = ORIENTED_EDGE('',*,*,#13926,.F.);
#13926 = EDGE_CURVE('',#13927,#13918,#13929,.T.);
#13927 = VERTEX_POINT('',#13928);
#13928 = CARTESIAN_POINT('',(136.258662,-89.496537,0.));
#13929 = CIRCLE('',#13930,0.200030040798);
#13930 = AXIS2_PLACEMENT_3D('',#13931,#13932,#13933);
#13931 = CARTESIAN_POINT('',(136.45869203914,-89.49656272269,0.));
#13932 = DIRECTION('',(0.,0.,-1.));
#13933 = DIRECTION('',(-0.999999991732,1.285941619166E-04,0.));
#13934 = ORIENTED_EDGE('',*,*,#13935,.F.);
#13935 = EDGE_CURVE('',#13936,#13927,#13938,.T.);
#13936 = VERTEX_POINT('',#13937);
#13937 = CARTESIAN_POINT('',(136.258662,-106.927491,0.));
#13938 = LINE('',#13939,#13940);
#13939 = CARTESIAN_POINT('',(136.258662,-106.927491,0.));
#13940 = VECTOR('',#13941,1.);
#13941 = DIRECTION('',(0.,1.,0.));
#13942 = ORIENTED_EDGE('',*,*,#13943,.F.);
#13943 = EDGE_CURVE('',#13944,#13936,#13946,.T.);
#13944 = VERTEX_POINT('',#13945);
#13945 = CARTESIAN_POINT('',(136.427893,-107.12511,0.));
#13946 = CIRCLE('',#13947,0.199994760336);
#13947 = AXIS2_PLACEMENT_3D('',#13948,#13949,#13950);
#13948 = CARTESIAN_POINT('',(136.45865676028,-106.9274954883,0.));
#13949 = DIRECTION('',(0.,0.,-1.));
#13950 = DIRECTION('',(-0.153822831326,-0.988098444773,-0.));
#13951 = ORIENTED_EDGE('',*,*,#13952,.F.);
#13952 = EDGE_CURVE('',#13953,#13944,#13955,.T.);
#13953 = VERTEX_POINT('',#13954);
#13954 = CARTESIAN_POINT('',(137.345567,-108.042783,0.));
#13955 = CIRCLE('',#13956,1.100039550394);
#13956 = AXIS2_PLACEMENT_3D('',#13957,#13958,#13959);
#13957 = CARTESIAN_POINT('',(136.25862816656,-108.2120490178,0.));
#13958 = DIRECTION('',(0.,0.,1.));
#13959 = DIRECTION('',(0.988090685505,0.153872665598,-0.));
#13960 = ORIENTED_EDGE('',*,*,#13961,.F.);
#13961 = EDGE_CURVE('',#13962,#13953,#13964,.T.);
#13962 = VERTEX_POINT('',#13963);
#13963 = CARTESIAN_POINT('',(137.543186,-108.212014,0.));
#13964 = CIRCLE('',#13965,0.199923194854);
#13965 = AXIS2_PLACEMENT_3D('',#13966,#13967,#13968);
#13966 = CARTESIAN_POINT('',(137.54312021733,-108.0120908159,0.));
#13967 = DIRECTION('',(0.,0.,-1.));
#13968 = DIRECTION('',(3.290396764089E-04,-0.999999945866,0.));
#13969 = ORIENTED_EDGE('',*,*,#13970,.F.);
#13970 = EDGE_CURVE('',#13971,#13962,#13973,.T.);
#13971 = VERTEX_POINT('',#13972);
#13972 = CARTESIAN_POINT('',(154.974139,-108.212014,0.));
#13973 = LINE('',#13974,#13975);
#13974 = CARTESIAN_POINT('',(154.974139,-108.212014,0.));
#13975 = VECTOR('',#13976,1.);
#13976 = DIRECTION('',(-1.,0.,0.));
#13977 = ORIENTED_EDGE('',*,*,#13978,.F.);
#13978 = EDGE_CURVE('',#13979,#13971,#13981,.T.);
#13979 = VERTEX_POINT('',#13980);
#13980 = CARTESIAN_POINT('',(155.171758,-108.042783,0.));
#13981 = CIRCLE('',#13982,0.200044114735);
#13982 = AXIS2_PLACEMENT_3D('',#13983,#13984,#13985);
#13983 = CARTESIAN_POINT('',(154.97410122672,-108.0119698888,0.));
#13984 = DIRECTION('',(0.,0.,-1.));
#13985 = DIRECTION('',(0.988065925026,-0.154031580533,0.));
#13986 = ORIENTED_EDGE('',*,*,#13987,.F.);
#13987 = EDGE_CURVE('',#13988,#13979,#13990,.T.);
#13988 = VERTEX_POINT('',#13989);
#13989 = CARTESIAN_POINT('',(156.089432,-107.12511,0.));
#13990 = CIRCLE('',#13991,1.099971338745);
#13991 = AXIS2_PLACEMENT_3D('',#13992,#13993,#13994);
#13992 = CARTESIAN_POINT('',(156.25863710054,-108.2119892849,0.));
#13993 = DIRECTION('',(0.,0.,1.));
#13994 = DIRECTION('',(-0.153826826741,0.988097822776,0.));
#13995 = ORIENTED_EDGE('',*,*,#13996,.F.);
#13996 = EDGE_CURVE('',#13997,#13988,#13999,.T.);
#13997 = VERTEX_POINT('',#13998);
#13998 = CARTESIAN_POINT('',(156.258662,-106.927491,0.));
#13999 = CIRCLE('',#14000,0.199976922852);
#14000 = AXIS2_PLACEMENT_3D('',#14001,#14002,#14003);
#14001 = CARTESIAN_POINT('',(156.05868507814,-106.9275109198,0.));
#14002 = DIRECTION('',(0.,0.,-1.));
#14003 = DIRECTION('',(0.999999995039,9.961082639674E-05,0.));
#14004 = ORIENTED_EDGE('',*,*,#14005,.F.);
#14005 = EDGE_CURVE('',#14006,#13997,#14008,.T.);
#14006 = VERTEX_POINT('',#14007);
#14007 = CARTESIAN_POINT('',(156.258662,-89.496537,0.));
#14008 = LINE('',#14009,#14010);
#14009 = CARTESIAN_POINT('',(156.258662,-89.496537,0.));
#14010 = VECTOR('',#14011,1.);
#14011 = DIRECTION('',(0.,-1.,0.));
#14012 = ORIENTED_EDGE('',*,*,#14013,.F.);
#14013 = EDGE_CURVE('',#13884,#14006,#14014,.T.);
#14014 = CIRCLE('',#14015,0.200109613645);
#14015 = AXIS2_PLACEMENT_3D('',#14016,#14017,#14018);
#14016 = CARTESIAN_POINT('',(156.05855240828,-89.49663069126,0.));
#14017 = DIRECTION('',(0.,0.,-1.));
#14018 = DIRECTION('',(0.154313384298,0.988021952907,0.));
#14019 = ORIENTED_EDGE('',*,*,#13891,.F.);
#14020 = FACE_BOUND('',#14021,.F.);
#14021 = EDGE_LOOP('',(#14022));
#14022 = ORIENTED_EDGE('',*,*,#14023,.T.);
#14023 = EDGE_CURVE('',#14024,#14024,#14026,.T.);
#14024 = VERTEX_POINT('',#14025);
#14025 = CARTESIAN_POINT('',(145.142727,-105.118352,0.));
#14026 = CIRCLE('',#14027,0.35);
#14027 = AXIS2_PLACEMENT_3D('',#14028,#14029,#14030);
#14028 = CARTESIAN_POINT('',(145.142727,-104.768352,0.));
#14029 = DIRECTION('',(-0.,0.,-1.));
#14030 = DIRECTION('',(-0.,-1.,0.));
#14031 = FACE_BOUND('',#14032,.F.);
#14032 = EDGE_LOOP('',(#14033));
#14033 = ORIENTED_EDGE('',*,*,#14034,.T.);
#14034 = EDGE_CURVE('',#14035,#14035,#14037,.T.);
#14035 = VERTEX_POINT('',#14036);
#14036 = CARTESIAN_POINT('',(145.142593,-99.722571,0.));
#14037 = CIRCLE('',#14038,0.35);
#14038 = AXIS2_PLACEMENT_3D('',#14039,#14040,#14041);
#14039 = CARTESIAN_POINT('',(145.142593,-99.372571,0.));
#14040 = DIRECTION('',(-0.,0.,-1.));
#14041 = DIRECTION('',(-0.,-1.,0.));
#14042 = FACE_BOUND('',#14043,.F.);
#14043 = EDGE_LOOP('',(#14044));
#14044 = ORIENTED_EDGE('',*,*,#14045,.T.);
#14045 = EDGE_CURVE('',#14046,#14046,#14048,.T.);
#14046 = VERTEX_POINT('',#14047);
#14047 = CARTESIAN_POINT('',(147.377733,-105.118677,0.));
#14048 = CIRCLE('',#14049,0.35);
#14049 = AXIS2_PLACEMENT_3D('',#14050,#14051,#14052);
#14050 = CARTESIAN_POINT('',(147.377733,-104.768677,0.));
#14051 = DIRECTION('',(-0.,0.,-1.));
#14052 = DIRECTION('',(-0.,-1.,0.));
#14053 = FACE_BOUND('',#14054,.F.);
#14054 = EDGE_LOOP('',(#14055));
#14055 = ORIENTED_EDGE('',*,*,#14056,.T.);
#14056 = EDGE_CURVE('',#14057,#14057,#14059,.T.);
#14057 = VERTEX_POINT('',#14058);
#14058 = CARTESIAN_POINT('',(147.377599,-99.722896,0.));
#14059 = CIRCLE('',#14060,0.35);
#14060 = AXIS2_PLACEMENT_3D('',#14061,#14062,#14063);
#14061 = CARTESIAN_POINT('',(147.377599,-99.372896,0.));
#14062 = DIRECTION('',(-0.,0.,-1.));
#14063 = DIRECTION('',(-0.,-1.,0.));
#14064 = FACE_BOUND('',#14065,.F.);
#14065 = EDGE_LOOP('',(#14066));
#14066 = ORIENTED_EDGE('',*,*,#14067,.T.);
#14067 = EDGE_CURVE('',#14068,#14068,#14070,.T.);
#14068 = VERTEX_POINT('',#14069);
#14069 = CARTESIAN_POINT('',(142.508662,-91.695,0.));
#14070 = CIRCLE('',#14071,0.475);
#14071 = AXIS2_PLACEMENT_3D('',#14072,#14073,#14074);
#14072 = CARTESIAN_POINT('',(142.508662,-91.22,0.));
#14073 = DIRECTION('',(-0.,0.,-1.));
#14074 = DIRECTION('',(-5.983517774822E-14,-1.,0.));
#14075 = FACE_BOUND('',#14076,.F.);
#14076 = EDGE_LOOP('',(#14077));
#14077 = ORIENTED_EDGE('',*,*,#14078,.T.);
#14078 = EDGE_CURVE('',#14079,#14079,#14081,.T.);
#14079 = VERTEX_POINT('',#14080);
#14080 = CARTESIAN_POINT('',(145.008662,-91.695,0.));
#14081 = CIRCLE('',#14082,0.475);
#14082 = AXIS2_PLACEMENT_3D('',#14083,#14084,#14085);
#14083 = CARTESIAN_POINT('',(145.008662,-91.22,0.));
#14084 = DIRECTION('',(-0.,0.,-1.));
#14085 = DIRECTION('',(-5.983517774822E-14,-1.,0.));
#14086 = FACE_BOUND('',#14087,.F.);
#14087 = EDGE_LOOP('',(#14088));
#14088 = ORIENTED_EDGE('',*,*,#14089,.T.);
#14089 = EDGE_CURVE('',#14090,#14090,#14092,.T.);
#14090 = VERTEX_POINT('',#14091);
#14091 = CARTESIAN_POINT('',(147.508662,-91.695,0.));
#14092 = CIRCLE('',#14093,0.475);
#14093 = AXIS2_PLACEMENT_3D('',#14094,#14095,#14096);
#14094 = CARTESIAN_POINT('',(147.508662,-91.22,0.));
#14095 = DIRECTION('',(-0.,0.,-1.));
#14096 = DIRECTION('',(-5.983517774822E-14,-1.,0.));
#14097 = FACE_BOUND('',#14098,.F.);
#14098 = EDGE_LOOP('',(#14099));
#14099 = ORIENTED_EDGE('',*,*,#14100,.T.);
#14100 = EDGE_CURVE('',#14101,#14101,#14103,.T.);
#14101 = VERTEX_POINT('',#14102);
#14102 = CARTESIAN_POINT('',(150.008662,-91.695,0.));
#14103 = CIRCLE('',#14104,0.475);
#14104 = AXIS2_PLACEMENT_3D('',#14105,#14106,#14107);
#14105 = CARTESIAN_POINT('',(150.008662,-91.22,0.));
#14106 = DIRECTION('',(-0.,0.,-1.));
#14107 = DIRECTION('',(-5.983517774822E-14,-1.,0.));
#14108 = PLANE('',#14109);
#14109 = AXIS2_PLACEMENT_3D('',#14110,#14111,#14112);
#14110 = CARTESIAN_POINT('',(0.,0.,0.));
#14111 = DIRECTION('',(0.,0.,1.));
#14112 = DIRECTION('',(1.,0.,-0.));
#14113 = ADVANCED_FACE('',(#14114,#14231,#14242,#14253,#14264,#14275,
    #14286,#14297,#14308),#14319,.T.);
#14114 = FACE_BOUND('',#14115,.T.);
#14115 = EDGE_LOOP('',(#14116,#14117,#14118,#14127,#14136,#14145,#14153,
    #14162,#14171,#14180,#14188,#14197,#14206,#14215,#14223,#14230));
#14116 = ORIENTED_EDGE('',*,*,#13810,.F.);
#14117 = ORIENTED_EDGE('',*,*,#13852,.F.);
#14118 = ORIENTED_EDGE('',*,*,#14119,.F.);
#14119 = EDGE_CURVE('',#14120,#13845,#14122,.T.);
#14120 = VERTEX_POINT('',#14121);
#14121 = CARTESIAN_POINT('',(137.345567,-88.381245,1.51));
#14122 = CIRCLE('',#14123,0.200024922717);
#14123 = AXIS2_PLACEMENT_3D('',#14124,#14125,#14126);
#14124 = CARTESIAN_POINT('',(137.54320734026,-88.41203892157,1.51));
#14125 = DIRECTION('',(0.,0.,-1.));
#14126 = DIRECTION('',(-0.988078573333,0.153950423578,0.));
#14127 = ORIENTED_EDGE('',*,*,#14128,.F.);
#14128 = EDGE_CURVE('',#14129,#14120,#14131,.T.);
#14129 = VERTEX_POINT('',#14130);
#14130 = CARTESIAN_POINT('',(136.427893,-89.298918,1.51));
#14131 = CIRCLE('',#14132,1.099998028863);
#14132 = AXIS2_PLACEMENT_3D('',#14133,#14134,#14135);
#14133 = CARTESIAN_POINT('',(136.2586645267,-88.21201534229,1.51));
#14134 = DIRECTION('',(0.,0.,1.));
#14135 = DIRECTION('',(0.153844342312,-0.988095095797,0.));
#14136 = ORIENTED_EDGE('',*,*,#14137,.F.);
#14137 = EDGE_CURVE('',#14138,#14129,#14140,.T.);
#14138 = VERTEX_POINT('',#14139);
#14139 = CARTESIAN_POINT('',(136.258662,-89.496537,1.51));
#14140 = CIRCLE('',#14141,0.200030040798);
#14141 = AXIS2_PLACEMENT_3D('',#14142,#14143,#14144);
#14142 = CARTESIAN_POINT('',(136.45869203914,-89.49656272269,1.51));
#14143 = DIRECTION('',(0.,0.,-1.));
#14144 = DIRECTION('',(-0.999999991732,1.285941619166E-04,0.));
#14145 = ORIENTED_EDGE('',*,*,#14146,.F.);
#14146 = EDGE_CURVE('',#14147,#14138,#14149,.T.);
#14147 = VERTEX_POINT('',#14148);
#14148 = CARTESIAN_POINT('',(136.258662,-106.927491,1.51));
#14149 = LINE('',#14150,#14151);
#14150 = CARTESIAN_POINT('',(136.258662,-106.927491,1.51));
#14151 = VECTOR('',#14152,1.);
#14152 = DIRECTION('',(0.,1.,0.));
#14153 = ORIENTED_EDGE('',*,*,#14154,.F.);
#14154 = EDGE_CURVE('',#14155,#14147,#14157,.T.);
#14155 = VERTEX_POINT('',#14156);
#14156 = CARTESIAN_POINT('',(136.427893,-107.12511,1.51));
#14157 = CIRCLE('',#14158,0.199994760336);
#14158 = AXIS2_PLACEMENT_3D('',#14159,#14160,#14161);
#14159 = CARTESIAN_POINT('',(136.45865676028,-106.9274954883,1.51));
#14160 = DIRECTION('',(0.,0.,-1.));
#14161 = DIRECTION('',(-0.153822831326,-0.988098444773,-0.));
#14162 = ORIENTED_EDGE('',*,*,#14163,.F.);
#14163 = EDGE_CURVE('',#14164,#14155,#14166,.T.);
#14164 = VERTEX_POINT('',#14165);
#14165 = CARTESIAN_POINT('',(137.345567,-108.042783,1.51));
#14166 = CIRCLE('',#14167,1.100039550394);
#14167 = AXIS2_PLACEMENT_3D('',#14168,#14169,#14170);
#14168 = CARTESIAN_POINT('',(136.25862816656,-108.2120490178,1.51));
#14169 = DIRECTION('',(0.,0.,1.));
#14170 = DIRECTION('',(0.988090685505,0.153872665598,-0.));
#14171 = ORIENTED_EDGE('',*,*,#14172,.F.);
#14172 = EDGE_CURVE('',#14173,#14164,#14175,.T.);
#14173 = VERTEX_POINT('',#14174);
#14174 = CARTESIAN_POINT('',(137.543186,-108.212014,1.51));
#14175 = CIRCLE('',#14176,0.199923194854);
#14176 = AXIS2_PLACEMENT_3D('',#14177,#14178,#14179);
#14177 = CARTESIAN_POINT('',(137.54312021733,-108.0120908159,1.51));
#14178 = DIRECTION('',(0.,0.,-1.));
#14179 = DIRECTION('',(3.290396764089E-04,-0.999999945866,0.));
#14180 = ORIENTED_EDGE('',*,*,#14181,.F.);
#14181 = EDGE_CURVE('',#14182,#14173,#14184,.T.);
#14182 = VERTEX_POINT('',#14183);
#14183 = CARTESIAN_POINT('',(154.974139,-108.212014,1.51));
#14184 = LINE('',#14185,#14186);
#14185 = CARTESIAN_POINT('',(154.974139,-108.212014,1.51));
#14186 = VECTOR('',#14187,1.);
#14187 = DIRECTION('',(-1.,0.,0.));
#14188 = ORIENTED_EDGE('',*,*,#14189,.F.);
#14189 = EDGE_CURVE('',#14190,#14182,#14192,.T.);
#14190 = VERTEX_POINT('',#14191);
#14191 = CARTESIAN_POINT('',(155.171758,-108.042783,1.51));
#14192 = CIRCLE('',#14193,0.200044114735);
#14193 = AXIS2_PLACEMENT_3D('',#14194,#14195,#14196);
#14194 = CARTESIAN_POINT('',(154.97410122672,-108.0119698888,1.51));
#14195 = DIRECTION('',(0.,0.,-1.));
#14196 = DIRECTION('',(0.988065925026,-0.154031580533,0.));
#14197 = ORIENTED_EDGE('',*,*,#14198,.F.);
#14198 = EDGE_CURVE('',#14199,#14190,#14201,.T.);
#14199 = VERTEX_POINT('',#14200);
#14200 = CARTESIAN_POINT('',(156.089432,-107.12511,1.51));
#14201 = CIRCLE('',#14202,1.099971338745);
#14202 = AXIS2_PLACEMENT_3D('',#14203,#14204,#14205);
#14203 = CARTESIAN_POINT('',(156.25863710054,-108.2119892849,1.51));
#14204 = DIRECTION('',(0.,0.,1.));
#14205 = DIRECTION('',(-0.153826826741,0.988097822776,0.));
#14206 = ORIENTED_EDGE('',*,*,#14207,.F.);
#14207 = EDGE_CURVE('',#14208,#14199,#14210,.T.);
#14208 = VERTEX_POINT('',#14209);
#14209 = CARTESIAN_POINT('',(156.258662,-106.927491,1.51));
#14210 = CIRCLE('',#14211,0.199976922852);
#14211 = AXIS2_PLACEMENT_3D('',#14212,#14213,#14214);
#14212 = CARTESIAN_POINT('',(156.05868507814,-106.9275109198,1.51));
#14213 = DIRECTION('',(0.,0.,-1.));
#14214 = DIRECTION('',(0.999999995039,9.961082639674E-05,0.));
#14215 = ORIENTED_EDGE('',*,*,#14216,.F.);
#14216 = EDGE_CURVE('',#14217,#14208,#14219,.T.);
#14217 = VERTEX_POINT('',#14218);
#14218 = CARTESIAN_POINT('',(156.258662,-89.496537,1.51));
#14219 = LINE('',#14220,#14221);
#14220 = CARTESIAN_POINT('',(156.258662,-89.496537,1.51));
#14221 = VECTOR('',#14222,1.);
#14222 = DIRECTION('',(0.,-1.,0.));
#14223 = ORIENTED_EDGE('',*,*,#14224,.F.);
#14224 = EDGE_CURVE('',#13875,#14217,#14225,.T.);
#14225 = CIRCLE('',#14226,0.200109613645);
#14226 = AXIS2_PLACEMENT_3D('',#14227,#14228,#14229);
#14227 = CARTESIAN_POINT('',(156.05855240828,-89.49663069126,1.51));
#14228 = DIRECTION('',(0.,0.,-1.));
#14229 = DIRECTION('',(0.154313384298,0.988021952907,0.));
#14230 = ORIENTED_EDGE('',*,*,#13874,.F.);
#14231 = FACE_BOUND('',#14232,.T.);
#14232 = EDGE_LOOP('',(#14233));
#14233 = ORIENTED_EDGE('',*,*,#14234,.T.);
#14234 = EDGE_CURVE('',#14235,#14235,#14237,.T.);
#14235 = VERTEX_POINT('',#14236);
#14236 = CARTESIAN_POINT('',(145.142727,-105.118352,1.51));
#14237 = CIRCLE('',#14238,0.35);
#14238 = AXIS2_PLACEMENT_3D('',#14239,#14240,#14241);
#14239 = CARTESIAN_POINT('',(145.142727,-104.768352,1.51));
#14240 = DIRECTION('',(-0.,0.,-1.));
#14241 = DIRECTION('',(-0.,-1.,0.));
#14242 = FACE_BOUND('',#14243,.T.);
#14243 = EDGE_LOOP('',(#14244));
#14244 = ORIENTED_EDGE('',*,*,#14245,.T.);
#14245 = EDGE_CURVE('',#14246,#14246,#14248,.T.);
#14246 = VERTEX_POINT('',#14247);
#14247 = CARTESIAN_POINT('',(145.142593,-99.722571,1.51));
#14248 = CIRCLE('',#14249,0.35);
#14249 = AXIS2_PLACEMENT_3D('',#14250,#14251,#14252);
#14250 = CARTESIAN_POINT('',(145.142593,-99.372571,1.51));
#14251 = DIRECTION('',(-0.,0.,-1.));
#14252 = DIRECTION('',(-0.,-1.,0.));
#14253 = FACE_BOUND('',#14254,.T.);
#14254 = EDGE_LOOP('',(#14255));
#14255 = ORIENTED_EDGE('',*,*,#14256,.T.);
#14256 = EDGE_CURVE('',#14257,#14257,#14259,.T.);
#14257 = VERTEX_POINT('',#14258);
#14258 = CARTESIAN_POINT('',(147.377733,-105.118677,1.51));
#14259 = CIRCLE('',#14260,0.35);
#14260 = AXIS2_PLACEMENT_3D('',#14261,#14262,#14263);
#14261 = CARTESIAN_POINT('',(147.377733,-104.768677,1.51));
#14262 = DIRECTION('',(-0.,0.,-1.));
#14263 = DIRECTION('',(-0.,-1.,0.));
#14264 = FACE_BOUND('',#14265,.T.);
#14265 = EDGE_LOOP('',(#14266));
#14266 = ORIENTED_EDGE('',*,*,#14267,.T.);
#14267 = EDGE_CURVE('',#14268,#14268,#14270,.T.);
#14268 = VERTEX_POINT('',#14269);
#14269 = CARTESIAN_POINT('',(147.377599,-99.722896,1.51));
#14270 = CIRCLE('',#14271,0.35);
#14271 = AXIS2_PLACEMENT_3D('',#14272,#14273,#14274);
#14272 = CARTESIAN_POINT('',(147.377599,-99.372896,1.51));
#14273 = DIRECTION('',(-0.,0.,-1.));
#14274 = DIRECTION('',(-0.,-1.,0.));
#14275 = FACE_BOUND('',#14276,.T.);
#14276 = EDGE_LOOP('',(#14277));
#14277 = ORIENTED_EDGE('',*,*,#14278,.T.);
#14278 = EDGE_CURVE('',#14279,#14279,#14281,.T.);
#14279 = VERTEX_POINT('',#14280);
#14280 = CARTESIAN_POINT('',(142.508662,-91.695,1.51));
#14281 = CIRCLE('',#14282,0.475);
#14282 = AXIS2_PLACEMENT_3D('',#14283,#14284,#14285);
#14283 = CARTESIAN_POINT('',(142.508662,-91.22,1.51));
#14284 = DIRECTION('',(-0.,0.,-1.));
#14285 = DIRECTION('',(-5.983517774822E-14,-1.,0.));
#14286 = FACE_BOUND('',#14287,.T.);
#14287 = EDGE_LOOP('',(#14288));
#14288 = ORIENTED_EDGE('',*,*,#14289,.T.);
#14289 = EDGE_CURVE('',#14290,#14290,#14292,.T.);
#14290 = VERTEX_POINT('',#14291);
#14291 = CARTESIAN_POINT('',(145.008662,-91.695,1.51));
#14292 = CIRCLE('',#14293,0.475);
#14293 = AXIS2_PLACEMENT_3D('',#14294,#14295,#14296);
#14294 = CARTESIAN_POINT('',(145.008662,-91.22,1.51));
#14295 = DIRECTION('',(-0.,0.,-1.));
#14296 = DIRECTION('',(-5.983517774822E-14,-1.,0.));
#14297 = FACE_BOUND('',#14298,.T.);
#14298 = EDGE_LOOP('',(#14299));
#14299 = ORIENTED_EDGE('',*,*,#14300,.T.);
#14300 = EDGE_CURVE('',#14301,#14301,#14303,.T.);
#14301 = VERTEX_POINT('',#14302);
#14302 = CARTESIAN_POINT('',(147.508662,-91.695,1.51));
#14303 = CIRCLE('',#14304,0.475);
#14304 = AXIS2_PLACEMENT_3D('',#14305,#14306,#14307);
#14305 = CARTESIAN_POINT('',(147.508662,-91.22,1.51));
#14306 = DIRECTION('',(-0.,0.,-1.));
#14307 = DIRECTION('',(-5.983517774822E-14,-1.,0.));
#14308 = FACE_BOUND('',#14309,.T.);
#14309 = EDGE_LOOP('',(#14310));
#14310 = ORIENTED_EDGE('',*,*,#14311,.T.);
#14311 = EDGE_CURVE('',#14312,#14312,#14314,.T.);
#14312 = VERTEX_POINT('',#14313);
#14313 = CARTESIAN_POINT('',(150.008662,-91.695,1.51));
#14314 = CIRCLE('',#14315,0.475);
#14315 = AXIS2_PLACEMENT_3D('',#14316,#14317,#14318);
#14316 = CARTESIAN_POINT('',(150.008662,-91.22,1.51));
#14317 = DIRECTION('',(-0.,0.,-1.));
#14318 = DIRECTION('',(-5.983517774822E-14,-1.,0.));
#14319 = PLANE('',#14320);
#14320 = AXIS2_PLACEMENT_3D('',#14321,#14322,#14323);
#14321 = CARTESIAN_POINT('',(0.,0.,1.51));
#14322 = DIRECTION('',(0.,0.,1.));
#14323 = DIRECTION('',(1.,0.,-0.));
#14324 = ADVANCED_FACE('',(#14325),#14336,.T.);
#14325 = FACE_BOUND('',#14326,.T.);
#14326 = EDGE_LOOP('',(#14327,#14333,#14334,#14335));
#14327 = ORIENTED_EDGE('',*,*,#14328,.T.);
#14328 = EDGE_CURVE('',#13909,#14120,#14329,.T.);
#14329 = LINE('',#14330,#14331);
#14330 = CARTESIAN_POINT('',(137.345567,-88.381245,0.));
#14331 = VECTOR('',#14332,1.);
#14332 = DIRECTION('',(0.,0.,1.));
#14333 = ORIENTED_EDGE('',*,*,#14119,.T.);
#14334 = ORIENTED_EDGE('',*,*,#13842,.F.);
#14335 = ORIENTED_EDGE('',*,*,#13908,.F.);
#14336 = CYLINDRICAL_SURFACE('',#14337,0.200024922717);
#14337 = AXIS2_PLACEMENT_3D('',#14338,#14339,#14340);
#14338 = CARTESIAN_POINT('',(137.54320734026,-88.41203892157,0.));
#14339 = DIRECTION('',(0.,0.,-1.));
#14340 = DIRECTION('',(-0.988078573333,0.153950423578,0.));
#14341 = ADVANCED_FACE('',(#14342),#14353,.T.);
#14342 = FACE_BOUND('',#14343,.T.);
#14343 = EDGE_LOOP('',(#14344,#14345,#14346,#14352));
#14344 = ORIENTED_EDGE('',*,*,#13883,.T.);
#14345 = ORIENTED_EDGE('',*,*,#14224,.T.);
#14346 = ORIENTED_EDGE('',*,*,#14347,.F.);
#14347 = EDGE_CURVE('',#14006,#14217,#14348,.T.);
#14348 = LINE('',#14349,#14350);
#14349 = CARTESIAN_POINT('',(156.258662,-89.496537,0.));
#14350 = VECTOR('',#14351,1.);
#14351 = DIRECTION('',(0.,0.,1.));
#14352 = ORIENTED_EDGE('',*,*,#14013,.F.);
#14353 = CYLINDRICAL_SURFACE('',#14354,0.200109613645);
#14354 = AXIS2_PLACEMENT_3D('',#14355,#14356,#14357);
#14355 = CARTESIAN_POINT('',(156.05855240828,-89.49663069126,0.));
#14356 = DIRECTION('',(0.,0.,-1.));
#14357 = DIRECTION('',(0.154313384298,0.988021952907,0.));
#14358 = ADVANCED_FACE('',(#14359),#14370,.F.);
#14359 = FACE_BOUND('',#14360,.T.);
#14360 = EDGE_LOOP('',(#14361,#14367,#14368,#14369));
#14361 = ORIENTED_EDGE('',*,*,#14362,.T.);
#14362 = EDGE_CURVE('',#13918,#14129,#14363,.T.);
#14363 = LINE('',#14364,#14365);
#14364 = CARTESIAN_POINT('',(136.427893,-89.298918,0.));
#14365 = VECTOR('',#14366,1.);
#14366 = DIRECTION('',(0.,0.,1.));
#14367 = ORIENTED_EDGE('',*,*,#14128,.T.);
#14368 = ORIENTED_EDGE('',*,*,#14328,.F.);
#14369 = ORIENTED_EDGE('',*,*,#13917,.F.);
#14370 = CYLINDRICAL_SURFACE('',#14371,1.099998028863);
#14371 = AXIS2_PLACEMENT_3D('',#14372,#14373,#14374);
#14372 = CARTESIAN_POINT('',(136.2586645267,-88.21201534229,0.));
#14373 = DIRECTION('',(-0.,-0.,-1.));
#14374 = DIRECTION('',(0.153844342312,-0.988095095797,0.));
#14375 = ADVANCED_FACE('',(#14376),#14387,.T.);
#14376 = FACE_BOUND('',#14377,.T.);
#14377 = EDGE_LOOP('',(#14378,#14379,#14380,#14386));
#14378 = ORIENTED_EDGE('',*,*,#14347,.T.);
#14379 = ORIENTED_EDGE('',*,*,#14216,.T.);
#14380 = ORIENTED_EDGE('',*,*,#14381,.F.);
#14381 = EDGE_CURVE('',#13997,#14208,#14382,.T.);
#14382 = LINE('',#14383,#14384);
#14383 = CARTESIAN_POINT('',(156.258662,-106.927491,0.));
#14384 = VECTOR('',#14385,1.);
#14385 = DIRECTION('',(0.,0.,1.));
#14386 = ORIENTED_EDGE('',*,*,#14005,.F.);
#14387 = PLANE('',#14388);
#14388 = AXIS2_PLACEMENT_3D('',#14389,#14390,#14391);
#14389 = CARTESIAN_POINT('',(156.258662,-89.496537,0.));
#14390 = DIRECTION('',(1.,0.,-0.));
#14391 = DIRECTION('',(0.,-1.,0.));
#14392 = ADVANCED_FACE('',(#14393),#14404,.T.);
#14393 = FACE_BOUND('',#14394,.T.);
#14394 = EDGE_LOOP('',(#14395,#14401,#14402,#14403));
#14395 = ORIENTED_EDGE('',*,*,#14396,.T.);
#14396 = EDGE_CURVE('',#13927,#14138,#14397,.T.);
#14397 = LINE('',#14398,#14399);
#14398 = CARTESIAN_POINT('',(136.258662,-89.496537,0.));
#14399 = VECTOR('',#14400,1.);
#14400 = DIRECTION('',(0.,0.,1.));
#14401 = ORIENTED_EDGE('',*,*,#14137,.T.);
#14402 = ORIENTED_EDGE('',*,*,#14362,.F.);
#14403 = ORIENTED_EDGE('',*,*,#13926,.F.);
#14404 = CYLINDRICAL_SURFACE('',#14405,0.200030040798);
#14405 = AXIS2_PLACEMENT_3D('',#14406,#14407,#14408);
#14406 = CARTESIAN_POINT('',(136.45869203914,-89.49656272269,0.));
#14407 = DIRECTION('',(0.,0.,-1.));
#14408 = DIRECTION('',(-0.999999991732,1.285941619166E-04,0.));
#14409 = ADVANCED_FACE('',(#14410),#14421,.T.);
#14410 = FACE_BOUND('',#14411,.T.);
#14411 = EDGE_LOOP('',(#14412,#14413,#14414,#14420));
#14412 = ORIENTED_EDGE('',*,*,#14381,.T.);
#14413 = ORIENTED_EDGE('',*,*,#14207,.T.);
#14414 = ORIENTED_EDGE('',*,*,#14415,.F.);
#14415 = EDGE_CURVE('',#13988,#14199,#14416,.T.);
#14416 = LINE('',#14417,#14418);
#14417 = CARTESIAN_POINT('',(156.089432,-107.12511,0.));
#14418 = VECTOR('',#14419,1.);
#14419 = DIRECTION('',(0.,0.,1.));
#14420 = ORIENTED_EDGE('',*,*,#13996,.F.);
#14421 = CYLINDRICAL_SURFACE('',#14422,0.199976922852);
#14422 = AXIS2_PLACEMENT_3D('',#14423,#14424,#14425);
#14423 = CARTESIAN_POINT('',(156.05868507814,-106.9275109198,0.));
#14424 = DIRECTION('',(0.,0.,-1.));
#14425 = DIRECTION('',(0.999999995039,9.961082639674E-05,0.));
#14426 = ADVANCED_FACE('',(#14427),#14438,.T.);
#14427 = FACE_BOUND('',#14428,.T.);
#14428 = EDGE_LOOP('',(#14429,#14435,#14436,#14437));
#14429 = ORIENTED_EDGE('',*,*,#14430,.T.);
#14430 = EDGE_CURVE('',#13936,#14147,#14431,.T.);
#14431 = LINE('',#14432,#14433);
#14432 = CARTESIAN_POINT('',(136.258662,-106.927491,0.));
#14433 = VECTOR('',#14434,1.);
#14434 = DIRECTION('',(0.,0.,1.));
#14435 = ORIENTED_EDGE('',*,*,#14146,.T.);
#14436 = ORIENTED_EDGE('',*,*,#14396,.F.);
#14437 = ORIENTED_EDGE('',*,*,#13935,.F.);
#14438 = PLANE('',#14439);
#14439 = AXIS2_PLACEMENT_3D('',#14440,#14441,#14442);
#14440 = CARTESIAN_POINT('',(136.258662,-106.927491,0.));
#14441 = DIRECTION('',(-1.,0.,0.));
#14442 = DIRECTION('',(0.,1.,0.));
#14443 = ADVANCED_FACE('',(#14444),#14455,.F.);
#14444 = FACE_BOUND('',#14445,.T.);
#14445 = EDGE_LOOP('',(#14446,#14447,#14448,#14454));
#14446 = ORIENTED_EDGE('',*,*,#14415,.T.);
#14447 = ORIENTED_EDGE('',*,*,#14198,.T.);
#14448 = ORIENTED_EDGE('',*,*,#14449,.F.);
#14449 = EDGE_CURVE('',#13979,#14190,#14450,.T.);
#14450 = LINE('',#14451,#14452);
#14451 = CARTESIAN_POINT('',(155.171758,-108.042783,0.));
#14452 = VECTOR('',#14453,1.);
#14453 = DIRECTION('',(0.,0.,1.));
#14454 = ORIENTED_EDGE('',*,*,#13987,.F.);
#14455 = CYLINDRICAL_SURFACE('',#14456,1.099971338745);
#14456 = AXIS2_PLACEMENT_3D('',#14457,#14458,#14459);
#14457 = CARTESIAN_POINT('',(156.25863710054,-108.2119892849,0.));
#14458 = DIRECTION('',(-0.,-0.,-1.));
#14459 = DIRECTION('',(-0.153826826741,0.988097822776,0.));
#14460 = ADVANCED_FACE('',(#14461),#14472,.T.);
#14461 = FACE_BOUND('',#14462,.T.);
#14462 = EDGE_LOOP('',(#14463,#14469,#14470,#14471));
#14463 = ORIENTED_EDGE('',*,*,#14464,.T.);
#14464 = EDGE_CURVE('',#13944,#14155,#14465,.T.);
#14465 = LINE('',#14466,#14467);
#14466 = CARTESIAN_POINT('',(136.427893,-107.12511,0.));
#14467 = VECTOR('',#14468,1.);
#14468 = DIRECTION('',(0.,0.,1.));
#14469 = ORIENTED_EDGE('',*,*,#14154,.T.);
#14470 = ORIENTED_EDGE('',*,*,#14430,.F.);
#14471 = ORIENTED_EDGE('',*,*,#13943,.F.);
#14472 = CYLINDRICAL_SURFACE('',#14473,0.199994760336);
#14473 = AXIS2_PLACEMENT_3D('',#14474,#14475,#14476);
#14474 = CARTESIAN_POINT('',(136.45865676028,-106.9274954883,0.));
#14475 = DIRECTION('',(0.,0.,-1.));
#14476 = DIRECTION('',(-0.153822831326,-0.988098444773,-0.));
#14477 = ADVANCED_FACE('',(#14478),#14489,.T.);
#14478 = FACE_BOUND('',#14479,.T.);
#14479 = EDGE_LOOP('',(#14480,#14481,#14482,#14488));
#14480 = ORIENTED_EDGE('',*,*,#14449,.T.);
#14481 = ORIENTED_EDGE('',*,*,#14189,.T.);
#14482 = ORIENTED_EDGE('',*,*,#14483,.F.);
#14483 = EDGE_CURVE('',#13971,#14182,#14484,.T.);
#14484 = LINE('',#14485,#14486);
#14485 = CARTESIAN_POINT('',(154.974139,-108.212014,0.));
#14486 = VECTOR('',#14487,1.);
#14487 = DIRECTION('',(0.,0.,1.));
#14488 = ORIENTED_EDGE('',*,*,#13978,.F.);
#14489 = CYLINDRICAL_SURFACE('',#14490,0.200044114735);
#14490 = AXIS2_PLACEMENT_3D('',#14491,#14492,#14493);
#14491 = CARTESIAN_POINT('',(154.97410122672,-108.0119698888,0.));
#14492 = DIRECTION('',(0.,0.,-1.));
#14493 = DIRECTION('',(0.988065925026,-0.154031580533,0.));
#14494 = ADVANCED_FACE('',(#14495),#14506,.F.);
#14495 = FACE_BOUND('',#14496,.T.);
#14496 = EDGE_LOOP('',(#14497,#14503,#14504,#14505));
#14497 = ORIENTED_EDGE('',*,*,#14498,.T.);
#14498 = EDGE_CURVE('',#13953,#14164,#14499,.T.);
#14499 = LINE('',#14500,#14501);
#14500 = CARTESIAN_POINT('',(137.345567,-108.042783,0.));
#14501 = VECTOR('',#14502,1.);
#14502 = DIRECTION('',(0.,0.,1.));
#14503 = ORIENTED_EDGE('',*,*,#14163,.T.);
#14504 = ORIENTED_EDGE('',*,*,#14464,.F.);
#14505 = ORIENTED_EDGE('',*,*,#13952,.F.);
#14506 = CYLINDRICAL_SURFACE('',#14507,1.100039550394);
#14507 = AXIS2_PLACEMENT_3D('',#14508,#14509,#14510);
#14508 = CARTESIAN_POINT('',(136.25862816656,-108.2120490178,0.));
#14509 = DIRECTION('',(-0.,-0.,-1.));
#14510 = DIRECTION('',(0.988090685505,0.153872665598,-0.));
#14511 = ADVANCED_FACE('',(#14512),#14523,.T.);
#14512 = FACE_BOUND('',#14513,.T.);
#14513 = EDGE_LOOP('',(#14514,#14515,#14516,#14522));
#14514 = ORIENTED_EDGE('',*,*,#14483,.T.);
#14515 = ORIENTED_EDGE('',*,*,#14181,.T.);
#14516 = ORIENTED_EDGE('',*,*,#14517,.F.);
#14517 = EDGE_CURVE('',#13962,#14173,#14518,.T.);
#14518 = LINE('',#14519,#14520);
#14519 = CARTESIAN_POINT('',(137.543186,-108.212014,0.));
#14520 = VECTOR('',#14521,1.);
#14521 = DIRECTION('',(0.,0.,1.));
#14522 = ORIENTED_EDGE('',*,*,#13970,.F.);
#14523 = PLANE('',#14524);
#14524 = AXIS2_PLACEMENT_3D('',#14525,#14526,#14527);
#14525 = CARTESIAN_POINT('',(154.974139,-108.212014,0.));
#14526 = DIRECTION('',(0.,-1.,0.));
#14527 = DIRECTION('',(-1.,0.,0.));
#14528 = ADVANCED_FACE('',(#14529),#14535,.T.);
#14529 = FACE_BOUND('',#14530,.T.);
#14530 = EDGE_LOOP('',(#14531,#14532,#14533,#14534));
#14531 = ORIENTED_EDGE('',*,*,#14517,.T.);
#14532 = ORIENTED_EDGE('',*,*,#14172,.T.);
#14533 = ORIENTED_EDGE('',*,*,#14498,.F.);
#14534 = ORIENTED_EDGE('',*,*,#13961,.F.);
#14535 = CYLINDRICAL_SURFACE('',#14536,0.199923194854);
#14536 = AXIS2_PLACEMENT_3D('',#14537,#14538,#14539);
#14537 = CARTESIAN_POINT('',(137.54312021733,-108.0120908159,0.));
#14538 = DIRECTION('',(0.,0.,-1.));
#14539 = DIRECTION('',(3.290396764089E-04,-0.999999945866,0.));
#14540 = ADVANCED_FACE('',(#14541),#14552,.F.);
#14541 = FACE_BOUND('',#14542,.T.);
#14542 = EDGE_LOOP('',(#14543,#14544,#14550,#14551));
#14543 = ORIENTED_EDGE('',*,*,#14023,.T.);
#14544 = ORIENTED_EDGE('',*,*,#14545,.T.);
#14545 = EDGE_CURVE('',#14024,#14235,#14546,.T.);
#14546 = LINE('',#14547,#14548);
#14547 = CARTESIAN_POINT('',(145.142727,-105.118352,-4.6E-02));
#14548 = VECTOR('',#14549,1.);
#14549 = DIRECTION('',(0.,0.,1.));
#14550 = ORIENTED_EDGE('',*,*,#14234,.F.);
#14551 = ORIENTED_EDGE('',*,*,#14545,.F.);
#14552 = CYLINDRICAL_SURFACE('',#14553,0.35);
#14553 = AXIS2_PLACEMENT_3D('',#14554,#14555,#14556);
#14554 = CARTESIAN_POINT('',(145.142727,-104.768352,-4.6E-02));
#14555 = DIRECTION('',(-0.,-0.,-1.));
#14556 = DIRECTION('',(-0.,-1.,0.));
#14557 = ADVANCED_FACE('',(#14558),#14569,.F.);
#14558 = FACE_BOUND('',#14559,.T.);
#14559 = EDGE_LOOP('',(#14560,#14561,#14567,#14568));
#14560 = ORIENTED_EDGE('',*,*,#14034,.T.);
#14561 = ORIENTED_EDGE('',*,*,#14562,.T.);
#14562 = EDGE_CURVE('',#14035,#14246,#14563,.T.);
#14563 = LINE('',#14564,#14565);
#14564 = CARTESIAN_POINT('',(145.142593,-99.722571,-4.6E-02));
#14565 = VECTOR('',#14566,1.);
#14566 = DIRECTION('',(0.,0.,1.));
#14567 = ORIENTED_EDGE('',*,*,#14245,.F.);
#14568 = ORIENTED_EDGE('',*,*,#14562,.F.);
#14569 = CYLINDRICAL_SURFACE('',#14570,0.35);
#14570 = AXIS2_PLACEMENT_3D('',#14571,#14572,#14573);
#14571 = CARTESIAN_POINT('',(145.142593,-99.372571,-4.6E-02));
#14572 = DIRECTION('',(-0.,-0.,-1.));
#14573 = DIRECTION('',(-0.,-1.,0.));
#14574 = ADVANCED_FACE('',(#14575),#14586,.F.);
#14575 = FACE_BOUND('',#14576,.T.);
#14576 = EDGE_LOOP('',(#14577,#14578,#14584,#14585));
#14577 = ORIENTED_EDGE('',*,*,#14045,.T.);
#14578 = ORIENTED_EDGE('',*,*,#14579,.T.);
#14579 = EDGE_CURVE('',#14046,#14257,#14580,.T.);
#14580 = LINE('',#14581,#14582);
#14581 = CARTESIAN_POINT('',(147.377733,-105.118677,-4.6E-02));
#14582 = VECTOR('',#14583,1.);
#14583 = DIRECTION('',(0.,0.,1.));
#14584 = ORIENTED_EDGE('',*,*,#14256,.F.);
#14585 = ORIENTED_EDGE('',*,*,#14579,.F.);
#14586 = CYLINDRICAL_SURFACE('',#14587,0.35);
#14587 = AXIS2_PLACEMENT_3D('',#14588,#14589,#14590);
#14588 = CARTESIAN_POINT('',(147.377733,-104.768677,-4.6E-02));
#14589 = DIRECTION('',(-0.,-0.,-1.));
#14590 = DIRECTION('',(-0.,-1.,0.));
#14591 = ADVANCED_FACE('',(#14592),#14603,.F.);
#14592 = FACE_BOUND('',#14593,.T.);
#14593 = EDGE_LOOP('',(#14594,#14595,#14601,#14602));
#14594 = ORIENTED_EDGE('',*,*,#14056,.T.);
#14595 = ORIENTED_EDGE('',*,*,#14596,.T.);
#14596 = EDGE_CURVE('',#14057,#14268,#14597,.T.);
#14597 = LINE('',#14598,#14599);
#14598 = CARTESIAN_POINT('',(147.377599,-99.722896,-4.6E-02));
#14599 = VECTOR('',#14600,1.);
#14600 = DIRECTION('',(0.,0.,1.));
#14601 = ORIENTED_EDGE('',*,*,#14267,.F.);
#14602 = ORIENTED_EDGE('',*,*,#14596,.F.);
#14603 = CYLINDRICAL_SURFACE('',#14604,0.35);
#14604 = AXIS2_PLACEMENT_3D('',#14605,#14606,#14607);
#14605 = CARTESIAN_POINT('',(147.377599,-99.372896,-4.6E-02));
#14606 = DIRECTION('',(-0.,-0.,-1.));
#14607 = DIRECTION('',(-0.,-1.,0.));
#14608 = ADVANCED_FACE('',(#14609),#14620,.F.);
#14609 = FACE_BOUND('',#14610,.T.);
#14610 = EDGE_LOOP('',(#14611,#14612,#14618,#14619));
#14611 = ORIENTED_EDGE('',*,*,#14067,.T.);
#14612 = ORIENTED_EDGE('',*,*,#14613,.T.);
#14613 = EDGE_CURVE('',#14068,#14279,#14614,.T.);
#14614 = LINE('',#14615,#14616);
#14615 = CARTESIAN_POINT('',(142.508662,-91.695,-4.6E-02));
#14616 = VECTOR('',#14617,1.);
#14617 = DIRECTION('',(0.,0.,1.));
#14618 = ORIENTED_EDGE('',*,*,#14278,.F.);
#14619 = ORIENTED_EDGE('',*,*,#14613,.F.);
#14620 = CYLINDRICAL_SURFACE('',#14621,0.475);
#14621 = AXIS2_PLACEMENT_3D('',#14622,#14623,#14624);
#14622 = CARTESIAN_POINT('',(142.508662,-91.22,-4.6E-02));
#14623 = DIRECTION('',(-0.,-0.,-1.));
#14624 = DIRECTION('',(-5.983517774822E-14,-1.,0.));
#14625 = ADVANCED_FACE('',(#14626),#14637,.F.);
#14626 = FACE_BOUND('',#14627,.T.);
#14627 = EDGE_LOOP('',(#14628,#14629,#14635,#14636));
#14628 = ORIENTED_EDGE('',*,*,#14078,.T.);
#14629 = ORIENTED_EDGE('',*,*,#14630,.T.);
#14630 = EDGE_CURVE('',#14079,#14290,#14631,.T.);
#14631 = LINE('',#14632,#14633);
#14632 = CARTESIAN_POINT('',(145.008662,-91.695,-4.6E-02));
#14633 = VECTOR('',#14634,1.);
#14634 = DIRECTION('',(0.,0.,1.));
#14635 = ORIENTED_EDGE('',*,*,#14289,.F.);
#14636 = ORIENTED_EDGE('',*,*,#14630,.F.);
#14637 = CYLINDRICAL_SURFACE('',#14638,0.475);
#14638 = AXIS2_PLACEMENT_3D('',#14639,#14640,#14641);
#14639 = CARTESIAN_POINT('',(145.008662,-91.22,-4.6E-02));
#14640 = DIRECTION('',(-0.,-0.,-1.));
#14641 = DIRECTION('',(-5.983517774822E-14,-1.,0.));
#14642 = ADVANCED_FACE('',(#14643),#14654,.F.);
#14643 = FACE_BOUND('',#14644,.T.);
#14644 = EDGE_LOOP('',(#14645,#14646,#14652,#14653));
#14645 = ORIENTED_EDGE('',*,*,#14089,.T.);
#14646 = ORIENTED_EDGE('',*,*,#14647,.T.);
#14647 = EDGE_CURVE('',#14090,#14301,#14648,.T.);
#14648 = LINE('',#14649,#14650);
#14649 = CARTESIAN_POINT('',(147.508662,-91.695,-4.6E-02));
#14650 = VECTOR('',#14651,1.);
#14651 = DIRECTION('',(0.,0.,1.));
#14652 = ORIENTED_EDGE('',*,*,#14300,.F.);
#14653 = ORIENTED_EDGE('',*,*,#14647,.F.);
#14654 = CYLINDRICAL_SURFACE('',#14655,0.475);
#14655 = AXIS2_PLACEMENT_3D('',#14656,#14657,#14658);
#14656 = CARTESIAN_POINT('',(147.508662,-91.22,-4.6E-02));
#14657 = DIRECTION('',(-0.,-0.,-1.));
#14658 = DIRECTION('',(-5.983517774822E-14,-1.,0.));
#14659 = ADVANCED_FACE('',(#14660),#14671,.F.);
#14660 = FACE_BOUND('',#14661,.T.);
#14661 = EDGE_LOOP('',(#14662,#14663,#14669,#14670));
#14662 = ORIENTED_EDGE('',*,*,#14100,.T.);
#14663 = ORIENTED_EDGE('',*,*,#14664,.T.);
#14664 = EDGE_CURVE('',#14101,#14312,#14665,.T.);
#14665 = LINE('',#14666,#14667);
#14666 = CARTESIAN_POINT('',(150.008662,-91.695,-4.6E-02));
#14667 = VECTOR('',#14668,1.);
#14668 = DIRECTION('',(0.,0.,1.));
#14669 = ORIENTED_EDGE('',*,*,#14311,.F.);
#14670 = ORIENTED_EDGE('',*,*,#14664,.F.);
#14671 = CYLINDRICAL_SURFACE('',#14672,0.475);
#14672 = AXIS2_PLACEMENT_3D('',#14673,#14674,#14675);
#14673 = CARTESIAN_POINT('',(150.008662,-91.22,-4.6E-02));
#14674 = DIRECTION('',(-0.,-0.,-1.));
#14675 = DIRECTION('',(-5.983517774822E-14,-1.,0.));
#14676 = ( GEOMETRIC_REPRESENTATION_CONTEXT(3) 
GLOBAL_UNCERTAINTY_ASSIGNED_CONTEXT((#14680)) 
GLOBAL_UNIT_ASSIGNED_CONTEXT((#14677,#14678,#14679)) 
REPRESENTATION_CONTEXT('Context #1',
  '3D Context with UNIT and UNCERTAINTY') );
#14677 = ( LENGTH_UNIT() NAMED_UNIT(*) SI_UNIT(.MILLI.,.METRE.) );
#14678 = ( NAMED_UNIT(*) PLANE_ANGLE_UNIT() SI_UNIT($,.RADIAN.) );
#14679 = ( NAMED_UNIT(*) SI_UNIT($,.STERADIAN.) SOLID_ANGLE_UNIT() );
#14680 = UNCERTAINTY_MEASURE_WITH_UNIT(LENGTH_MEASURE(1.E-07),#14677,
  'distance_accuracy_value','confusion accuracy');
#14681 = CONTEXT_DEPENDENT_SHAPE_REPRESENTATION(#14682,#14684);
#14682 = ( REPRESENTATION_RELATIONSHIP('','',#13793,#10) 
REPRESENTATION_RELATIONSHIP_WITH_TRANSFORMATION(#14683) 
SHAPE_REPRESENTATION_RELATIONSHIP() );
#14683 = ITEM_DEFINED_TRANSFORMATION('','',#11,#59);
#14684 = PRODUCT_DEFINITION_SHAPE('Placement','Placement of an item',
  #14685);
#14685 = NEXT_ASSEMBLY_USAGE_OCCURRENCE('12','=>[0:1:1:8]','',#5,#13788,
  $);
#14686 = PRODUCT_RELATED_PRODUCT_CATEGORY('part',$,(#13790));
#14687 = MECHANICAL_DESIGN_GEOMETRIC_PRESENTATION_REPRESENTATION('',(
    #14688),#14676);
#14688 = STYLED_ITEM('color',(#14689),#13794);
#14689 = PRESENTATION_STYLE_ASSIGNMENT((#14690));
#14690 = SURFACE_STYLE_USAGE(.BOTH.,#14691);
#14691 = SURFACE_SIDE_STYLE('',(#14692));
#14692 = SURFACE_STYLE_FILL_AREA(#14693);
#14693 = FILL_AREA_STYLE('',(#14694));
#14694 = FILL_AREA_STYLE_COLOUR('',#14695);
#14695 = COLOUR_RGB('',0.313304153717,0.484529207832,0.410020903123);
ENDSEC;
END-ISO-10303-21;
